key,source_id,first_seen
000410836334a489,darktrace,2026-10-02
000fe2f22db78868,infosecurity-magazine,2026-10-02
00260d1d548d70c5,cvefeed-io,2026-10-02
0028f70e5a28b1ba,huntress,2026-10-02
0030fdd82bc75ae9,full-disclosure-seclists,2026-10-02
004d19b642f4f644,msrc-update-guide,2026-10-02
00660d65550a1b47,greynoise,2026-10-02
006d098b2dcb0de4,infosecurity-magazine,2026-10-02
00757482d76e1d1d,simbian,2026-10-02
0075e0b0bce03595,wiz,2026-10-02
0075ebd4247bf2c8,deeptempo,2026-10-02
008a22f282af01a0,securityweek,2026-10-02
00a41878ad409a55,trend-micro,2026-10-02
00b7d1356253fd90,tuskira,2026-10-02
00baae8067a14bff,exabeam,2026-10-02
00bb07a5c3dd1724,risky-business-news,2026-10-02
00d61e5cc401da06,cso-online,2026-10-02
00e76309664f3775,elastic-security-labs,2026-10-02
00f2d67454a4e528,eset-welivesecurity,2026-10-02
0103b4679f37a074,infosecurity-magazine,2026-10-02
010deb0842d960a5,exploit-db,2026-10-02
011ca32a807c09b3,exaforce,2026-10-02
0130f7c639902810,elastic-security-labs,2026-10-02
013e9bac633c6660,group-ib,2026-10-02
0152b3b274ba1e6b,elastic-security-labs,2026-10-02
016f72d3d5451121,risky-business-news,2026-10-02
0173ba611d58d18d,infosecurity-magazine,2026-10-02
017e7d4b5d6af3ab,ncsc-uk,2026-10-02
0180d99d1335ec1a,troy-hunt,2026-10-02
0185418a1aaf0c39,cribl,2026-10-02
01902995a796cfdb,ransomware-live,2026-10-02
01a66b8cb63583fd,ncsc-uk,2026-10-02
01cb4fee50f16ef7,extrahop,2026-10-02
01eb4c2483a71514,dropzone-ai,2026-10-02
01f5deb129567f37,greynoise,2026-10-02
0202196ca2914e89,wiz,2026-10-02
020cb99c23583fcb,huntress,2026-10-02
020f906495d03fce,trend-micro,2026-10-02
020fa9fb16504154,cribl,2026-10-02
0210a67a3c5bfb2a,eset-welivesecurity,2026-10-02
0212e0e16bfb383e,msrc-update-guide,2026-10-02
0214f46e5aeb5bf7,the-hacker-news,2026-10-02
023ce6b0e6c81246,group-ib,2026-10-02
023eff3b99d5ceeb,infosecurity-magazine,2026-10-02
02477f5caa780fea,securevisio,2026-10-02
024cb7e46717c211,microsoft-security-blog,2026-10-02
0254725a880e1708,the-hacker-news,2026-10-02
02577160b3d9f31d,anvilogic,2026-10-02
025f46a09d30a493,wiz,2026-10-02
02749247f620efee,tuskira,2026-10-02
029104882b272c32,horizon3-ai,2026-10-02
029b23d2b09d52c7,infosecurity-magazine,2026-10-02
02a5854cdff5ff1f,zynap,2026-10-02
02a5dca2a3d39ffc,recorded-future,2026-10-02
02a67238a6f17ae7,datadog-security-labs,2026-10-02
02b6c8781a1f33e9,huntress,2026-10-02
02d96efb40c71980,simbian,2026-10-02
031140f3f7238c4f,group-ib,2026-10-02
031689bd656e7fea,cisa-cybersecurity-advisories,2026-10-02
032a8e04535dbd40,simbian,2026-10-02
032d9a84671a6a03,msrc-update-guide,2026-10-02
0342821ac1279555,pre-security,2026-10-02
035b9c63cedf17ca,elastic-security-labs,2026-10-02
03612a48c44051e9,microsoft-security-blog,2026-10-02
03690ca9428a183b,elastic-security-labs,2026-10-02
0374cc744a598a6b,huntress,2026-10-02
0375211d6d6ffe97,rapid7,2026-10-02
03776a47da597a08,the-hacker-news,2026-10-02
037ec59484162400,wiz,2026-10-02
0389c4c92b07f1e5,huntress,2026-10-02
039f21de0c415197,zscaler,2026-10-02
03a4bfc9da061cb1,canadian-centre-for-cyber-security,2026-10-02
03abe966e8c49e86,infosecurity-magazine,2026-10-02
03b325a8ff453250,trend-micro,2026-10-02
03b5bc183e04167f,msrc-update-guide,2026-10-02
03cce5f559049e91,tuskira,2026-10-02
03d36e7483ff0923,deeptempo,2026-10-02
03e429a5d2e32a6a,simbian,2026-10-02
03e49ecbf3bbe8e7,deeptempo,2026-10-02
03e951a82dd599c6,msrc-update-guide,2026-10-02
03f501d435e81b8d,huntress,2026-10-02
03fcb6ae8f417873,darktrace,2026-10-02
040e873194468d1e,reversinglabs,2026-10-02
04103e30e21eaa64,infosecurity-magazine,2026-10-02
04183963b9d8e882,graham-cluley,2026-10-02
041e60cd8d307c33,trend-micro,2026-10-02
0420b921c752fe91,extrahop,2026-10-02
0421bb0c3b428355,prophet-security,2026-10-02
043a5f8ee62dba4b,wiz,2026-10-02
0444f867369c307d,objective-see,2026-10-02
044d75521b70a07c,elastic-security-labs,2026-10-02
0465f0c0644e9947,red-canary,2026-10-02
047eec1492e74cd1,wiz,2026-10-02
04809867d6f4076a,cert-fr-alerts,2026-10-02
04adc62f40c94deb,bitdefender-labs,2026-10-02
04b2f40c74ce4391,cert-fr-alerts,2026-10-02
04b5502cb43cfd97,socket,2026-10-02
04bed4a5314bf5f6,anvilogic,2026-10-02
04d5a07ea6feafc4,wiz,2026-10-02
04e0f1df2d389897,huntress,2026-10-02
0502111c2751464c,huntress,2026-10-02
05174359dcd420ac,msrc-update-guide,2026-10-02
051bab899d8f5d22,infosecurity-magazine,2026-10-02
0523af94c99195c0,huntress,2026-10-02
05644f293568df97,cisa-cybersecurity-advisories,2026-10-02
056751b038f7e747,zscaler,2026-10-02
05bf91032dec0f1f,huntress,2026-10-02
05cc2b4c215dd715,greynoise,2026-10-02
05d117f759ec0bed,elastic,2026-10-02
05d26f439898d664,the-hacker-news,2026-10-02
05f25569c814892f,datadog,2026-10-02
05ff004733fc3617,elastic,2026-10-02
061b92c463ea8c5f,prophet-security,2026-10-02
0622d57771253f62,simbian,2026-10-02
06257c2d4df02a70,citizen-lab,2026-10-02
06395f6e56293d52,axoflow,2026-10-02
064692977b9f759f,graham-cluley,2026-10-02
0648b67475cf3f68,ncsc-uk,2026-10-02
064d7f0409b26e20,objective-see,2026-10-02
06509805b472d17e,dropzone-ai,2026-10-02
065e0fbeb403841b,bleepingcomputer,2026-10-02
0668d9d663044216,msrc-update-guide,2026-10-02
067488c3baa0096c,group-ib,2026-10-02
067d05994f709bb8,eset-welivesecurity,2026-10-02
0694de9fec06c2e4,extrahop,2026-10-02
06ab21588e93eb7a,zynap,2026-10-02
06ae92d4f359da2e,huntress,2026-10-02
06c4a8e78ef217fd,axoflow,2026-10-02
06d4bb0624c88625,huntress,2026-10-02
06dc72ad88436f18,reversinglabs,2026-10-02
06e20fe7747492c9,msrc-update-guide,2026-10-02
06e600fecf2e41e4,threatdefence,2026-10-02
06e6c9cf5370cf4b,infosecurity-magazine,2026-10-02
06e70e0c40c8aa1c,exploit-db,2026-10-02
06fd6d3f8c459901,infosecurity-magazine,2026-10-02
06ff05e35829d417,infosecurity-magazine,2026-10-02
07026aa9776af2ab,cert-fr-alerts,2026-10-02
071cfff11a0aa27a,anvilogic,2026-10-02
0721d7d91747c381,secure-com,2026-10-02
072b50726b3df426,wiz,2026-10-02
0730212062520922,wiz,2026-10-02
073575fb54a97a5d,prophet-security,2026-10-02
07392d19d07ff9b3,wiz,2026-10-02
0749cb1c9cb055e0,the-record-recorded-future-news,2026-10-02
076891abea9ac1ee,tuskira,2026-10-02
076bfd38a2d49056,risky-business-news,2026-10-02
07861b5503ef4235,group-ib,2026-10-02
0791a742b3e218f3,eset-welivesecurity,2026-10-02
07949ac4bd369b8c,objective-see,2026-10-02
07a1587dd0347452,simbian,2026-10-02
07a2506f2bdcee0c,msrc-update-guide,2026-10-02
07a718c85214abc7,volexity,2026-10-02
07ad64426633996a,darktrace,2026-10-02
07ad934b30b9d7dd,reversinglabs,2026-10-02
07b480adf99911a4,anvilogic,2026-10-02
07bffba6c13c3fc0,greynoise,2026-10-02
07d1d57454d3e08f,aqua-nautilus,2026-10-02
07d2fd4a5a8034fb,infosecurity-magazine,2026-10-02
07d7f5ee22a1cb54,deeptempo,2026-10-02
07e1028399ebcf5e,anvilogic,2026-10-02
07ea102212671427,mitiga,2026-10-02
07fbae2eeb810b4e,infosecurity-magazine,2026-10-02
08240b88f3890ff1,anvilogic,2026-10-02
0827a33c19559c29,datadog-security-labs,2026-10-02
082f4c701eb66f6e,socket,2026-10-02
08300e979cde9897,recorded-future,2026-10-02
08303ac19c0a184a,wiz,2026-10-02
0832d3ee9c2f7021,ransomware-live,2026-10-02
085211a9b831f338,binalyze,2026-10-02
0856fff3b54143fd,greynoise,2026-10-02
085882df578d8e03,msrc-update-guide,2026-10-02
0868178b80817198,simbian,2026-10-02
086c1a7d12f4823c,huntress,2026-10-02
08864e12d92e7a0c,elastic-security-labs,2026-10-02
088b82d65deac00a,huntress,2026-10-02
08a0634e612a9b4d,elastic-security-labs,2026-10-02
08a5d00ff2aecf63,darktrace,2026-10-02
08aefa15203d7c32,cribl,2026-10-02
08bc5fdf6cae5aa1,mitiga,2026-10-02
08c0ebb84b747288,simbian,2026-10-02
08d87bcd3dfe5485,trail-of-bits,2026-10-02
08dbfc48bed9d4fb,deeptempo,2026-10-02
08ee31c6d4af561e,wiz,2026-10-02
0917cc1adfce6310,trend-micro,2026-10-02
092300a058a48fe7,cribl,2026-10-02
0924eb0d0be19125,sentinellabs,2026-10-02
092d611263463782,ransomware-live,2026-10-02
09386a4001d77a40,eset-welivesecurity,2026-10-02
094db2352e91739a,huntress,2026-10-02
0950d94b4f9e5705,msrc-update-guide,2026-10-02
09575ea4f7118d5d,trend-micro,2026-10-02
096f39db0e0b648b,sentinelone,2026-10-02
09723c3033d0a369,securevisio,2026-10-02
09820d7f178bfe9b,trail-of-bits,2026-10-02
09abf542765a49f7,darktrace,2026-10-02
09afbbbe0374b04e,ransomware-live,2026-10-02
09c86b89949e6df3,cvefeed-io,2026-10-02
09db16113a21580a,cribl,2026-10-02
09dc0decc796c524,exaforce,2026-10-02
09dcd9358e7e551c,dropzone-ai,2026-10-02
09e4a331f341713e,huntress,2026-10-02
09ec5f30fde455e1,sleuth-kit-labs,2026-10-02
09f395843eb8907a,recorded-future,2026-10-02
09faa2d7d9785a58,gurucul,2026-10-02
0a06868253f41682,cribl,2026-10-02
0a08d1576097c781,dropzone-ai,2026-10-02
0a1e518651649aa9,huntress,2026-10-02
0a20762db961f676,bitdefender-labs,2026-10-02
0a226c388d44b138,msrc-update-guide,2026-10-02
0a266a0f27b9ce6f,microsoft-sentinel,2026-10-02
0a3b1bd29a8dda93,datadog,2026-10-02
0a56adf5183d738f,group-ib,2026-10-02
0a575e8e33cfae61,imperum,2026-10-02
0a5ab42daaa87a3a,wiz,2026-10-02
0a5d452b5e58436b,elastic-security-labs,2026-10-02
0a600d19ae055dc6,sentinelone,2026-10-02
0a6257e83a62baa2,greynoise,2026-10-02
0a6c64ff7de1fb6d,axoflow,2026-10-02
0a7b6f7de6f82a69,dropzone-ai,2026-10-02
0a84366c07f74e26,msrc-update-guide,2026-10-02
0a98c5ce7fb3b8e8,huntress,2026-10-02
0aa2d6da392bf13f,extrahop,2026-10-02
0aa46862769adb07,dropzone-ai,2026-10-02
0aac56df33b92d32,reversinglabs,2026-10-02
0ac3c1d3792ce4e9,infosecurity-magazine,2026-10-02
0ae1c03d416f02d7,risky-business-news,2026-10-02
0aefda6ba45c28a0,darktrace,2026-10-02
0af060ac19b02994,objective-see,2026-10-02
0af8cf76dfa620fe,eset-welivesecurity,2026-10-02
0af99568dfd0dae7,ransomware-live,2026-10-02
0b0ca773f86db6b6,anvilogic,2026-10-02
0b3d560637264a41,wiz,2026-10-02
0b4e4f30165dea3a,group-ib,2026-10-02
0b5b1b563579415c,darktrace,2026-10-02
0b7f22becd7a4b9f,cribl,2026-10-02
0b8156b5e92a5dc4,objective-see,2026-10-02
0b9ffc93e9802d28,eset-welivesecurity,2026-10-02
0ba5fb2267fcc39d,tenzir,2026-10-02
0baaf737dc95b942,infosecurity-magazine,2026-10-02
0bc741c6920a5959,wiz,2026-10-02
0c02d54c53225144,ransomware-live,2026-10-02
0c1c37160e8b21df,security-affairs,2026-10-02
0c1ecd21c0884f69,objective-see,2026-10-02
0c389c622bc1851c,exploit-db,2026-10-02
0c4066b835acc887,cisa-cybersecurity-advisories,2026-10-02
0c472625e12636c7,dropzone-ai,2026-10-02
0c4dbf14fec48105,tuskira,2026-10-02
0c4e8c92f274ccd3,elastic-security-labs,2026-10-02
0c5a072f84e2f581,eset-welivesecurity,2026-10-02
0c6c2ca143a68aca,trail-of-bits,2026-10-02
0c6c49e3831f29e9,cribl,2026-10-02
0c6f3191550b985f,datadog-security-labs,2026-10-02
0c7616a881c1f1c4,elastic-security-labs,2026-10-02
0c788d44349edb4b,cribl,2026-10-02
0c84cd5628f44a28,greynoise,2026-10-02
0c8e5ff8e096da30,risky-business-news,2026-10-02
0c8e809d9f4d40e7,exploit-db,2026-10-02
0c91b0414e5c43b8,ransomware-live,2026-10-02
0ca7a73b95baa515,arctic-wolf,2026-10-02
0ca83ea18d6d77fe,check-point-research,2026-10-02
0cac8dcca4f50d6a,cert-cc-vulnerability-notes,2026-10-02
0cb43cc8681e85a0,wiz,2026-10-02
0cbdb2155d7e44e4,cribl,2026-10-02
0cbdbb549399f746,any-run,2026-10-02
0cc36527a4d841a0,dropzone-ai,2026-10-02
0ccba88f16e2f11b,cribl,2026-10-02
0cd08cb24d2e772b,extrahop,2026-10-02
0cedb67e60802a5f,runreveal,2026-10-02
0d0108d7966fcdd4,cribl,2026-10-02
0d016084b400bb5e,ransomware-live,2026-10-02
0d0b03d6cc0f372b,cribl,2026-10-02
0d196553d6bc1818,elastic-security-labs,2026-10-02
0d21ef7564b27b39,anvilogic,2026-10-02
0d23ec921cc4621e,huntress,2026-10-02
0d3647190a11d2b5,elastic-security-labs,2026-10-02
0d403d86d29f36ca,cybersecurity-dive,2026-10-02
0d4d9da328bf8029,darktrace,2026-10-02
0d538abb47c7f6a9,dropzone-ai,2026-10-02
0d98e098f9376508,zscaler,2026-10-02
0d9a9e8f9d7cfd84,anvilogic,2026-10-02
0d9cd23159a983de,tines,2026-10-02
0da9f50de6fd0a86,wiz,2026-10-02
0dcf67cf0f20f492,group-ib,2026-10-02
0e03095b2788c48c,ransomware-live,2026-10-02
0e03e3854517a08b,ransomware-live,2026-10-02
0e045f779832435b,recorded-future,2026-10-02
0e0804167e79acbf,wiz,2026-10-02
0e37af07260400d2,mitiga,2026-10-02
0e3ac30f612ed3e0,msrc-update-guide,2026-10-02
0e3b185584a48951,aqua-nautilus,2026-10-02
0e3d4d93b994cf0e,elastic-security-labs,2026-10-02
0e41d1e44fe61826,ransomware-live,2026-10-02
0e4c3eabe423a1be,infosecurity-magazine,2026-10-02
0e55fcaf09f26f58,cribl,2026-10-02
0e5cfe3d2ae8bc1f,msrc-update-guide,2026-10-02
0e6ce991c39776cf,embed-security,2026-10-02
0e842bec0a94f011,tenzir,2026-10-02
0ea09adb8f5642a4,datadog,2026-10-02
0ea123eeb7ee2d0f,deeptempo,2026-10-02
0ea581f24006533b,prophet-security,2026-10-02
0eb0f29885e93695,hunters,2026-10-02
0ec6c47215257c20,trend-micro,2026-10-02
0edab6fd98baf89c,cribl,2026-10-02
0edf43103725fd6a,wiz,2026-10-02
0ee0c90bf48332a2,axoflow,2026-10-02
0eea3e1c33aef716,cert-fr-alerts,2026-10-02
0eed2af9ed86b3f3,sleuth-kit-labs,2026-10-02
0efeb7103c7fec2f,msrc-update-guide,2026-10-02
0f13f69cacd1b3fc,anvilogic,2026-10-02
0f16332e0ba14986,digital-hands,2026-10-02
0f34a3f7cb337546,ransomware-live,2026-10-02
0f39a1959e30121d,exploit-db,2026-10-02
0f42708e1d2c2cb7,recorded-future,2026-10-02
0f625bcdfa97d280,google-project-zero,2026-10-02
0f635b841fd7ca28,watchtowr-labs,2026-10-02
0f6c4ad4ea38221a,elastic-security-labs,2026-10-02
0f93765c1d93d332,deeptempo,2026-10-02
0f9a2b4ca9f284cd,embed-security,2026-10-02
0fb0a0f0bb77e419,trend-micro,2026-10-02
0fb48c59d8d2d786,msrc-update-guide,2026-10-02
0fcb5c86ad9f7ca9,mitiga,2026-10-02
0fd4c58db49f6e11,msrc-update-guide,2026-10-02
100aee17995b85f4,axoflow,2026-10-02
100deaef96bf9d60,cert-fr-alerts,2026-10-02
1014ad0507846041,huntress,2026-10-02
101590055cefe2d3,embed-security,2026-10-02
1023a6a6e573945a,ransomware-live,2026-10-02
1029b1bb8e85d6f7,deeptempo,2026-10-02
104a0da8bc274c1e,trend-micro,2026-10-02
104a8b3d3e43237e,trend-micro,2026-10-02
104d20790778a60a,ransomware-live,2026-10-02
1052a1bb24cb50d2,objective-see,2026-10-02
1055d4b7aef753b4,group-ib,2026-10-02
10685bc1b9d0efbc,greynoise,2026-10-02
106a620ff625e75b,extrahop,2026-10-02
1074ebe062cb3f1d,datadog,2026-10-02
1077220d2f3d4afa,huntress,2026-10-02
1077741c900fb0ae,darktrace,2026-10-02
107c69cd13bf686c,msrc-update-guide,2026-10-02
1094d28b6d82acd6,trail-of-bits,2026-10-02
10a5b0bc833293ac,wiz,2026-10-02
10d215108b2bfc18,wiz,2026-10-02
10d3c6fd1ec67277,objective-see,2026-10-02
10ed415691d8c326,wiz,2026-10-02
10ee893b5c5fb515,the-hacker-news,2026-10-02
10eed4ea2074a617,cribl,2026-10-02
11019f096b5e2e24,cribl,2026-10-02
11103d94604fae78,dark-reading,2026-10-02
111517f93fcb6dec,msrc-update-guide,2026-10-02
111ed1fde0e82887,mitiga,2026-10-02
1127730e1ab91d57,bleepingcomputer,2026-10-02
11283602fcd16d49,check-point-research,2026-10-02
112b931bc3ca7329,cribl,2026-10-02
113adabb3b854dfb,group-ib,2026-10-02
113e22ea8f096f42,zynap,2026-10-02
114789ada6522aec,hunters,2026-10-02
11486d6ec4245e84,elastic,2026-10-02
1152ebb72e773ccf,huntress,2026-10-02
11806deadec8cade,simbian,2026-10-02
11a1fddcb60ee923,anvilogic,2026-10-02
11a650f051d76ff2,group-ib,2026-10-02
11b3b38d302fedc5,elastic-security-labs,2026-10-02
11b9727905748e61,elastic-security-labs,2026-10-02
11c92203bd3fec98,axoflow,2026-10-02
11c9e7a36d5e4cb5,ransomware-live,2026-10-02
11d8ee7dc332913d,objective-see,2026-10-02
11f9fae87cbe074a,simbian,2026-10-02
11fc7d00ed3c0ae0,cribl,2026-10-02
12375fff9138db57,cribl,2026-10-02
123ab0b9b703f2ff,cvefeed-io,2026-10-02
12421649f8495981,prophet-security,2026-10-02
12510f97d2f81980,huntress,2026-10-02
125a18e03bff65c1,check-point-research,2026-10-02
1265471e59e698cd,ransomware-live,2026-10-02
128e6c412fb9d080,msrc-update-guide,2026-10-02
12933d64586cb9aa,msrc-update-guide,2026-10-02
12991291394e0c93,group-ib,2026-10-02
12aaeef333202c76,ransomware-live,2026-10-02
12afd0f738faab1d,datadog,2026-10-02
12b1cfc82f9cfea8,exploit-db,2026-10-02
12b64ecb36136561,simbian,2026-10-02
12c1a1c6625f96dd,objective-see,2026-10-02
12d865c759462b23,sentinellabs,2026-10-02
12f422c4d516cffc,datadog,2026-10-02
12f83799ede05cf0,tenzir,2026-10-02
12fcc9d543a77ea7,infosecurity-magazine,2026-10-02
13079293cf067b36,airmdr,2026-10-02
1309166de204d528,cloudflare,2026-10-02
130b1485aaa4eacf,prophet-security,2026-10-02
13117f0ddfba1b15,google-project-zero,2026-10-02
13197b1d3611ad37,objective-see,2026-10-02
134286f598f54049,huntress,2026-10-02
1342c70da3db7ff2,red-canary,2026-10-02
135456add22084a9,cribl,2026-10-02
13591eb0387ed495,ransomware-live,2026-10-02
136c35d3ed21d050,exploit-db,2026-10-02
13701bf256be2667,wiz,2026-10-02
139cb7716e321aff,objective-see,2026-10-02
139d194617a2decd,elastic-security-labs,2026-10-02
139ef350a6283cc4,cribl,2026-10-02
13d2bd21264c9dbc,deeptempo,2026-10-02
13d3a4e58b805115,group-ib,2026-10-02
13e059bb849e027f,dark-reading,2026-10-02
13f70208c360d30a,exaforce,2026-10-02
140abe1f0c981856,threatdefence,2026-10-02
140fc2a535e48835,canadian-centre-for-cyber-security,2026-10-02
141592ec32c4b3d8,infosecurity-magazine,2026-10-02
141a79081d7ac113,elastic-security-labs,2026-10-02
143035c4aa2751db,horizon3-ai,2026-10-02
143a7ccff4778ff1,microsoft-security-blog,2026-10-02
14491d168f427d3c,security-affairs,2026-10-02
144a51be4296bbb8,greynoise,2026-10-02
144d3f7704f36aae,tuskira,2026-10-02
1453819e5f3fbe0c,axoflow,2026-10-02
145e2663b2469076,deeptempo,2026-10-02
145e408bdd20042f,cvefeed-io,2026-10-02
14673e53af5e99a9,objective-see,2026-10-02
147c2298db34829f,elastic-security-labs,2026-10-02
1482a96268c9933f,wiz,2026-10-02
14892ba13a835fa7,msrc-update-guide,2026-10-02
148d33970ff19c6f,trend-micro,2026-10-02
148d78969ae7c36b,anvilogic,2026-10-02
148f59dae3489bff,tuskira,2026-10-02
14937da2d8a2b9b0,dropzone-ai,2026-10-02
149740618896fd89,axoflow,2026-10-02
14983b601bda16ba,extrahop,2026-10-02
14a5ee3c5f6942b6,objective-see,2026-10-02
14aacbd950f68392,simbian,2026-10-02
14ab536df52a1697,huntress,2026-10-02
14b8097a27b9f65f,datadog,2026-10-02
14bb5d78b5c3b1c5,anvilogic,2026-10-02
14c02c676ebe9f04,huntress,2026-10-02
14d468820dbba03b,tuskira,2026-10-02
14dff78fd6564c40,tenzir,2026-10-02
14e46d722306c799,digital-hands,2026-10-02
14ea5601634014dd,prophet-security,2026-10-02
14f44399e2c2c3fd,elastic-security-labs,2026-10-02
1502253a048eabd8,tuskira,2026-10-02
1504cc952422160c,huntress,2026-10-02
15340c60534527bb,objective-see,2026-10-02
1540e9de7806c3a0,trend-micro,2026-10-02
154671ccc90399a7,eset-welivesecurity,2026-10-02
1548e9bda90d36d3,huntress,2026-10-02
1554a8cc225da10d,simbian,2026-10-02
155c5a72df7dcaa3,ransomware-live,2026-10-02
156133bbe0d09021,arctic-wolf,2026-10-02
156d33595b115f47,google-threat-intelligence-mandiant,2026-10-02
1572cfbc8e686593,watchtowr-labs,2026-10-02
159633c6014a706a,sc-media,2026-10-02
159eba207523afff,red-canary,2026-10-02
15ac143e626fa3ed,digital-hands,2026-10-02
15b52e2c785929c8,qualys-threat-research,2026-10-02
15bdfa20895a92b5,cybersecurity-dive,2026-10-02
15c9346a197bfa2d,wiz,2026-10-02
15cae2cfab177040,troy-hunt,2026-10-02
15cb960fb0f45297,deeptempo,2026-10-02
15cf3984d44e3bfe,elastic-security-labs,2026-10-02
15d3b56ededdc2cc,cribl,2026-10-02
15d97678fee10c22,prophet-security,2026-10-02
15e0c122220b5695,deeptempo,2026-10-02
15e1987b93df8539,infosecurity-magazine,2026-10-02
15e6cae16ac8bd37,nebulock,2026-10-02
15e8823ec29c1499,elastic-security-labs,2026-10-02
15f7138ac747b921,axoflow,2026-10-02
1602998c07309ee3,msrc-update-guide,2026-10-02
160ca78f2d4c5b3c,infosecurity-magazine,2026-10-02
16119aa882541aae,trend-micro,2026-10-02
162453b6defd0ffa,group-ib,2026-10-02
16255ea2ecf910cb,group-ib,2026-10-02
162b573e41c85f01,infosecurity-magazine,2026-10-02
163886665210be55,canadian-centre-for-cyber-security,2026-10-02
164389c9a2757fbf,expel,2026-10-02
1645e487387f477e,wiz,2026-10-02
165ae9dc8eedacc5,zscaler,2026-10-02
167fbd8a0d5ad59f,elastic-security-labs,2026-10-02
169dc9bcf194b069,huntress,2026-10-02
16aa9665a2a804b3,wiz,2026-10-02
16b5d60ea2813b07,elastic-security-labs,2026-10-02
16bdaa3cda2b854d,tenacium-dc,2026-10-02
16e5bfc6126b563b,msrc-update-guide,2026-10-02
16e68328081472af,trend-micro,2026-10-02
16e91b074e0cf259,wiz,2026-10-02
16ff192d47c25e9e,cert-fr-alerts,2026-10-02
17005e7c2dd33760,infosecurity-magazine,2026-10-02
1703a317ecc12a76,exploit-db,2026-10-02
1707dbc961667b32,malwarebytes-labs,2026-10-02
17114b202452941a,trend-micro,2026-10-02
1731a721439b2d6c,datadog,2026-10-02
173ac6b8b2be1f8a,group-ib,2026-10-02
1744e3f480e60d2c,microsoft-sentinel,2026-10-02
1747aff82be84e0f,exaforce,2026-10-02
17551016fd867fa2,eset-welivesecurity,2026-10-02
1767bbe1f8dbd6de,prophet-security,2026-10-02
1768b2022aef263f,huntress,2026-10-02
176e776fc863d963,cvefeed-io,2026-10-02
1787a1140b4f924e,the-hacker-news,2026-10-02
178ef2530a54f0a2,simbian,2026-10-02
17a5e369308ce80a,objective-see,2026-10-02
17a819cc9c7e02dc,ransomware-live,2026-10-02
17ac636fb292ab74,msrc-update-guide,2026-10-02
17b4dfe475cc3ce3,digital-hands,2026-10-02
17b7d58698b2ebe1,infosecurity-magazine,2026-10-02
17bbc5eaf5ff70aa,red-canary,2026-10-02
17be5967e6c2ed75,prophet-security,2026-10-02
17cd4db588e6d8f6,prophet-security,2026-10-02
17d4e0816623919d,huntress,2026-10-02
17d9f8c2c7981194,deeptempo,2026-10-02
17dda744c194d03c,cribl,2026-10-02
1803013cbe69248b,silent-push,2026-10-02
180e327c5c17f563,infosecurity-magazine,2026-10-02
1815fa04f69d7c29,huntress,2026-10-02
181f49cf15f90a7d,group-ib,2026-10-02
181f5ec66ff5de5e,risky-business-news,2026-10-02
181f7f6fd56838c7,cribl,2026-10-02
1838558b5cb75e45,troy-hunt,2026-10-02
184097dbc61a10af,bricklayer-ai,2026-10-02
185168ceadbc716c,huntress,2026-10-02
18574d89c0ce89ad,cribl,2026-10-02
185ccc13f78b0db4,infosecurity-magazine,2026-10-02
1864b0c4807d1c1c,wiz,2026-10-02
186d36a528c0be79,ransomware-live,2026-10-02
1871082652b2c582,anvilogic,2026-10-02
187f30220853de65,prophet-security,2026-10-02
18806ddec6a792b3,infosecurity-magazine,2026-10-02
18853003a36378be,wiz,2026-10-02
188e360e7037b97f,infosecurity-magazine,2026-10-02
1892fcf0a6a57c99,trend-micro,2026-10-02
1899626cc9657a1b,oss-security-seclists,2026-10-02
18be84b1b624bb00,seculyze,2026-10-02
18bf141d2661557c,eset-welivesecurity,2026-10-02
18c6d76a4d3b42ca,darktrace,2026-10-02
18d5ca227ff81570,huntress,2026-10-02
18e65e35d5ec7b1f,axoflow,2026-10-02
18e9caabdef746d1,cert-fr-alerts,2026-10-02
18f7890884818c37,security-affairs,2026-10-02
18f86f961ae3033d,google-threat-intelligence-mandiant,2026-10-02
19090da86d779018,elastic-security-labs,2026-10-02
1912927cd2086844,microsoft-sentinel,2026-10-02
191f01080e6b0de6,ransomware-live,2026-10-02
1931cacdbbf63fbe,darktrace,2026-10-02
194edaca398e18ad,ransomware-live,2026-10-02
19537212b85aa58c,cribl,2026-10-02
19597960dd54bb34,recorded-future,2026-10-02
19695b0733e5680a,prophet-security,2026-10-02
197665b6102ea927,infosecurity-magazine,2026-10-02
197b0addbed1e422,ransomware-live,2026-10-02
19a4f5ba0ffb05e0,prophet-security,2026-10-02
19ac0f3b11806ac3,exploit-db,2026-10-02
19aeefd75058e170,huntress,2026-10-02
19b12e4c294d0ad2,red-canary,2026-10-02
19d5607a1d3ccca6,seculyze,2026-10-02
19d66896b4029b2d,ransomware-live,2026-10-02
19d6edea0b7b30c7,elastic-security-labs,2026-10-02
19dd51fe89984854,ransomware-live,2026-10-02
19e15f0d44bc88fd,exaforce,2026-10-02
19f323e0bd3966c5,nebulock,2026-10-02
19f437d4ccd48160,cribl,2026-10-02
1a072d997d44a2d0,group-ib,2026-10-02
1a3ccfe64f150f84,mitiga,2026-10-02
1a3e3a980c0f2af6,ransomware-live,2026-10-02
1a43b18ecf2a423b,deeptempo,2026-10-02
1a472b151283ce46,ransomware-live,2026-10-02
1a49ac3776e6cf39,axoflow,2026-10-02
1a5c41dfce6da490,group-ib,2026-10-02
1a707e443cabe478,prophet-security,2026-10-02
1a8fd61ad667e6da,ransomware-live,2026-10-02
1a916d6ff6454952,huntress,2026-10-02
1a9808c38b154863,darktrace,2026-10-02
1aae56c289547b8e,elastic-security-labs,2026-10-02
1ac52cded000b4bb,greynoise,2026-10-02
1ae4f9044a32024b,msrc-update-guide,2026-10-02
1b08c23d01e7a61a,group-ib,2026-10-02
1b0a36eb4b231d26,msrc-update-guide,2026-10-02
1b22ca79b7ee50e6,citizen-lab,2026-10-02
1b287233f8baa187,simbian,2026-10-02
1b287b5bd7ab9725,elastic-security-labs,2026-10-02
1b313ea19899488f,msrc-update-guide,2026-10-02
1b3a55032038561b,bitdefender-labs,2026-10-02
1b3a73810f348622,runreveal,2026-10-02
1b3a7723d72e345b,eset-welivesecurity,2026-10-02
1b411d78b3c6a1e5,axoflow,2026-10-02
1b44c627e3a28964,check-point-research,2026-10-02
1b50f6148d79701d,anvilogic,2026-10-02
1b6901e83a45377e,red-canary,2026-10-02
1b7e6404a90b72ee,securityweek,2026-10-02
1bac9c4be1ec4863,group-ib,2026-10-02
1bb2e2ccd6062ad5,elastic-security-labs,2026-10-02
1bd9c379af4dc05a,exabeam,2026-10-02
1be64da5063847bf,underdefense,2026-10-02
1bf810a623f9ad8c,troy-hunt,2026-10-02
1c008f8dda005810,ncsc-uk,2026-10-02
1c013f8620154e47,socket,2026-10-02
1c1948a0a3fa8b5e,msrc-update-guide,2026-10-02
1c1d7ab0200204e8,cribl,2026-10-02
1c27be1c89171dc7,wiz,2026-10-02
1c2c12e7bbfcef50,elastic-security-labs,2026-10-02
1c4fee9ee834dae3,cisa-cybersecurity-advisories,2026-10-02
1c50d07292a50d0e,schneier-on-security,2026-10-02
1c5bd09a4038c5c1,reversinglabs,2026-10-02
1c77168612510bbc,anvilogic,2026-10-02
1c80f22321ebc152,risky-business-news,2026-10-02
1c8eb6f9c0318f4b,mitiga,2026-10-02
1c96f2fcfc4985a8,cribl,2026-10-02
1ca28227396ff3f2,wiz,2026-10-02
1ca80923db673288,crowdstrike,2026-10-02
1cdff8f8db5b4c3e,greynoise,2026-10-02
1ce15fa92b11924b,cribl,2026-10-02
1ce87fdba4d3a664,deeptempo,2026-10-02
1cf401929170507d,cribl,2026-10-02
1d2d9d2fd67f85f3,deeptempo,2026-10-02
1d35c9d6a5536258,darktrace,2026-10-02
1d3932096b0f51d3,objective-see,2026-10-02
1d479fdbff5f8473,group-ib,2026-10-02
1d4cb16e1974e33b,datadog,2026-10-02
1d4db55b96cac2b5,cisa-cybersecurity-advisories,2026-10-02
1d505eb8ef96efae,nebulock,2026-10-02
1d5871522ec63cdd,exaforce,2026-10-02
1d66deb3c807221a,trend-micro,2026-10-02
1d68d33919cb8820,infosecurity-magazine,2026-10-02
1d6e4b32ba8747c1,cisa-news,2026-10-02
1d7e7647b5ff6c0a,darktrace,2026-10-02
1d9b9b6cea309f35,deepwatch,2026-10-02
1d9e3889e62c89f6,dark-reading,2026-10-02
1db3da6ff7b8bfa2,anvilogic,2026-10-02
1db850ae614ed96e,wiz,2026-10-02
1dbd78cd71102e51,group-ib,2026-10-02
1dc25ff91d5946d0,group-ib,2026-10-02
1dcbdb11942630fd,zero-day-initiative,2026-10-02
1dd2899dbf61d551,group-ib,2026-10-02
1dd912ba857ef096,any-run,2026-10-02
1ddb21fd93b4b45c,trend-micro,2026-10-02
1de83cb5c0e8c514,msrc-update-guide,2026-10-02
1df8805f903416e7,ncsc-uk,2026-10-02
1e01f478a917b861,priam-cyber-ai,2026-10-02
1e03367d95246578,elastic,2026-10-02
1e1d31028840ff57,cribl,2026-10-02
1e22c936f2d8d4aa,huntress,2026-10-02
1e298084a5b1a97d,tuskira,2026-10-02
1e3136cf598b22f4,cisa-cybersecurity-advisories,2026-10-02
1e3a7f249c71b49d,the-hacker-news,2026-10-02
1e41b1ccaa77918d,msrc-update-guide,2026-10-02
1e460849fc846f51,msrc-update-guide,2026-10-02
1e5b2a17228f9469,elastic-security-labs,2026-10-02
1e675684c259ca79,group-ib,2026-10-02
1e6769d4479284d1,priam-cyber-ai,2026-10-02
1e6919037748ac8d,eset-welivesecurity,2026-10-02
1e69a51abb318775,extrahop,2026-10-02
1e76e91831530b02,elastic-security-labs,2026-10-02
1e773d58bb525ef0,group-ib,2026-10-02
1e85c2d0227ffae6,msrc-update-guide,2026-10-02
1e89c5f5b31d731b,cso-online,2026-10-02
1e8d0961d0b52606,ransomware-live,2026-10-02
1e9050d3dfbccead,huntress,2026-10-02
1e97c61544a11033,extrahop,2026-10-02
1e9cefdb8c75ec8c,wiz,2026-10-02
1ea7da1e35e6e78e,tenzir,2026-10-02
1eb12690a269c8f5,cribl,2026-10-02
1ee1f358c4c1247b,citizen-lab,2026-10-02
1ee3fd057e0000a3,objective-see,2026-10-02
1ee91c9b364940cd,simbian,2026-10-02
1ef0fe99556056ac,cribl,2026-10-02
1ef2e5a0b43a134b,canadian-centre-for-cyber-security,2026-10-02
1ef4e78593ac5cb2,axoflow,2026-10-02
1ef900d67892d700,krebs-on-security,2026-10-02
1efa4508d0ecc803,elastic-security-labs,2026-10-02
1eff29fbcfde671e,tuskira,2026-10-02
1f0e2d97a5b9ca87,deeptempo,2026-10-02
1f15512c48e6335e,infosecurity-magazine,2026-10-02
1f1a8fe1125f0007,infosecurity-magazine,2026-10-02
1f1df995fdbcfe12,cribl,2026-10-02
1f1f6152afdf0a4e,cert-fr-alerts,2026-10-02
1f3d6bee66d8181f,group-ib,2026-10-02
1f8c0ed5b70c98d2,wiz,2026-10-02
1f94875d75e2c41d,simbian,2026-10-02
1fb4e9118e22df77,reversinglabs,2026-10-02
1fb625739b8d93cc,reversinglabs,2026-10-02
1fc3547f08e0807e,datadog,2026-10-02
1fcc1ae8c715a670,cribl,2026-10-02
1fcefce86ec1e7ea,cribl,2026-10-02
1fe230b0ce21b48c,proofpoint-threat-insight,2026-10-02
1fe571833b1161b8,cert-fr-alerts,2026-10-02
1ff70cae7a4eaa4d,deeptempo,2026-10-02
2003322987df8b72,datadog-security-labs,2026-10-02
202bf0f13a34a470,elastic,2026-10-02
202c5e1e2193fa1c,dropzone-ai,2026-10-02
205079472b2d009e,datadog-security-labs,2026-10-02
2053976ee72902aa,group-ib,2026-10-02
205cbf2558980dbd,exaforce,2026-10-02
206382b68f77cbea,huntress,2026-10-02
2063d09e4476119e,objective-see,2026-10-02
206be7df4cbffa6e,msrc-update-guide,2026-10-02
20717233adee59f7,objective-see,2026-10-02
2076730129cd0400,cribl,2026-10-02
2093e327ec400c04,infosecurity-magazine,2026-10-02
2098262ccd35f8ab,ncsc-uk,2026-10-02
20b81059eaf38dfe,troy-hunt,2026-10-02
20bb14d80094a764,darktrace,2026-10-02
20bf47f0ececd0ce,deeptempo,2026-10-02
20cf4bd7ece6db40,eset-welivesecurity,2026-10-02
20e5ca8ee7a6e41e,zscaler,2026-10-02
20ec44584d953468,imperum,2026-10-02
2102216c40ca1bb6,infosecurity-magazine,2026-10-02
210ba3fd385b0a3a,ransomware-live,2026-10-02
210e95669d7c9d79,simbian,2026-10-02
211552482756040c,risky-business-news,2026-10-02
2124bce066ade9bb,cloudflare,2026-10-02
2127a1e8dbd8b96e,huntress,2026-10-02
2128e78b3591969f,nebulock,2026-10-02
212a0db5f3a77d70,anvilogic,2026-10-02
213ccaa64ec16fd1,simbian,2026-10-02
21410869d2741fd0,mitiga,2026-10-02
2163c6328250ef5f,hunters,2026-10-02
216eff4d55883915,reversinglabs,2026-10-02
217457e5b7be9098,group-ib,2026-10-02
218babd32315d226,prophet-security,2026-10-02
218c37b2a130cc46,eset-welivesecurity,2026-10-02
21934f91d8f217a6,huntress,2026-10-02
21d2d20460691dcd,dark-reading,2026-10-02
21d32f21f8b835c7,cribl,2026-10-02
21dba2ad53531857,group-ib,2026-10-02
2201cdbc78e98835,msrc-update-guide,2026-10-02
220c3e79e065d6b2,zero-day-initiative,2026-10-02
221dd444d1c861d6,horizon3-ai,2026-10-02
223f3c5e9e938075,prophet-security,2026-10-02
2245ede5293e8362,elastic-security-labs,2026-10-02
2246f45c950d2578,zscaler,2026-10-02
227e6eaeae6c0247,tenacium-dc,2026-10-02
227e8673997308a3,krebs-on-security,2026-10-02
22807517984bd2d6,cribl,2026-10-02
2299212408876828,risky-business-news,2026-10-02
22a46e499eb3ca81,deeptempo,2026-10-02
22bc3ec32c0cb78d,darktrace,2026-10-02
22c9d56aa817e965,eset-welivesecurity,2026-10-02
22cc01bb1dd2e993,darktrace,2026-10-02
22def997b61b84ac,seculyze,2026-10-02
22ea3ad264fbe536,cribl,2026-10-02
22f90175e237ce74,msrc-update-guide,2026-10-02
22fc4573745748ed,huntress,2026-10-02
23132a52d7a2eb43,mitiga,2026-10-02
231db344a12b4afb,ransomware-live,2026-10-02
2334abd643bce144,microsoft-sentinel,2026-10-02
23356b61d9f2d474,sc-media,2026-10-02
233812b2eae1a54e,wiz,2026-10-02
23593ed4dc7fe806,axoflow,2026-10-02
235b45fcaaf66d81,the-hacker-news,2026-10-02
236aa0388888e020,msrc-update-guide,2026-10-02
236ecb9b5c0906b2,darktrace,2026-10-02
237e4c307d650704,huntress,2026-10-02
238763f77fadd40d,wiz,2026-10-02
238df8b6d39d069d,the-hacker-news,2026-10-02
23ca20ff1ff1e06d,recorded-future,2026-10-02
23dc1b9f714f02bd,anvilogic,2026-10-02
23e4fba7bd36a0c5,elastic-security-labs,2026-10-02
23eada1989443c41,wiz,2026-10-02
23fc4a9b6c643f02,trail-of-bits,2026-10-02
23fcdbbf545f0794,ransomware-live,2026-10-02
2409686abf99786c,huntress,2026-10-02
240c5e75654acfa6,tuskira,2026-10-02
2413dc3477b1f220,stellar-cyber,2026-10-02
241ee616f018b144,group-ib,2026-10-02
242f8a4f20ab135b,datadog,2026-10-02
2449bd0b0725b4c2,msrc-update-guide,2026-10-02
2464ff1b5fbeb693,cloudflare,2026-10-02
24685d6427ee9feb,anvilogic,2026-10-02
246b928fb583d386,reversinglabs,2026-10-02
24723dfbd4d882a2,dropzone-ai,2026-10-02
247f7e332713e550,infosecurity-magazine,2026-10-02
2497e5f6d5d21143,rapid7,2026-10-02
24bc7df311e3eb5d,jpcert-cc,2026-10-02
24c2523c5ada44ff,darktrace,2026-10-02
24c6df238756ccba,dropzone-ai,2026-10-02
24d1e4ceb7dea4d2,infosecurity-magazine,2026-10-02
24dc54372f0ec137,ransomware-live,2026-10-02
24e86945b4b3883d,canadian-centre-for-cyber-security,2026-10-02
24ed20377cc5416b,threatdefence,2026-10-02
24eef48f88cd21f5,tuskira,2026-10-02
24f2ece4a2f04e65,msrc-update-guide,2026-10-02
24f7640fafd144dd,socket,2026-10-02
2504bd7ef2cea5cb,group-ib,2026-10-02
2508c591c67c3070,msrc-update-guide,2026-10-02
250a0b74db7d26da,eset-welivesecurity,2026-10-02
250fcb70c4a2ed5c,infosecurity-magazine,2026-10-02
251608e4557653a8,cribl,2026-10-02
2519dda888f8f774,deeptempo,2026-10-02
251b5265128c6056,anvilogic,2026-10-02
25275ca2cf057f89,wiz,2026-10-02
253848a391d67b44,msrc-update-guide,2026-10-02
253c5ca3dabcce2b,datadog-security-labs,2026-10-02
25568eabf48efe42,zero-day-initiative,2026-10-02
256a1dec23b2f88e,risky-business-news,2026-10-02
256c3335611476a0,msrc-update-guide,2026-10-02
25714c24d796814b,databricks,2026-10-02
2571a18cfcc51b61,datadog,2026-10-02
258ad1fdfdebf1e5,simbian,2026-10-02
258b2d093587ae90,msrc-update-guide,2026-10-02
25927355fb78c1d3,cribl,2026-10-02
2594bcf4f8640a2e,cert-fr-alerts,2026-10-02
2599b9fca82d0ab3,dropzone-ai,2026-10-02
25a636dc9714b22c,cribl,2026-10-02
25a8204d7f9872be,huntress,2026-10-02
25ace58d238b4a3b,axoflow,2026-10-02
25b1ebe7d626245c,tuskira,2026-10-02
25da76e658297f99,axoflow,2026-10-02
25e1c7f12818f064,deeptempo,2026-10-02
25eba9efae3f24d2,infosecurity-magazine,2026-10-02
2623d661ebd2b017,wiz,2026-10-02
262783598882be3a,infosecurity-magazine,2026-10-02
26499984fcf56d1c,msrc-update-guide,2026-10-02
2649de53cd92a5de,palo-alto-unit-42,2026-10-02
265564d72ff9a270,anvilogic,2026-10-02
2663f5095e2b568b,huntress,2026-10-02
26657b50a5210219,group-ib,2026-10-02
26663fcc4a924919,infosecurity-magazine,2026-10-02
267751d9b983b02d,crowdstrike,2026-10-02
267d0e36d98a3f16,databreaches-net,2026-10-02
268e8c7bbe39b42c,graham-cluley,2026-10-02
269cf7409780e771,zero-day-initiative,2026-10-02
26a97f55a65077c7,prophet-security,2026-10-02
26af8994e9ebee52,ransomware-live,2026-10-02
26b975ba27664dd1,deeptempo,2026-10-02
26bf0cea28e916a9,dropzone-ai,2026-10-02
26cc36978970074f,the-hacker-news,2026-10-02
26cf5594f9fd0d44,ransomware-live,2026-10-02
26d2533873164a65,axoflow,2026-10-02
26f2ba8682b1f263,ransomware-live,2026-10-02
2712a0e851998a51,citizen-lab,2026-10-02
271d3904c94326f6,huntress,2026-10-02
271d769fd3c2e60d,malwarebytes-labs,2026-10-02
272052c4b7067d82,cisa-cybersecurity-advisories,2026-10-02
27299aaf20418184,the-hacker-news,2026-10-02
272f3ca390e3fccf,msrc-update-guide,2026-10-02
2738a39ebdf0e485,tuskira,2026-10-02
273b06cb5afde33f,exaforce,2026-10-02
273f5fdd93d0deba,wiz,2026-10-02
273f9b9425ab772e,elastic-security-labs,2026-10-02
274f33583fa23f80,mitiga,2026-10-02
2757d0804579f506,underdefense,2026-10-02
2771385c1a4da43c,msrc-update-guide,2026-10-02
27806836108d6441,greynoise,2026-10-02
2781f96c54185d6e,cert-fr-alerts,2026-10-02
278b93901f96bd33,wiz,2026-10-02
279e9f23b548d2a7,wiz,2026-10-02
27a502e5ecc21a39,cribl,2026-10-02
27af80211224a24a,security-affairs,2026-10-02
27af8fa1d7e15107,troy-hunt,2026-10-02
27b201d17c3aa1eb,axoflow,2026-10-02
27c3474527ea604d,cert-fr-alerts,2026-10-02
27c76e0eb432804b,hunters,2026-10-02
27c97519eca58389,exaforce,2026-10-02
2805bbe9c0a7f57a,objective-see,2026-10-02
2825c20042e21b08,infosecurity-magazine,2026-10-02
2827b361b8e51c28,tenzir,2026-10-02
282e050c29b48ee8,help-net-security,2026-10-02
283f8791528ea347,exaforce,2026-10-02
2855310ab61c1880,group-ib,2026-10-02
2856c937e288d33d,objective-see,2026-10-02
28594b2bec10c628,microsoft-security-blog,2026-10-02
285d48a57bf4679a,deeptempo,2026-10-02
285e5e3adefd95da,eset-welivesecurity,2026-10-02
286656795ab8b6d0,simbian,2026-10-02
286833cd12585c00,elastic-security-labs,2026-10-02
286ce6a5fdfd2683,cribl,2026-10-02
28716718ce61a59e,group-ib,2026-10-02
287235bb63536c20,elastic-security-labs,2026-10-02
28799ee289c4e63c,darktrace,2026-10-02
2884efdf997c4408,huntress,2026-10-02
2890b223d11c62b3,prophet-security,2026-10-02
2896c79c78a994df,elastic-security-labs,2026-10-02
28a687201831c72a,group-ib,2026-10-02
28b8606b6e08fd9c,huntress,2026-10-02
28ca95e82af821d0,tuskira,2026-10-02
28cb154e8ad6f856,ransomware-live,2026-10-02
28d7d3ed2ffb9fab,datadog,2026-10-02
28ded129684d6aa8,the-dfir-report,2026-10-02
28dfde6d247971f5,recorded-future,2026-10-02
28e150f7725e3762,wiz,2026-10-02
2903c6db9e065cf0,wiz,2026-10-02
290fdc57f6e244da,greynoise,2026-10-02
2913841e729c883a,rapid7,2026-10-02
29157159ab69ea22,sentinelone,2026-10-02
2918284acdc5911f,recorded-future,2026-10-02
291b4a49e4fb06b6,deeptempo,2026-10-02
292ef4fc58f5ca26,elastic-security-labs,2026-10-02
29307ba54f729970,dark-reading,2026-10-02
29379e492b799fbf,cisa-cybersecurity-advisories,2026-10-02
295f95cfc279f23a,cert-eu-advisories,2026-10-02
299cd55cb9a1e292,schneier-on-security,2026-10-02
29ab53e16a939851,eset-welivesecurity,2026-10-02
29b34b5fa0705104,cribl,2026-10-02
29b80d11404f4c99,prophet-security,2026-10-02
29ba30d157d7dac3,simbian,2026-10-02
29c1cfca4dd1039f,objective-see,2026-10-02
29c4859e9f3e8746,the-hacker-news,2026-10-02
29c8f4b593c1f7dd,cribl,2026-10-02
29d3645f74b2fb62,eset-welivesecurity,2026-10-02
29d62618cb36c2d7,wiz,2026-10-02
29db6aba9e4ea558,cert-fr-alerts,2026-10-02
29dedf633695057b,datadog-security-labs,2026-10-02
29f0c8e8b88cc2c4,infosecurity-magazine,2026-10-02
29ff027aa0af2a4c,tuskira,2026-10-02
2a00fc35dc34d6ab,citizen-lab,2026-10-02
2a0603050f210881,axoflow,2026-10-02
2a1257f6c03f34e9,simbian,2026-10-02
2a12b51d981f0980,cribl,2026-10-02
2a17b85f5863df77,socket,2026-10-02
2a185cb4cbe6e47c,check-point-research,2026-10-02
2a1d2c2a44db78c1,axoflow,2026-10-02
2a1fb90af86b595f,greynoise,2026-10-02
2a1fced464bdfccb,dark-reading,2026-10-02
2a3098a2fac97ad0,trend-micro,2026-10-02
2a34f1cfe13296a5,anvilogic,2026-10-02
2a4d53b49dc62fe2,wiz,2026-10-02
2a6a67a253e6ffbe,mitiga,2026-10-02
2a865c70ef5ecdfb,ransomware-live,2026-10-02
2a886edc495fab2a,cribl,2026-10-02
2a942c9a560dc7ad,cybersecurity-dive,2026-10-02
2a9f88c2be53168a,msrc-update-guide,2026-10-02
2aac3dce4c081e2f,mitiga,2026-10-02
2ac02afabe7b1657,msrc-update-guide,2026-10-02
2ac2761290f46b8b,objective-see,2026-10-02
2ac3476cbe84b168,objective-see,2026-10-02
2ac632f3e2c9a02f,graham-cluley,2026-10-02
2adff2c8219ee144,cribl,2026-10-02
2af8465ed4e9fa03,wiz,2026-10-02
2af89156e21b2a0f,group-ib,2026-10-02
2b048a279d3614a0,simbian,2026-10-02
2b11518534e9c6b7,trend-micro,2026-10-02
2b22ab356d77b243,elastic-security-labs,2026-10-02
2b2b22328655016f,cribl,2026-10-02
2b30e4659d557ef6,full-disclosure-seclists,2026-10-02
2b342b7d7abf0cef,mitiga,2026-10-02
2b3a037e694d41cc,simbian,2026-10-02
2b497c4fb47762bd,mitiga,2026-10-02
2b619946c7abf08b,wiz,2026-10-02
2b7352fc235caa79,watchtowr-labs,2026-10-02
2b7f9ce9e15bc256,wiz,2026-10-02
2b895a65a3fe9b76,cert-fr-alerts,2026-10-02
2b92c4ceeda71991,bleepingcomputer,2026-10-02
2b9965c6f27418ca,zscaler,2026-10-02
2bb03789dad2a432,cribl,2026-10-02
2bb046948cf314de,datadog-security-labs,2026-10-02
2bb176b5765b3ccf,ransomware-live,2026-10-02
2bb278ee4b1ac8fb,axoflow,2026-10-02
2bb2ce576fbb67d8,mitiga,2026-10-02
2be2e79555e5a2f7,microsoft-security-blog,2026-10-02
2be5d68dd5b7e4ce,mitiga,2026-10-02
2bee9b3b01bc61b1,tenzir,2026-10-02
2bf1a446ad039a29,msrc-update-guide,2026-10-02
2bf218e66dd9a8b5,mitiga,2026-10-02
2bf8d15a64be1f35,palo-alto-unit-42,2026-10-02
2c00d66c6bdd8c57,msrc-update-guide,2026-10-02
2c0a187d61ab358e,rapid7,2026-10-02
2c24098183ca1798,canadian-centre-for-cyber-security,2026-10-02
2c27776323553f3c,group-ib,2026-10-02
2c30a15ca340428d,huntress,2026-10-02
2c36a5e58ea1a559,wiz,2026-10-02
2c38668d8b5156db,cribl,2026-10-02
2c3a16c81fa1a351,eset-welivesecurity,2026-10-02
2c3b564fa666d118,elastic-security-labs,2026-10-02
2c52b052f33c958e,wiz,2026-10-02
2c6c39c6898b5715,deeptempo,2026-10-02
2c9e35b1b8f5c812,msrc-update-guide,2026-10-02
2c9ef5b997ea52c6,risky-business-news,2026-10-02
2ca756fae76b271b,infosecurity-magazine,2026-10-02
2cb3f89347ac09e5,exabeam,2026-10-02
2cbac7afce725ef8,wiz,2026-10-02
2cc9ed9f12a1d8ba,nebulock,2026-10-02
2cde1a73274f43e7,risky-business-news,2026-10-02
2ce095eefee906c2,wiz,2026-10-02
2ce6020abc0bb577,msrc-update-guide,2026-10-02
2cfcd827135f7c8c,simbian,2026-10-02
2cfe72e04667a627,group-ib,2026-10-02
2d085d34d041db9b,aqua-nautilus,2026-10-02
2d471904408c6b8c,prophet-security,2026-10-02
2d4752690c6ac54f,elastic-security-labs,2026-10-02
2d476960f5e5e7ca,prophet-security,2026-10-02
2d51f3a51d2752ff,trend-micro,2026-10-02
2d58ff3052b15527,elastic-security-labs,2026-10-02
2d6bae9bbc6e01dd,ransomware-live,2026-10-02
2d6bf7d57bf9a893,objective-see,2026-10-02
2d79bdda354b83c2,greynoise,2026-10-02
2da1c675af809936,reversinglabs,2026-10-02
2da8401f0d088137,cribl,2026-10-02
2daae3c4317a49d7,zero-day-initiative,2026-10-02
2dafb89646f5568a,darktrace,2026-10-02
2db41897902b9799,exaforce,2026-10-02
2dbd4c3c8586d48d,risky-business-news,2026-10-02
2dd10fd542857ac7,cribl,2026-10-02
2dead0e4779db850,graham-cluley,2026-10-02
2df1847c045d0f28,wiz,2026-10-02
2e084cab2a77028f,huntress,2026-10-02
2e1899168e97fb88,microsoft-sentinel,2026-10-02
2e1913ad513bc915,nebulock,2026-10-02
2e54cc0428bafab5,objective-see,2026-10-02
2e5b950922580695,gurucul,2026-10-02
2e7f83f1360825a5,cvefeed-io,2026-10-02
2e92d5b0458f0949,greynoise,2026-10-02
2ec3ac5245d96586,simbian,2026-10-02
2ede903d3e840e51,infosecurity-magazine,2026-10-02
2ee389fd6ea6d7b1,huntress,2026-10-02
2ee4dc7fcf2ef3d9,troy-hunt,2026-10-02
2ef6c90fcc510d57,huntress,2026-10-02
2ef7b205caba0301,dropzone-ai,2026-10-02
2efd6c19ebd66023,airmdr,2026-10-02
2f0f3def461c5fb0,anvilogic,2026-10-02
2f148c85901f4d05,dropzone-ai,2026-10-02
2f22c31104a16139,anvilogic,2026-10-02
2f23da7a01031317,tuskira,2026-10-02
2f2800774c970063,objective-see,2026-10-02
2f3a6988704e66ad,cisa-cybersecurity-advisories,2026-10-02
2f3c825ed29cc669,ransomware-live,2026-10-02
2f482fd5a8d714ae,tuskira,2026-10-02
2f52b27c8c941930,dark-reading,2026-10-02
2f5467dbd2ddfd70,group-ib,2026-10-02
2f5994ec78e77daa,wiz,2026-10-02
2f7835e9d8b427cf,trend-micro,2026-10-02
2f7c9089e0816b5d,reversinglabs,2026-10-02
2f86a998b491c59f,prophet-security,2026-10-02
2fa6acbd860107b1,arctic-wolf,2026-10-02
2fa807354ae8aa2d,cvefeed-io,2026-10-02
2fb22e5ca7e262be,bleepingcomputer,2026-10-02
2fc0c106099d6dff,mitiga,2026-10-02
2fd947715d55cdf2,eset-welivesecurity,2026-10-02
2fe31e4a6f62b281,dropzone-ai,2026-10-02
2fe78023cd243019,msrc-update-guide,2026-10-02
301fdeb73aac9cc0,huntress,2026-10-02
3027ba04c5c6294e,eset-welivesecurity,2026-10-02
3030830c5146a242,reversinglabs,2026-10-02
3031253b860ef3af,exploit-db,2026-10-02
30677c6264436a86,cisa-news,2026-10-02
3068205b2bb62d06,huntress,2026-10-02
307f87d3d9f9d858,msrc-update-guide,2026-10-02
308509a3caca0dbf,the-hacker-news,2026-10-02
30881691a328c654,axoflow,2026-10-02
30a566b5c3733352,datadog,2026-10-02
30aaeec28b11b228,dark-reading,2026-10-02
30b308dab0f23db3,greynoise,2026-10-02
30b7f401c57ff59e,group-ib,2026-10-02
30d6f4cdafee7e37,msrc-update-guide,2026-10-02
30e85aeb925eda1c,malwarebytes-labs,2026-10-02
30f00b3c32d2c117,axoflow,2026-10-02
31130b1bbc7dca6d,reversinglabs,2026-10-02
3123082fb3883538,tines,2026-10-02
3142cd1b77c5da8a,risky-business-news,2026-10-02
3142d5f9a10c2373,trend-micro,2026-10-02
31566b359ee0d0f2,huntress,2026-10-02
315a529935fd4471,huntress,2026-10-02
315b45b47da03dca,eset-welivesecurity,2026-10-02
31789ad51f96aff2,cert-fr-alerts,2026-10-02
3178bfe756e86a57,cert-cc-vulnerability-notes,2026-10-02
318755c9e152ef36,tuskira,2026-10-02
319344e7d3b2c015,msrc-update-guide,2026-10-02
3198c5ab5430bea7,huntress,2026-10-02
319dcc57e8288855,risky-business-news,2026-10-02
31a72cdae149b202,anvilogic,2026-10-02
31bc45cf54bf816e,tenzir,2026-10-02
31c19d2c76372031,group-ib,2026-10-02
31c9546a512b073b,datadog,2026-10-02
31cfd388a2c6e6e2,infosecurity-magazine,2026-10-02
31d39bbff12c5dfd,cribl,2026-10-02
31d65ede147e9ff5,ransomware-live,2026-10-02
31db54260bd2f67f,the-hacker-news,2026-10-02
31e0e6a50de6cbd9,databreaches-net,2026-10-02
31e5a660d9f035f0,cyberscoop,2026-10-02
31eeae945d4006c3,zscaler,2026-10-02
3205dabe0d62d210,recorded-future,2026-10-02
320d74d31253e3d4,anvilogic,2026-10-02
3214028df878bb3d,datadog,2026-10-02
321ebc3b2ea81de4,huntress,2026-10-02
321f232d47f7324a,any-run,2026-10-02
32423c5982824d95,extrahop,2026-10-02
324acea80bc81b86,msrc-update-guide,2026-10-02
324d90f0cdce1301,ransomware-live,2026-10-02
3258a10d0617b4c5,ransomware-live,2026-10-02
325b3751f55844c5,objective-see,2026-10-02
3272e0fb42c9c267,risky-business-news,2026-10-02
3277702094627aa3,any-run,2026-10-02
328cd664eb596c6e,msrc-update-guide,2026-10-02
3293e9e4cac9b634,objective-see,2026-10-02
329a84516ca0a275,cert-fr-alerts,2026-10-02
32a12507899d4177,ransomware-live,2026-10-02
32a7de05ad086b19,group-ib,2026-10-02
32b86ef10c1b4ce5,cloudflare,2026-10-02
32c40686d10fddc8,risky-business-news,2026-10-02
32d1420c6924dd47,seculyze,2026-10-02
32da12cb44d3b6c6,elastic,2026-10-02
32daaed3dd2dbaf2,simbian,2026-10-02
32e6fda2afabcc9f,huntress,2026-10-02
330df04f27e6a050,crowdstrike,2026-10-02
33297817114b93e2,horizon3-ai,2026-10-02
333cd9af15c4a0cd,tenzir,2026-10-02
333eac35276de69b,ransomware-live,2026-10-02
3346fb82799f7f51,group-ib,2026-10-02
336c309f62f0a326,anvilogic,2026-10-02
336e82895cd55a5b,msrc-update-guide,2026-10-02
3387765ea3ec06dc,recorded-future,2026-10-02
3393231b9ad6358b,canadian-centre-for-cyber-security,2026-10-02
339bfc89603dfd37,sc-media,2026-10-02
339c637d90af5ba0,axoflow,2026-10-02
33ae961b97b961ef,objective-see,2026-10-02
33bbb90623dc0c47,elastic-security-labs,2026-10-02
33c88dcbaa030130,tuskira,2026-10-02
33dd6d9d4f83af72,risky-business-news,2026-10-02
33e9337b7768062a,wiz,2026-10-02
33f756c341e6a855,extrahop,2026-10-02
34086db359b978fc,cribl,2026-10-02
34135e3804284e3e,zscaler,2026-10-02
3429acace8efd7eb,msrc-update-guide,2026-10-02
343145e6e2f90209,elastic-security-labs,2026-10-02
344f32b15d4552fc,mitiga,2026-10-02
34594818a583fc7c,msrc-update-guide,2026-10-02
346dc74cef26d137,greynoise,2026-10-02
34748c65ad33b3fd,msrc-update-guide,2026-10-02
34934132813fda70,simbian,2026-10-02
349d3d873fcc3cb9,huntress,2026-10-02
34a77d5021eb20e6,cribl,2026-10-02
34b0d13dc107f18c,bitdefender-labs,2026-10-02
34b2a7eed58bea3b,ransomware-live,2026-10-02
34bdfd2a5d66c816,axoflow,2026-10-02
34cd05dc8a18233c,group-ib,2026-10-02
34d3f50e82db52d1,huntress,2026-10-02
34eacfd39105a375,group-ib,2026-10-02
3509dc59ae882bcf,red-canary,2026-10-02
35161954139346f5,msrc-update-guide,2026-10-02
352353cfc7123c76,zscaler,2026-10-02
352746a2c793951a,canadian-centre-for-cyber-security,2026-10-02
35499643c8f08885,conifers,2026-10-02
356e53cbdd2f69f9,axoflow,2026-10-02
35772de0d5cb6874,wiz,2026-10-02
357eb51d6247c510,bitdefender-labs,2026-10-02
35873944aacf15c6,group-ib,2026-10-02
358bdf69ec8f4da9,wiz,2026-10-02
359c5c1d6614bb30,red-canary,2026-10-02
35afcf7e3ab8d0f8,msrc-update-guide,2026-10-02
35b2022bab53f75a,group-ib,2026-10-02
35c7345fca02f3eb,palo-alto-networks,2026-10-02
35cf56d2a8756573,dropzone-ai,2026-10-02
35eb5d0a732f58bb,elastic-security-labs,2026-10-02
35f31a061f8fa7dd,axoflow,2026-10-02
362076ca912946ba,greynoise,2026-10-02
362a88b280727567,ncsc-uk,2026-10-02
362c22c03462736f,bleepingcomputer,2026-10-02
363134ae5a152e07,dropzone-ai,2026-10-02
36338f542759245c,wiz,2026-10-02
3635464617d0955f,digital-hands,2026-10-02
3639840e0aa15b44,canadian-centre-for-cyber-security,2026-10-02
3653b239e74c0995,silent-push,2026-10-02
3663dab6552dd515,msrc-update-guide,2026-10-02
367208b55665c7b8,tuskira,2026-10-02
3673feba062d7323,anvilogic,2026-10-02
367c248a6e134688,huntress,2026-10-02
36809fca14a8f59f,msrc-update-guide,2026-10-02
368e5e720ed63108,anvilogic,2026-10-02
36994453e55c9ce6,cribl,2026-10-02
36a4ecdb554e55f6,dropzone-ai,2026-10-02
36b20e353e7417ed,soc-prime,2026-10-02
36b899cf404a68e4,cribl,2026-10-02
36c4f46216a1eb88,darktrace,2026-10-02
36c7298798b7d3ba,cisa-cybersecurity-advisories,2026-10-02
36d294f4eefe96dd,infosecurity-magazine,2026-10-02
36d46c812ae9d818,risky-business-news,2026-10-02
36e44daa4b8a3637,priam-cyber-ai,2026-10-02
36f000fd321f4a18,huntress,2026-10-02
36f38701aa0f3e7d,cert-fr-alerts,2026-10-02
36f454904b0c03ce,huntress,2026-10-02
36fe0f9c0ca29c52,huntress,2026-10-02
3702b36dcb4d1afa,axoflow,2026-10-02
370486318b5e2c41,elastic-security-labs,2026-10-02
370becd744e954d4,ransomware-live,2026-10-02
372df54f7c3fcb0b,elastic-security-labs,2026-10-02
3731eb13247cd640,elastic-security-labs,2026-10-02
37442895cae228a2,cisa-news,2026-10-02
37583ef898133728,darktrace,2026-10-02
37584c10a08fd4dc,huntress,2026-10-02
376d0f57014f7c50,sentinelone,2026-10-02
377c4acea3cf8810,trail-of-bits,2026-10-02
377cfe5460291dd8,simbian,2026-10-02
377d2c4f4ad0aed6,wiz,2026-10-02
377f396892b1dbab,bleepingcomputer,2026-10-02
378a714dd01221b4,elastic-security-labs,2026-10-02
37a15c4f2aed3de9,group-ib,2026-10-02
37c058fd024b4149,oss-security-seclists,2026-10-02
37c166eefcd3ddf6,elastic,2026-10-02
37db3d05b8a0ef44,dropzone-ai,2026-10-02
380455eb39bb5443,huntress,2026-10-02
382caf4e1005e421,elastic-security-labs,2026-10-02
38354d906e79d076,ransomware-live,2026-10-02
383dcfa5e9f9f1e1,wiz,2026-10-02
3845369d777c6f17,dropzone-ai,2026-10-02
3849b5bc674a0bcb,deepwatch,2026-10-02
384ea499276430ca,oss-security-seclists,2026-10-02
3858e7ac2e4ca6fe,eset-welivesecurity,2026-10-02
385ff93d08890768,exploit-db,2026-10-02
386843c82eae142d,ransomware-live,2026-10-02
3876d6cb5d4e2584,trend-micro,2026-10-02
387fda11cbfe9daf,bricklayer-ai,2026-10-02
3881558a7251be35,exaforce,2026-10-02
3882f4a25a083812,sans-internet-storm-center,2026-10-02
38c463a458aa059b,huntress,2026-10-02
38cf5f37fd808628,risky-business-news,2026-10-02
38da8c3f4ad05d2a,zynap,2026-10-02
38ddda90f4eb2813,mitiga,2026-10-02
38e95a393bf15e35,eset-welivesecurity,2026-10-02
38eceac04bc01390,malwarebytes-labs,2026-10-02
390ed4fb33d34dc6,schneier-on-security,2026-10-02
391151df6c47ac8b,dropzone-ai,2026-10-02
3952a7a831b2dd03,simbian,2026-10-02
3955704e1a999946,elastic-security-labs,2026-10-02
39630ce210e36ca7,trend-micro,2026-10-02
39860986118968b8,exabeam,2026-10-02
398d9ccee5e795f9,prophet-security,2026-10-02
39973a9fb5d6e4d4,risky-business-news,2026-10-02
39b40e1e4fa988f7,elastic-security-labs,2026-10-02
39c8c9c1ac9f445e,infosecurity-magazine,2026-10-02
39cd16ab61dbe007,datadog-security-labs,2026-10-02
39d005940ed5edfc,huntress,2026-10-02
39d234c2765006c6,ransomware-live,2026-10-02
39ed6f20534f0e76,ncsc-uk,2026-10-02
39f3eb3f2bbb1717,huntress,2026-10-02
39f6656b7fe1d690,mitiga,2026-10-02
3a09c16f4ff23ae7,elastic-security-labs,2026-10-02
3a0b01b0aacbdc0d,sleuth-kit-labs,2026-10-02
3a1097f7a1f60242,anvilogic,2026-10-02
3a11cbd4947bb42b,anvilogic,2026-10-02
3a15e3de4c4e77c9,group-ib,2026-10-02
3a22600a08f88536,mitiga,2026-10-02
3a32d3def1019b4f,cert-cc-vulnerability-notes,2026-10-02
3a4b6aa04cf7ef46,infosecurity-magazine,2026-10-02
3a533d2b5ffeb564,dark-reading,2026-10-02
3a5e2fec5352e727,dark-reading,2026-10-02
3a60ee4a223373a8,deeptempo,2026-10-02
3a6c1b83c418b930,recorded-future,2026-10-02
3a72b8c24cb12e65,cso-online,2026-10-02
3a7529923fa6e523,elastic-security-labs,2026-10-02
3a7740a7c4063495,wiz,2026-10-02
3a78fef4e958c36e,the-dfir-report,2026-10-02
3a7b569916d74508,google-project-zero,2026-10-02
3a945b606d45082b,elastic-security-labs,2026-10-02
3aab8fc6bc65b09f,datadog-security-labs,2026-10-02
3abbafcc47cbb650,gurucul,2026-10-02
3aceef41be243f1b,objective-see,2026-10-02
3acfed7834e9800f,darktrace,2026-10-02
3ad40280c2b43ebe,huntress,2026-10-02
3ae0e11182727ed0,risky-business-news,2026-10-02
3ae5b62a0dd67136,huntress,2026-10-02
3aeaa11767a22b8e,cribl,2026-10-02
3af41d938555a49f,runreveal,2026-10-02
3b096f998280953d,ransomware-live,2026-10-02
3b0cb252e9dfe641,group-ib,2026-10-02
3b10ddac1e5e3e64,simbian,2026-10-02
3b13360f9708b94d,dark-reading,2026-10-02
3b161bc70eb82927,ransomware-live,2026-10-02
3b1d322e8be3daad,huntress,2026-10-02
3b2142c6a58352f6,axoflow,2026-10-02
3b30b95c24351269,datadog-security-labs,2026-10-02
3b31a617789adb3f,deeptempo,2026-10-02
3b3c8a8c7294fef6,exaforce,2026-10-02
3b3cb042be9d4002,datadog,2026-10-02
3b476785fc4c135a,wiz,2026-10-02
3b4feae8468fe031,cisa-cybersecurity-advisories,2026-10-02
3b5a9b97fd4cb7a8,greynoise,2026-10-02
3b627bfab9a95d11,greynoise,2026-10-02
3b69c6a4f5ddb30e,conifers,2026-10-02
3b6c9ab44596d0dd,bitdefender-labs,2026-10-02
3b6ed279556bc44f,infosecurity-magazine,2026-10-02
3b741741e928bf9d,ransomware-live,2026-10-02
3b7d141505a84cfe,exabeam,2026-10-02
3b9259bc74f3aeb1,mitiga,2026-10-02
3b97e9912ce4c038,group-ib,2026-10-02
3b9ccc66cf7ff61a,wiz,2026-10-02
3bacc40d7703f568,group-ib,2026-10-02
3bd2df38cbe5532f,google-threat-intelligence-mandiant,2026-10-02
3bd3a4b6b08701ac,zero-day-initiative,2026-10-02
3be71d6dd5bfc0fe,objective-see,2026-10-02
3bed194daa1d1efe,extrahop,2026-10-02
3bf0625f131fd17a,extrahop,2026-10-02
3bfd43cf083d9576,wiz,2026-10-02
3c0336f2751898d1,msrc-update-guide,2026-10-02
3c112caa5da0d338,trend-micro,2026-10-02
3c2dd5899cd716ca,tenzir,2026-10-02
3c49c427f302b313,secure-com,2026-10-02
3c4f5b6194e71fb9,greynoise,2026-10-02
3c69e2f65a07ccfb,simbian,2026-10-02
3c7492176194c1ad,huntress,2026-10-02
3c959a86814abc63,dropzone-ai,2026-10-02
3c9dee2a821005f1,mitiga,2026-10-02
3ca374567b59352b,objective-see,2026-10-02
3cb07250bc6d20a0,huntress,2026-10-02
3cb5c31e86e1e574,datadog,2026-10-02
3ceead624c833ad3,cribl,2026-10-02
3cf1ab6396d99929,cert-fr-alerts,2026-10-02
3cf34e23e8fa3aeb,wiz,2026-10-02
3cf3bdccae2c87a9,eset-welivesecurity,2026-10-02
3cf3f067807a2b4a,malwarebytes-labs,2026-10-02
3cfa00bea7a5bf7b,eset-welivesecurity,2026-10-02
3cfe2b250b262fb0,risky-business-news,2026-10-02
3d07d8ff4c1c70ec,darktrace,2026-10-02
3d10aef218ecfc44,axoflow,2026-10-02
3d16ec2314192379,shuffle,2026-10-02
3d1d8c4081d89326,simbian,2026-10-02
3d3e0ccb8a22b088,anvilogic,2026-10-02
3d5bc8132947d396,exaforce,2026-10-02
3d73e3f544f7c5f5,cert-eu-advisories,2026-10-02
3d79f0ccc0a00d48,palo-alto-networks,2026-10-02
3d852b6f14270365,simbian,2026-10-02
3d94b6e7d4b06196,trend-micro,2026-10-02
3d9c81c7d35809b4,infosecurity-magazine,2026-10-02
3da83702e14df0b8,infosecurity-magazine,2026-10-02
3db1d4a9221e2906,eset-welivesecurity,2026-10-02
3db58366143ac472,cybersecurity-dive,2026-10-02
3dba0701b6b6f351,msrc-update-guide,2026-10-02
3dbe73348ce038ce,mitiga,2026-10-02
3dc9242fa0887182,rapid7,2026-10-02
3dcab6da5a9305b6,tuskira,2026-10-02
3dcbec7140644605,wiz,2026-10-02
3dd03e34e558a2f9,zero-day-initiative,2026-10-02
3dd4b8210644fc57,wiz,2026-10-02
3df11fca3d2a184c,ncsc-uk,2026-10-02
3e0621632fb0b675,cribl,2026-10-02
3e0e6523ebd60b54,dark-reading,2026-10-02
3e0ea8f6e4bb8d6d,greynoise,2026-10-02
3e1f50e75857c1ed,dropzone-ai,2026-10-02
3e1fccea78c6b95b,infosecurity-magazine,2026-10-02
3e2c61471a5ea4c0,deeptempo,2026-10-02
3e2eca92f4abf5aa,cisco-talos,2026-10-02
3e3367a2f14566ea,group-ib,2026-10-02
3e338b6648ec0741,zero-day-initiative,2026-10-02
3e3fcd5024b6281d,simbian,2026-10-02
3e54e5051533aa3d,risky-business-news,2026-10-02
3e6280de6a2f43b3,risky-business-news,2026-10-02
3e689b0308cf639b,wiz,2026-10-02
3e6f4335ce749d6c,google-project-zero,2026-10-02
3e8c6a509f19a20c,cribl,2026-10-02
3e9306e23211827d,tuskira,2026-10-02
3e9f6a7e9c9ad13a,deeptempo,2026-10-02
3eb383d6c98d1a55,wiz,2026-10-02
3eb6d8c7575318d6,msrc-update-guide,2026-10-02
3ebb5441083bf061,group-ib,2026-10-02
3ec1c66e3d885256,pre-security,2026-10-02
3ecae02088e4f122,eset-welivesecurity,2026-10-02
3ee2f0f3068d784c,help-net-security,2026-10-02
3f02d631aff506dd,rapid7,2026-10-02
3f0456d6e77827e7,deeptempo,2026-10-02
3f0a38f970d44a13,trend-micro,2026-10-02
3f12db336d95430e,cribl,2026-10-02
3f247933818014a2,huntress,2026-10-02
3f282065ed1ef50e,eset-welivesecurity,2026-10-02
3f2dd4663fbaa9b8,prophet-security,2026-10-02
3f36aa0c4e05f605,simbian,2026-10-02
3f3e8a3cd989c50e,simbian,2026-10-02
3f470d1d5b3b8e8f,huntress,2026-10-02
3f4ff7492738a3c5,msrc-update-guide,2026-10-02
3f52dcb507907c3f,full-disclosure-seclists,2026-10-02
3f693e10ef746577,prophet-security,2026-10-02
3f6dba319e64898e,deeptempo,2026-10-02
3f9cf89307083b52,huntress,2026-10-02
3f9e69a1325fb5af,troy-hunt,2026-10-02
3faabc6e14c8f749,simbian,2026-10-02
3fadfda0ccd1c5b5,wiz,2026-10-02
3fb032c6aca6c918,infosecurity-magazine,2026-10-02
3fbe48e9db97b514,help-net-security,2026-10-02
3fea0b75c8f080cf,msrc-update-guide,2026-10-02
3ff9f93c68bdb1f3,tenzir,2026-10-02
3ffdb764dab232bf,seculyze,2026-10-02
40032b5d3da80111,group-ib,2026-10-02
4003f17475e234bf,cribl,2026-10-02
40058446aa814c42,wiz,2026-10-02
4015bb5730f2026b,msrc-update-guide,2026-10-02
40179dc7e3997127,msrc-update-guide,2026-10-02
4023d76e9db36407,elastic-security-labs,2026-10-02
4035ad9d78a08c3d,axoflow,2026-10-02
40402c2ab7a5f755,cso-online,2026-10-02
404cec8622104839,volexity,2026-10-02
405c41acc2ccca9a,check-point-research,2026-10-02
4071df0d050f5184,tuskira,2026-10-02
4071e31a8e969f42,elastic-security-labs,2026-10-02
407eb0f63b37c99b,wiz,2026-10-02
4080733117a263be,exploit-db,2026-10-02
4084c0158c9869e1,cyberscoop,2026-10-02
408d64d32c203ffe,greynoise,2026-10-02
40a2fcbd53b1bae8,ransomware-live,2026-10-02
40cf20f6e5958d4b,seculyze,2026-10-02
40d00e45b734a08a,risky-business-news,2026-10-02
40df35e1db20c8c9,cisa-cybersecurity-advisories,2026-10-02
410110a2dcd540c8,prophet-security,2026-10-02
410254a00ae2ba44,ransomware-live,2026-10-02
410ef2766b6ae0eb,elastic-security-labs,2026-10-02
4121737a90888a01,tuskira,2026-10-02
4122118715aa47fb,aqua-nautilus,2026-10-02
412a615366dde4e7,databricks,2026-10-02
413990539f237e09,anvilogic,2026-10-02
414a9e341eccd47e,elastic-security-labs,2026-10-02
414b8cc94466622d,elastic-security-labs,2026-10-02
41541d8a29feada7,elastic-security-labs,2026-10-02
41555519593a894c,cribl,2026-10-02
415d5f7e4f059cb5,dropzone-ai,2026-10-02
41651c91cff87eda,infosecurity-magazine,2026-10-02
4167c8ecc868c5be,darktrace,2026-10-02
41801a760015ec7b,deepwatch,2026-10-02
418747a471b6fae7,deeptempo,2026-10-02
418da59829714878,dropzone-ai,2026-10-02
419c3d9c8c7129de,wiz,2026-10-02
41b33f44f2abd4f9,greynoise,2026-10-02
41bdb3c5a680d1ff,exaforce,2026-10-02
41c5a19634f266b4,cybersecurity-dive,2026-10-02
41c5c2e079e789ac,elastic-security-labs,2026-10-02
41dadd5dc1dd5455,elastic-security-labs,2026-10-02
41e0ce02a0e69f72,ransomware-live,2026-10-02
41f4898265606112,huntress,2026-10-02
41f61e32068ba336,risky-business-news,2026-10-02
423bae1fbafd1052,cloudflare,2026-10-02
423ec330c596aa73,anvilogic,2026-10-02
424351e23120e277,msrc-update-guide,2026-10-02
4279a2642600b6b3,the-hacker-news,2026-10-02
4281e0a529fd926d,binalyze,2026-10-02
4289d58aab7c77ec,canadian-centre-for-cyber-security,2026-10-02
428b33438fc2c95c,threatdefence,2026-10-02
4291e98df415b571,cisa-cybersecurity-advisories,2026-10-02
4295ebe1d07e15f2,prophet-security,2026-10-02
42a60e24a33311ac,darktrace,2026-10-02
42b5b5fc615ffa3c,group-ib,2026-10-02
42c8654eb3d3cac3,cribl,2026-10-02
42d7d50a9109dcec,krebs-on-security,2026-10-02
42dda4cff94b5c5b,mitiga,2026-10-02
42f673b9d9056aae,risky-business-news,2026-10-02
42f96d8332d9cc00,group-ib,2026-10-02
4306f230cd1e19c2,group-ib,2026-10-02
4308cdf53dd6f09b,elastic-security-labs,2026-10-02
4316f3f93d13b466,group-ib,2026-10-02
43199d1ae69e9d8a,elastic-security-labs,2026-10-02
431c4a737801bc57,greynoise,2026-10-02
432648189c143fc4,huntress,2026-10-02
433708c89e7416d8,wiz,2026-10-02
433c73fa7e4763d3,elastic-security-labs,2026-10-02
433ff1e44335577b,cribl,2026-10-02
43439a27706f38f5,reversinglabs,2026-10-02
434d4cc347620160,cisa-cybersecurity-advisories,2026-10-02
43555731a93ba121,zscaler,2026-10-02
436aaa4d4ceaf5d5,infosecurity-magazine,2026-10-02
437951ae4e9cdb39,darktrace,2026-10-02
43983d716db45223,axoflow,2026-10-02
439ca7bf51cc6e71,dropzone-ai,2026-10-02
43aaadeab2e03e4f,eset-welivesecurity,2026-10-02
43b2b7850db49bd9,elastic-security-labs,2026-10-02
43bc36fc1f70d4a0,axoflow,2026-10-02
43be7a30f524a13e,tuskira,2026-10-02
43de1ca256b7941f,databreaches-net,2026-10-02
43e5818cf9c5e51a,conifers,2026-10-02
43e5fd89bfd21759,malwarebytes-labs,2026-10-02
43e82680da4306c1,group-ib,2026-10-02
43e93141e8b79d1b,wiz,2026-10-02
43f9182a0c3f3262,nebulock,2026-10-02
43f91c2d558fbfc6,msrc-update-guide,2026-10-02
43ff3ebbe041efb7,group-ib,2026-10-02
4401c3c0d051d8c9,shuffle,2026-10-02
4436caccdd49b231,msrc-update-guide,2026-10-02
44376832ef561452,greynoise,2026-10-02
4444fc8279d3ea4e,elastic-security-labs,2026-10-02
444b45485844d93b,msrc-update-guide,2026-10-02
4451ef54782e623d,group-ib,2026-10-02
445bc01252a6574c,secure-com,2026-10-02
44611611dd56e457,prophet-security,2026-10-02
44664c48bd6af567,wiz,2026-10-02
446ca4c73051cfe4,prophet-security,2026-10-02
44793f5e8f03adce,extrahop,2026-10-02
448ed94bf5562489,objective-see,2026-10-02
44a0114cd18a6c02,group-ib,2026-10-02
44abdd64958d5e60,cribl,2026-10-02
44b618963096dccd,reversinglabs,2026-10-02
44b9dd173b6dd042,the-hacker-news,2026-10-02
44d321c0159d7b55,elastic-security-labs,2026-10-02
44d9cd3b0072503b,tuskira,2026-10-02
44da1dc151b48e16,objective-see,2026-10-02
44e4222a80eff8db,trend-micro,2026-10-02
44e936f096db94b8,greynoise,2026-10-02
4509b3e2717c5697,cybersecurity-dive,2026-10-02
451be22c4e721af8,dropzone-ai,2026-10-02
4520f948a1c108d6,cribl,2026-10-02
453a2a10fdb71a8c,simbian,2026-10-02
45507812f4d56c9d,mitiga,2026-10-02
455d5107cb3d3a4b,airmdr,2026-10-02
4561eea13d9a7297,dark-reading,2026-10-02
45629094a70767e1,imperum,2026-10-02
45745c88ed556cd2,cso-online,2026-10-02
45964b7a82f02baf,huntress,2026-10-02
459eca2bf662e6d7,huntress,2026-10-02
45a009211668c470,elastic-security-labs,2026-10-02
45a39053f636172f,qualys-threat-research,2026-10-02
45afa24e57608b02,risky-business-news,2026-10-02
45bb64651bd4732f,sc-media,2026-10-02
45d6ab2283541ce5,greynoise,2026-10-02
45f4cc88ddb41dc7,full-disclosure-seclists,2026-10-02
45f8f308877bfa12,group-ib,2026-10-02
45fc1fe7c5c6f9b2,ransomware-live,2026-10-02
460ea4ea8f590f89,objective-see,2026-10-02
46189eea1a3522f9,wiz,2026-10-02
46244a48461cb2dc,darktrace,2026-10-02
46370e9521ed4073,imperum,2026-10-02
4639285434f84f4c,tuskira,2026-10-02
4640a9e7969edad6,cribl,2026-10-02
4648f571d0b03080,deeptempo,2026-10-02
46547e316a11f225,nebulock,2026-10-02
465fecfc44cc7880,infosecurity-magazine,2026-10-02
4666c9f1fd85cb3d,google-threat-intelligence-mandiant,2026-10-02
467960995cb73ba5,elastic-security-labs,2026-10-02
467ba0ab8b919871,deeptempo,2026-10-02
4685f4b174eb89a9,wiz,2026-10-02
469b9b8e2756a8a0,dark-reading,2026-10-02
46b9f2298ff6f8cc,huntress,2026-10-02
46bc5ee8b1293260,darktrace,2026-10-02
46c072fc3646f595,huntress,2026-10-02
46c17ee3ed523b09,trend-micro,2026-10-02
46c3a8277f1509e4,eset-welivesecurity,2026-10-02
46c3b7771391f0f3,mitiga,2026-10-02
46c4e2020645f9b5,group-ib,2026-10-02
46cc88f1b68e9245,prophet-security,2026-10-02
46f76122d16a1c34,deeptempo,2026-10-02
46f9ae7612dc6b4b,the-hacker-news,2026-10-02
471e4bfcb19aff40,greynoise,2026-10-02
47269bd9d69bf935,prophet-security,2026-10-02
472aba1ba9010b81,cribl,2026-10-02
473aeac4c40fea53,tenex-ai,2026-10-02
474ff4cf59420d8d,canadian-centre-for-cyber-security,2026-10-02
4751b42052d8ea11,sentinellabs,2026-10-02
4752f5de9e37d8a5,zero-day-initiative,2026-10-02
4753b9d6abf2f8e4,wiz,2026-10-02
476d0da893d7314a,ransomware-live,2026-10-02
476d8a860a9e1432,underdefense,2026-10-02
4771a1dffd2ba7c9,elastic-security-labs,2026-10-02
4773f8ec219a6eda,google-project-zero,2026-10-02
477b69d19e957d88,ransomware-live,2026-10-02
47a17ffba7f2b096,ransomware-live,2026-10-02
47c2fd8b73bac3de,exploit-db,2026-10-02
47ca436ef57ff450,simbian,2026-10-02
47caee2c81733544,objective-see,2026-10-02
47cb0f0cb3e8b04f,infosecurity-magazine,2026-10-02
47cf7b5d49a9d487,the-hacker-news,2026-10-02
47d1ec9f5241b3b3,tuskira,2026-10-02
47e7133e2544ebfb,objective-see,2026-10-02
47ec4eeacec59335,cribl,2026-10-02
4808f2ef4df789b5,cribl,2026-10-02
480a75acdd263e16,group-ib,2026-10-02
480da4f27d89d4ef,dropzone-ai,2026-10-02
4815c703d7e690c4,huntress,2026-10-02
4836fc2df1f7a33b,datadog,2026-10-02
484408d68481284c,recorded-future,2026-10-02
484e02b25dd250c6,wiz,2026-10-02
4858fccb08134041,wiz,2026-10-02
4863457d1838a2e8,darktrace,2026-10-02
487cffd9c9b47992,datadog,2026-10-02
4889e44a0078f368,wiz,2026-10-02
488bc831354afb62,trend-micro,2026-10-02
488e753dd34ed1ea,simbian,2026-10-02
488f85c4afb85401,infosecurity-magazine,2026-10-02
4892651bb83eb770,wiz,2026-10-02
489559ab8210f87f,axoflow,2026-10-02
48996fdd45ee63b1,objective-see,2026-10-02
48f1365d2800e0e4,msrc-update-guide,2026-10-02
48f65962871c3e67,ransomware-live,2026-10-02
48fb1b05e049abc5,anvilogic,2026-10-02
48fccfd1e70cb7b5,sc-media,2026-10-02
49135b0d4ddd9655,cribl,2026-10-02
49188f3a11234177,help-net-security,2026-10-02
4929da3194da1e83,elastic-security-labs,2026-10-02
492e2c5023f04265,infosecurity-magazine,2026-10-02
492f32d95fe08f5f,ransomware-live,2026-10-02
493a6518e51861cc,exaforce,2026-10-02
493f1a500079bb6f,shuffle,2026-10-02
4942ba5a933846b5,cribl,2026-10-02
494389e353c635b1,objective-see,2026-10-02
494dc571ee07bdcc,microsoft-sentinel,2026-10-02
49653c42e53988ba,anvilogic,2026-10-02
4965cbc843825531,elastic-security-labs,2026-10-02
498b32169e817ee8,trend-micro,2026-10-02
499513c7c2f35851,msrc-update-guide,2026-10-02
499be3027a3a5f5c,ransomware-live,2026-10-02
49cb1ba42f2ce91c,elastic-security-labs,2026-10-02
49f2ca3528adefe5,ncsc-uk,2026-10-02
4a0a697b3e8ef48e,tenable,2026-10-02
4a1701f070aeef46,greynoise,2026-10-02
4a1f694a149277f1,cribl,2026-10-02
4a21c827c71d74ec,datadog-security-labs,2026-10-02
4a30b95f97f62498,cribl,2026-10-02
4a56ff3b503650e4,mitiga,2026-10-02
4a582e14fcee9b1a,wiz,2026-10-02
4a617969b1d1841c,infosecurity-magazine,2026-10-02
4a72f7c9328b69bf,eset-welivesecurity,2026-10-02
4a7b1e36016ceaa8,huntress,2026-10-02
4a7fe5b0e170ca9a,elastic-security-labs,2026-10-02
4a829c5bf2bd3109,cribl,2026-10-02
4a84b32afdc92fc2,huntress,2026-10-02
4a8d83e98e776345,prophet-security,2026-10-02
4a954780704166c5,trend-micro,2026-10-02
4ab230a1e64aa54e,wiz,2026-10-02
4ac7a41c8a2db010,objective-see,2026-10-02
4aca44644ef1f8f4,infosecurity-magazine,2026-10-02
4af18d920559653c,axoflow,2026-10-02
4af5a5992bfdceaa,tuskira,2026-10-02
4af8f15971d2ae5a,group-ib,2026-10-02
4b16c7825c6995ec,prophet-security,2026-10-02
4b2493c39baddbe0,cribl,2026-10-02
4b2fac3ff0d99c0e,cert-eu-advisories,2026-10-02
4b355a8761a54f58,group-ib,2026-10-02
4b4150c7368042fd,wiz,2026-10-02
4b422decc37c9107,cribl,2026-10-02
4b45b41f4dcb4158,simbian,2026-10-02
4b59ac66c133becf,huntress,2026-10-02
4b6f80c6447abdf4,wiz,2026-10-02
4b77b2ef3860df74,datadog,2026-10-02
4b790b48906fce30,wiz,2026-10-02
4b838484dce18fbc,huntress,2026-10-02
4b86458bbe74922c,group-ib,2026-10-02
4b931b94d813be7c,group-ib,2026-10-02
4b964147524dbb6e,group-ib,2026-10-02
4b9b5179c3de8523,huntress,2026-10-02
4ba3a72240727197,elastic-security-labs,2026-10-02
4ba71a8a087bb9c6,wiz,2026-10-02
4ba75f34d272537f,full-disclosure-seclists,2026-10-02
4bc6e888c4ea0b4c,troy-hunt,2026-10-02
4bcb43c831e44e78,prophet-security,2026-10-02
4bd173b9773a5c5c,prophet-security,2026-10-02
4bdd68948ee2e745,cribl,2026-10-02
4be4ccaea92a9d28,secure-com,2026-10-02
4be889e2481185d4,cribl,2026-10-02
4bfbcfe9ff10625f,extrahop,2026-10-02
4c28e2d6054c9da7,greynoise,2026-10-02
4c3094c6a482be0b,deeptempo,2026-10-02
4c455a15f18d1754,soc-prime,2026-10-02
4c4cb6380811cfc6,cisco-talos,2026-10-02
4c561f811aaf50b0,zscaler,2026-10-02
4c5f9c578e027544,reversinglabs,2026-10-02
4c6a1ac7942428b7,prophet-security,2026-10-02
4c9075bc88248935,huntress,2026-10-02
4c9525ce9e422b93,mitiga,2026-10-02
4c991a57e3806ee8,nebulock,2026-10-02
4cb02bd8a6c62d99,watchtowr-labs,2026-10-02
4cb09787f7356bd1,volexity,2026-10-02
4cb6225937f6c175,lab52,2026-10-02
4cc522306bcafff4,exaforce,2026-10-02
4ce5e6d2f6dad7e3,infosecurity-magazine,2026-10-02
4d0501d7b942a38b,elastic-security-labs,2026-10-02
4d340ede87ff6890,ransomware-live,2026-10-02
4d35a34035eccb5e,databricks,2026-10-02
4d379a562f1f2d46,cert-fr-alerts,2026-10-02
4d43b6c7b064be13,cisco-talos,2026-10-02
4d442a849027ef54,deeptempo,2026-10-02
4d447403a679bd2c,dropzone-ai,2026-10-02
4d52bc7b030973c1,eset-welivesecurity,2026-10-02
4d5534fdce7d3c23,objective-see,2026-10-02
4d59a4a10926c4aa,prophet-security,2026-10-02
4d71276d158a9e32,group-ib,2026-10-02
4d76f46be66343ac,elastic-security-labs,2026-10-02
4d77f1db3d1854a2,zynap,2026-10-02
4d8de188d09d7b3b,datadog,2026-10-02
4da5a22bacf27ee6,bleepingcomputer,2026-10-02
4daea8e1eb0ebeb0,anvilogic,2026-10-02
4db12e96cbfb4291,google-threat-intelligence-mandiant,2026-10-02
4db2c94ea5a05a6c,embed-security,2026-10-02
4db41c0dc95c8ee7,wiz,2026-10-02
4dc684cf70dc4a54,ransomware-live,2026-10-02
4dc83524d88b165a,wiz,2026-10-02
4ddec023bb00b6f9,wiz,2026-10-02
4de3426fb549aed1,msrc-update-guide,2026-10-02
4e19275ce4f6d941,elastic-security-labs,2026-10-02
4e237b4ce8ca6ab9,axoflow,2026-10-02
4e2be98c9d0b8305,simbian,2026-10-02
4e2e4ea3e3eb6ad9,huntress,2026-10-02
4e311fb1cb916bed,citizen-lab,2026-10-02
4e35bffda6debf79,hunters,2026-10-02
4e4688661f0f7138,ransomware-live,2026-10-02
4e492a2f705e123c,ransomware-live,2026-10-02
4e549c8c8099d26c,artemis,2026-10-02
4e572b543f86f2c0,simbian,2026-10-02
4e65106b8d04c855,silent-push,2026-10-02
4e66d2f4c5651bdd,group-ib,2026-10-02
4e863af2bcacd13d,rapid7,2026-10-02
4e91839ed4c2f811,canadian-centre-for-cyber-security,2026-10-02
4e93802753c25b60,dark-reading,2026-10-02
4e967dbc181782f7,group-ib,2026-10-02
4ea150eb8d8e69f5,recorded-future,2026-10-02
4eae25adb5e1a041,cvefeed-io,2026-10-02
4eaef44ed238bba9,simbian,2026-10-02
4eb1914761b21801,wiz,2026-10-02
4ec4226e85e4d8e9,elastic-security-labs,2026-10-02
4ec633dfd15fd73f,zscaler,2026-10-02
4ed88c0d37f6dd52,group-ib,2026-10-02
4ee5ce2db4f4874e,elastic-security-labs,2026-10-02
4ee5d510212ae928,elastic-security-labs,2026-10-02
4ef0b94832e136bd,group-ib,2026-10-02
4efbe3725aa35312,infosecurity-magazine,2026-10-02
4f02a2885e4e285d,trail-of-bits,2026-10-02
4f076dd92988f10c,infosecurity-magazine,2026-10-02
4f1bf8a2c17a0fe5,check-point-research,2026-10-02
4f1dad5574419244,huntress,2026-10-02
4f49ca58cb44ba0d,cribl,2026-10-02
4f5209cc4c0acc70,deepwatch,2026-10-02
4f61b2746b32d645,mitiga,2026-10-02
4f6afcd51873e9b7,deeptempo,2026-10-02
4f6d697e841b86a7,elastic-security-labs,2026-10-02
4f74c9f261711d77,wiz,2026-10-02
4f77dd22a1502166,huntress,2026-10-02
4f7b13aa8299316b,wiz,2026-10-02
4f9618ff9fd38787,group-ib,2026-10-02
4fa305b5240d7d37,schneier-on-security,2026-10-02
4fa8843911f65983,tuskira,2026-10-02
4facb8850d02b4de,msrc-update-guide,2026-10-02
4fb16255758d26c3,cribl,2026-10-02
4fb56d723002e269,wiz,2026-10-02
4fbfa40c3f65c70e,cert-eu-advisories,2026-10-02
4fc87be96261f28e,wiz,2026-10-02
4fca73778731fc06,msrc-update-guide,2026-10-02
4fd4f8b7479ca310,ransomware-live,2026-10-02
4fd69f1449a6f9ad,infosecurity-magazine,2026-10-02
4fdf2361dcb69c0a,simbian,2026-10-02
4fdf7259319946b8,objective-see,2026-10-02
4fe88138753478cd,greynoise,2026-10-02
4ff2428533e69004,sentinelone,2026-10-02
4ff2be72d2bda39f,risky-business-news,2026-10-02
4ff916f56721ffa1,wiz,2026-10-02
4ffbe9b99a5f55d9,jpcert-cc,2026-10-02
4ffc236f1b577fd2,trend-micro,2026-10-02
5004719aa30050d7,help-net-security,2026-10-02
500c6e640c34b65f,infosecurity-magazine,2026-10-02
502138c25d700f99,objective-see,2026-10-02
5021d44ba05c92c1,group-ib,2026-10-02
5031c2ece948bcdc,bricklayer-ai,2026-10-02
50397fa14c669c7a,risky-business-news,2026-10-02
503ee3b185ef197e,deeptempo,2026-10-02
504c81ac7e168bf2,exploit-db,2026-10-02
50535a7058dd06bb,datadog,2026-10-02
508ea6d996c10a3f,datadog-security-labs,2026-10-02
509db7495b2f2074,reversinglabs,2026-10-02
50a1c313d24f9475,huntress,2026-10-02
50f8800c5ec2e500,elastic-security-labs,2026-10-02
50f91049a0259178,exaforce,2026-10-02
50fc3946db655a4d,group-ib,2026-10-02
51043e1b9c5f9c77,infosecurity-magazine,2026-10-02
51206e7543051291,msrc-update-guide,2026-10-02
512a984154888e67,eset-welivesecurity,2026-10-02
5132a30b4b026093,msrc-update-guide,2026-10-02
5134a60a8e242569,huntress,2026-10-02
5141240f05ad2f75,risky-business-news,2026-10-02
5151ba446fce77d8,mitiga,2026-10-02
5154cdeac9d784ed,risky-business-news,2026-10-02
51582a4a4d1862e7,tuskira,2026-10-02
516696ff3677d446,cribl,2026-10-02
51678aad2fe5dd19,hunters,2026-10-02
517682da12648448,microsoft-security-blog,2026-10-02
51915a7d5bbc3906,msrc-update-guide,2026-10-02
519e2f55cfcd7d5d,simbian,2026-10-02
51a548242680170e,infosecurity-magazine,2026-10-02
51aab41edb4a0d2d,huntress,2026-10-02
51bb98bd69758a8e,reversinglabs,2026-10-02
51c51fff6bd64540,risky-business-news,2026-10-02
51c7f03783b303f4,msrc-update-guide,2026-10-02
51edff742c0a1a04,cribl,2026-10-02
51f2245f708c855a,datadog-security-labs,2026-10-02
51faf5d1fb894157,simbian,2026-10-02
5218a517bee9992d,mitiga,2026-10-02
5222fff5e80fdf36,eset-welivesecurity,2026-10-02
523bcc0bbe10876b,darktrace,2026-10-02
5241ce857c8d02f2,huntress,2026-10-02
5248a07cc1fb3db6,cribl,2026-10-02
5259fcb313ac97fd,msrc-update-guide,2026-10-02
525a3005ff207e43,gurucul,2026-10-02
52714f5199758941,elastic-security-labs,2026-10-02
527efad75949465f,group-ib,2026-10-02
5291756dfa0aa781,wiz,2026-10-02
529bd9b106616b7e,reversinglabs,2026-10-02
52a788893730f08a,anvilogic,2026-10-02
52a9c168f42c87e1,msrc-update-guide,2026-10-02
52aad21cf089fdf7,eset-welivesecurity,2026-10-02
52b26ceec998ca60,ransomware-live,2026-10-02
52c1f34d9598570c,eset-welivesecurity,2026-10-02
52c665ba3433c2be,msrc-update-guide,2026-10-02
52cf051ac63b536c,huntress,2026-10-02
52cf8d93a3e83faa,msrc-update-guide,2026-10-02
52d1263fafa0ab3d,cvefeed-io,2026-10-02
52e2e51f048387fb,msrc-update-guide,2026-10-02
52e9f42110d8ee34,cribl,2026-10-02
52eb7ccd3e6f1d4d,cisa-cybersecurity-advisories,2026-10-02
52eeea7e3aab8b9e,cribl,2026-10-02
52f25d282555ed00,simbian,2026-10-02
52ff6a9975017925,microsoft-sentinel,2026-10-02
530707f03527577e,elastic-security-labs,2026-10-02
530deb89bfb24701,group-ib,2026-10-02
531e9dae12859161,trend-micro,2026-10-02
5321a7c11da5bd59,proofpoint-threat-insight,2026-10-02
532da234a8a9ed9d,eset-welivesecurity,2026-10-02
533ec85774e0bd1b,elastic-security-labs,2026-10-02
5345ec8466de2c4b,datadog,2026-10-02
5358c9bc16148e95,sc-media,2026-10-02
535cb7f82bc08f8a,prophet-security,2026-10-02
536b256fa747d1c0,infosecurity-magazine,2026-10-02
5379d05bce24535b,elastic-security-labs,2026-10-02
53844926e7470766,msrc-update-guide,2026-10-02
539abaf8c4599da7,tuskira,2026-10-02
539da7d58717a3c8,risky-business-news,2026-10-02
53a16ee4a2239179,objective-see,2026-10-02
53ba1b8e955ac69a,elastic-security-labs,2026-10-02
53c83c10b6996346,exabeam,2026-10-02
53ca891f5fab429f,datadog,2026-10-02
53d39504aa3ab302,msrc-update-guide,2026-10-02
53d9571ec0aaacca,cribl,2026-10-02
53e21ca415cafd6c,datadog,2026-10-02
53e8c39a67c45e1c,ransomware-live,2026-10-02
53ecd31f10037f96,any-run,2026-10-02
540729d38a96fbae,axoflow,2026-10-02
54143a9a3bed2070,huntress,2026-10-02
5416edba6325bdcb,ransomware-live,2026-10-02
541c7fdaf26c0cfc,tuskira,2026-10-02
5426650f794a8208,wiz,2026-10-02
543a85cf71e95323,msrc-update-guide,2026-10-02
543d752dd1089562,exaforce,2026-10-02
54412b54e392f1f1,axoflow,2026-10-02
544a66581f6db8e2,wiz,2026-10-02
544ebe0937a70d62,infosecurity-magazine,2026-10-02
54526b22e475443c,cribl,2026-10-02
5480c0cc6472538f,jpcert-cc,2026-10-02
5491bf9c8ca2a7c7,risky-business-news,2026-10-02
54a3a73659ef6b26,extrahop,2026-10-02
54b91a2178c7f8b9,cribl,2026-10-02
54baf8deef9bb9a5,msrc-update-guide,2026-10-02
54d0d3a4fdf347cb,any-run,2026-10-02
54dab4ebd4f70f01,eset-welivesecurity,2026-10-02
54e03bf833eb4b53,cribl,2026-10-02
54e7ee25afa3479e,group-ib,2026-10-02
54f1dc82c13be1ad,volexity,2026-10-02
54f7230fd5febd25,trend-micro,2026-10-02
5524cb30ebdda7cc,group-ib,2026-10-02
55283d8d466feb9f,group-ib,2026-10-02
553214c029e56622,dropzone-ai,2026-10-02
5533fd522a3b836e,risky-business-news,2026-10-02
553c5760c4a8b8d7,d3-security,2026-10-02
554616600b07b055,wiz,2026-10-02
55478b141c4f50af,infosecurity-magazine,2026-10-02
5551aa27ab907621,anvilogic,2026-10-02
556946de78a2cd3d,dark-reading,2026-10-02
556f5bc14538d618,elastic,2026-10-02
55742e8ca7b10b7a,simbian,2026-10-02
55763f905bcb0197,wiz,2026-10-02
558ee6962c58a781,imperum,2026-10-02
559fde395011ff47,group-ib,2026-10-02
55a06d90192a9970,tenable,2026-10-02
55a40759fc03a2f9,msrc-update-guide,2026-10-02
55a82744138cb5d1,huntress,2026-10-02
55b54b71f66bb92d,elastic-security-labs,2026-10-02
55bae091bb382e1e,axoflow,2026-10-02
55c2b1649dc871db,zero-day-initiative,2026-10-02
562eddec04e526d4,trail-of-bits,2026-10-02
5638ae704f5a4f16,datadog,2026-10-02
56511d4d43fcbc02,exploit-db,2026-10-02
5654e05339de2022,axoflow,2026-10-02
5665aaa5c079509c,cisa-news,2026-10-02
566ba8948978f359,security-affairs,2026-10-02
56700f399dd97d1f,eset-welivesecurity,2026-10-02
567e7984e32a6842,group-ib,2026-10-02
56816380f2cd7b3c,reversinglabs,2026-10-02
568ad33096e68cd2,proofpoint-threat-insight,2026-10-02
56b9e839438186ae,wiz,2026-10-02
56bd0747f2a076f8,elastic-security-labs,2026-10-02
56ed3d9dc546d071,elastic,2026-10-02
56f948a1e4f45981,infosecurity-magazine,2026-10-02
56fdee2cd68f1fb0,group-ib,2026-10-02
57064447ee5a686c,ransomware-live,2026-10-02
570ef8c69478115b,cribl,2026-10-02
5715b9a67f382d72,group-ib,2026-10-02
5721c9eba0caf6c3,simbian,2026-10-02
572252276b2cb66d,trail-of-bits,2026-10-02
572566d69fe70dd6,wiz,2026-10-02
572a1a77f922a685,msrc-update-guide,2026-10-02
574019afe4958e38,risky-business-news,2026-10-02
5740d024c562b4a5,darktrace,2026-10-02
5741f8b741d763be,dropzone-ai,2026-10-02
57691013224e8ef0,objective-see,2026-10-02
577fbce894e018c5,trend-micro,2026-10-02
578530626d4d98e6,risky-business-news,2026-10-02
579a5036628c18de,tenacium-dc,2026-10-02
579e70413d4dcf54,tuskira,2026-10-02
57a79668d3678921,oss-security-seclists,2026-10-02
57b01cca5f4580e2,mitiga,2026-10-02
57cc9f4b5f83babd,rapid7,2026-10-02
57d0ee244313dcbe,msrc-update-guide,2026-10-02
57d245622c26fa5a,infosecurity-magazine,2026-10-02
57d421441b95365a,cribl,2026-10-02
57d4232732bfb919,nebulock,2026-10-02
57d935d2536bb64c,huntress,2026-10-02
57de5efd00f54352,datadog-security-labs,2026-10-02
57f02021fc5e601d,wiz,2026-10-02
5804080b0aeca198,group-ib,2026-10-02
58163515314d761c,reversinglabs,2026-10-02
5817e1e81cc9c920,prophet-security,2026-10-02
58461d78a9a2497c,elastic-security-labs,2026-10-02
584c126ee73ca25b,sans-internet-storm-center,2026-10-02
585e2fc0226026d2,google-threat-intelligence-mandiant,2026-10-02
58738b9b8801f30c,group-ib,2026-10-02
588fbc0e574d9df2,trend-micro,2026-10-02
58ad3f690adfe67f,datadog,2026-10-02
58b63f404a35f197,trail-of-bits,2026-10-02
58bce8ff62d29e04,recorded-future,2026-10-02
58c81dd198837157,datadog,2026-10-02
58d29ed162637686,sleuth-kit-labs,2026-10-02
58e04800a499b4de,help-net-security,2026-10-02
58f25c2f1e62a54a,eset-welivesecurity,2026-10-02
58ff59bd10742f75,infosecurity-magazine,2026-10-02
590e9558bf525f5f,axoflow,2026-10-02
59130545c940eaeb,dark-reading,2026-10-02
59191f46a178146e,conifers,2026-10-02
591ea68cf46da6a8,elastic-security-labs,2026-10-02
5929a4212975519e,sentinelone,2026-10-02
5958ee9878a5a1c4,infosecurity-magazine,2026-10-02
595e0e00842863b5,huntress,2026-10-02
596df4519eeb8528,cisa-cybersecurity-advisories,2026-10-02
597a39f19e6e891d,huntress,2026-10-02
597a6b494ff54f78,datadog-security-labs,2026-10-02
59906537bcda193d,msrc-update-guide,2026-10-02
599e1b928e2b735f,security-affairs,2026-10-02
59a72dd11b63a0cb,risky-business-news,2026-10-02
59b8f6a8b8760040,group-ib,2026-10-02
59c5fddc64aa3dec,reversinglabs,2026-10-02
59cda5ecf5e7427c,cribl,2026-10-02
59d366b44d6d08e6,cso-online,2026-10-02
59d83095f3d3c86a,extrahop,2026-10-02
59e798e6730919c9,canadian-centre-for-cyber-security,2026-10-02
5a1251fb1f6a6c61,exaforce,2026-10-02
5a182e4023be87d9,infosecurity-magazine,2026-10-02
5a30ca03271dba9a,huntress,2026-10-02
5a4a88d8c1126e4c,gurucul,2026-10-02
5a67f69f7189703c,expel,2026-10-02
5a6ed5e094184c5e,datadog,2026-10-02
5a71fcf8b476dd04,msrc-update-guide,2026-10-02
5a7c6e2f28b2270f,infosecurity-magazine,2026-10-02
5a85f9a9de209010,elastic-security-labs,2026-10-02
5a8b6ce64b342939,reversinglabs,2026-10-02
5a9c1aeb912f6501,the-hacker-news,2026-10-02
5ab40add51dd19ef,ransomware-live,2026-10-02
5ac158389a68a974,huntress,2026-10-02
5ac7674bef4685b4,aqua-nautilus,2026-10-02
5aca995e216d7262,zynap,2026-10-02
5ae515bdd3440520,tenacium-dc,2026-10-02
5b0bf5c5358542e2,msrc-update-guide,2026-10-02
5b0ec0590fabd43b,msrc-update-guide,2026-10-02
5b1201d1e358d59c,trend-micro,2026-10-02
5b169edb6d18cd10,cribl,2026-10-02
5b1ff4ec736e294d,cribl,2026-10-02
5b239e9e76b8e820,objective-see,2026-10-02
5b2d06ba1cd5d752,msrc-update-guide,2026-10-02
5b36ae7f02fb564b,msrc-update-guide,2026-10-02
5b45376801b5eb2a,msrc-update-guide,2026-10-02
5b460c8885c621cb,wiz,2026-10-02
5b49c3a45345911e,deeptempo,2026-10-02
5b75e56ca2226951,schneier-on-security,2026-10-02
5b76af8999f6e17b,dropzone-ai,2026-10-02
5b8de6958fa411c4,cribl,2026-10-02
5b8f4b8a05d47770,huntress,2026-10-02
5b95677a84d162f3,risky-business-news,2026-10-02
5b9bab0d69473d20,simbian,2026-10-02
5bc6af379d6db3a3,cribl,2026-10-02
5bce29cf9ae1d537,eset-welivesecurity,2026-10-02
5bd6347cfa58cd1e,canadian-centre-for-cyber-security,2026-10-02
5beabeb1a808ca9e,wiz,2026-10-02
5beb9dcc20bb2ede,anvilogic,2026-10-02
5c1a863bdfca0e9c,prophet-security,2026-10-02
5c2091ca6d02b7c4,infosecurity-magazine,2026-10-02
5c26dee4ff3a5b00,infosecurity-magazine,2026-10-02
5c48940b988199e8,wiz,2026-10-02
5c63b2a835261eef,full-disclosure-seclists,2026-10-02
5c6b3e2a689cef44,group-ib,2026-10-02
5c91da9fa5e2f312,datadog,2026-10-02
5c95786cef799657,ransomware-live,2026-10-02
5cbee2884259835f,huntress,2026-10-02
5cc42976f0638655,the-hacker-news,2026-10-02
5ccaa6379e924174,elastic-security-labs,2026-10-02
5cef66958466b05c,simbian,2026-10-02
5cf44d36fb280c71,infosecurity-magazine,2026-10-02
5cf6f5fcfd62d760,cribl,2026-10-02
5cfa5dccb9860209,zscaler,2026-10-02
5d153a33f276a8d2,objective-see,2026-10-02
5d286d8eb557dfad,huntress,2026-10-02
5d5414d4bfe03b74,elastic-security-labs,2026-10-02
5d6e5877bfebe44d,nebulock,2026-10-02
5d725de39461579e,dropzone-ai,2026-10-02
5d7ba93e3211e76f,tenacium-dc,2026-10-02
5d8860db5b9b3151,ransomware-live,2026-10-02
5d893bc18b54a7f2,msrc-update-guide,2026-10-02
5d94974b2dfeef31,tuskira,2026-10-02
5d98c447a2c976d0,the-dfir-report,2026-10-02
5da1d93c8af84ebb,ransomware-live,2026-10-02
5da2a0c8ed547e74,the-hacker-news,2026-10-02
5da965e76b2e8fef,ransomware-live,2026-10-02
5dd78732982f802e,huntress,2026-10-02
5de76de759c1fbec,elastic,2026-10-02
5ded5048c698ef31,wiz,2026-10-02
5dee1ca7ff1e9dcd,nebulock,2026-10-02
5df50a32d0ad66eb,d3-security,2026-10-02
5e01274c5324043f,oss-security-seclists,2026-10-02
5e0e2bba10702ae7,cisa-cybersecurity-advisories,2026-10-02
5e0f658b72f3164f,graham-cluley,2026-10-02
5e0fa7d2bb032096,wiz,2026-10-02
5e22b163cb2f3681,exaforce,2026-10-02
5e2c32c00aaa2436,objective-see,2026-10-02
5e3699daeac9695a,axoflow,2026-10-02
5e3979ac706f97ef,msrc-update-guide,2026-10-02
5e46396039b597f2,socket,2026-10-02
5e4d06c9bd70f6cb,axoflow,2026-10-02
5e64026988fdb81e,tuskira,2026-10-02
5e701426af45878c,elastic-security-labs,2026-10-02
5e7190318dbce365,palo-alto-unit-42,2026-10-02
5e932e58a6423ecb,eset-welivesecurity,2026-10-02
5e947284899ee777,risky-business-news,2026-10-02
5e9d479743628c31,infosecurity-magazine,2026-10-02
5ea462befa094a0e,huntress,2026-10-02
5ea6a204f150677f,simbian,2026-10-02
5eacca836d4d1ca7,recorded-future,2026-10-02
5ebf6f22101b97e6,tenex-ai,2026-10-02
5ec1f2b09fd58c9e,elastic-security-labs,2026-10-02
5ecda277061ca23e,wiz,2026-10-02
5ed0aa588f39ba9e,greynoise,2026-10-02
5f1046207958b4dc,ransomware-live,2026-10-02
5f1f05f3030b1ba5,simbian,2026-10-02
5f2c524d995130d7,msrc-update-guide,2026-10-02
5f3c7083985914b0,extrahop,2026-10-02
5f4044fe777da013,canadian-centre-for-cyber-security,2026-10-02
5f44bb006dea579b,dropzone-ai,2026-10-02
5f4a0e3131f31219,tuskira,2026-10-02
5f605acc5abe1299,simbian,2026-10-02
5f7209e598bef549,datadog,2026-10-02
5f7b0e9968635f83,troy-hunt,2026-10-02
5f7b41fe6cdcb8f7,group-ib,2026-10-02
5f884a6324bfa1ca,group-ib,2026-10-02
5f8e7dcba8fcada4,cisco-talos,2026-10-02
5f9ca2d560c25bb7,seculyze,2026-10-02
5fa5f1433a1ee4fa,elastic-security-labs,2026-10-02
5fb8de484836743f,objective-see,2026-10-02
5fd8281a6b15d545,cert-cc-vulnerability-notes,2026-10-02
5fef7f5ec044767a,cert-fr-alerts,2026-10-02
5ff13fdaf1461f30,elastic-security-labs,2026-10-02
6006726602b38e94,wiz,2026-10-02
6019bcd9c1ec920b,dropzone-ai,2026-10-02
6024c3164ffde185,tuskira,2026-10-02
602d86c9254a52ae,schneier-on-security,2026-10-02
6040bec413c58f1d,group-ib,2026-10-02
605c10cdfd8e1f03,cvefeed-io,2026-10-02
606692d979aef0c1,wiz,2026-10-02
607293c8186387fe,datadog,2026-10-02
6076df6501fd41ff,greynoise,2026-10-02
607c728d2551aa7b,trend-micro,2026-10-02
607e5af8058f69c0,elastic-security-labs,2026-10-02
608712350d258104,troy-hunt,2026-10-02
60916b269459f283,wiz,2026-10-02
60988bacf108eb24,cribl,2026-10-02
60a576920d1ca6d6,cribl,2026-10-02
60b4e1e30d43444c,datadog-security-labs,2026-10-02
60c00109fcfa4c35,exploit-db,2026-10-02
60c852edb930aa1b,infosecurity-magazine,2026-10-02
60d0e2c87b43a535,cribl,2026-10-02
60d374772157b736,huntress,2026-10-02
60e633909802aee8,infosecurity-magazine,2026-10-02
60fd91022543b717,objective-see,2026-10-02
60fefdf707586351,simbian,2026-10-02
610420e1df92fc88,prophet-security,2026-10-02
6105febc6a5bfb1a,wiz,2026-10-02
610d344a239eb0d4,exabeam,2026-10-02
610d87aee4350344,artemis,2026-10-02
6131410223b24820,elastic,2026-10-02
6166d169ec1ebd5d,dropzone-ai,2026-10-02
6179beb4b758456d,sentinelone,2026-10-02
617cd5ede96a2a8f,check-point-research,2026-10-02
617f8f0b4b37a63f,msrc-update-guide,2026-10-02
6190acaae1c8cab1,infosecurity-magazine,2026-10-02
619c4db3eb6baf14,mitiga,2026-10-02
61ad426dc3f421c9,simbian,2026-10-02
61e2c6f7abbb6aae,anvilogic,2026-10-02
61f3fb2e9db65813,elastic-security-labs,2026-10-02
621683aa68806528,wiz,2026-10-02
621a98d8f26fe46c,shuffle,2026-10-02
621e1eafae88554d,msrc-update-guide,2026-10-02
6223517f38d69c6c,mitiga,2026-10-02
622457ee914ad29a,infosecurity-magazine,2026-10-02
62302a69128d74b3,infosecurity-magazine,2026-10-02
62475e1708a42b4d,wiz,2026-10-02
624cee4393e89d08,embed-security,2026-10-02
625d808ffc99ccdb,huntress,2026-10-02
625dda929c27b03a,darktrace,2026-10-02
6269caa09c089cc4,deeptempo,2026-10-02
62a30a6e7f998e51,infosecurity-magazine,2026-10-02
62aaa2495778a410,proofpoint-threat-insight,2026-10-02
62b156098779e116,objective-see,2026-10-02
62b491e7ace47928,cribl,2026-10-02
62bf5904bd3c0f00,axoflow,2026-10-02
62c7d0228158d6df,cribl,2026-10-02
62dca032381c2fec,eset-welivesecurity,2026-10-02
62e47ab215d4d950,huntress,2026-10-02
62f727b9ef19525c,palo-alto-unit-42,2026-10-02
62fcd066ad23f0b8,zscaler,2026-10-02
62fcf9b89b63de10,deeptempo,2026-10-02
6304c42a859fc048,recorded-future,2026-10-02
6314de26e8676830,infosecurity-magazine,2026-10-02
631a2213061f0fe6,group-ib,2026-10-02
631e18713261c253,group-ib,2026-10-02
63231b31f7eace2a,huntress,2026-10-02
633ad6ed4f0c2571,tines,2026-10-02
6342759d0dd412a8,tines,2026-10-02
63626590b1849ec9,exaforce,2026-10-02
637b0c7b42cf7a85,elastic-security-labs,2026-10-02
637b61212a25a046,datadog-security-labs,2026-10-02
6391779eca3faba4,objective-see,2026-10-02
63a23e346ffb80fb,axoflow,2026-10-02
63ac27bef986ba9e,infosecurity-magazine,2026-10-02
63c0ebe6f097b1ca,wiz,2026-10-02
63c4f0bb4311308e,greynoise,2026-10-02
63cd6a0160442ee5,anvilogic,2026-10-02
63d462ca8a7a2324,deeptempo,2026-10-02
63deef8d65084dae,wiz,2026-10-02
63e2c7987286a79f,huntress,2026-10-02
63e367ea91a63ada,deeptempo,2026-10-02
63eef747cc5d8998,recorded-future,2026-10-02
63f7563f652a23f5,deeptempo,2026-10-02
63fcc6500560dc51,ransomware-live,2026-10-02
63fe9a35621d21d2,ncsc-uk,2026-10-02
63feb6f635bea3a9,deeptempo,2026-10-02
64168a7f60e60b21,dropzone-ai,2026-10-02
641c7ffbdac6f472,greynoise,2026-10-02
642823a7ccfdce0b,wiz,2026-10-02
642de103886d1ff4,extrahop,2026-10-02
643a969864727d3f,the-hacker-news,2026-10-02
643c6ff356eb1feb,simbian,2026-10-02
644ca056b0a88064,wiz,2026-10-02
644cfc5e7304516b,msrc-update-guide,2026-10-02
64522dab11946343,objective-see,2026-10-02
646630165b08b906,dropzone-ai,2026-10-02
6468fcbb7bba6d15,securityweek,2026-10-02
646d44ecae29c768,malwarebytes-labs,2026-10-02
64773726a190b3d4,msrc-update-guide,2026-10-02
6484da145ed843e9,exaforce,2026-10-02
6489868e88b8ae9e,wiz,2026-10-02
64957027e7f529ed,prophet-security,2026-10-02
64a62e1624a4177b,schneier-on-security,2026-10-02
64abc8e79d98ece0,deeptempo,2026-10-02
64adb02753a09d08,msrc-update-guide,2026-10-02
64da2229bf24e34a,cribl,2026-10-02
64e15ee7c5ce6d30,datadog,2026-10-02
64e9c45aa341b403,elastic-security-labs,2026-10-02
650393158429c04f,bitdefender-labs,2026-10-02
651feb65201efe8b,rapid7,2026-10-02
6522f996372bd886,schneier-on-security,2026-10-02
652c511412144598,exaforce,2026-10-02
6536788844f69773,elastic-security-labs,2026-10-02
6538f64126dbb04f,canadian-centre-for-cyber-security,2026-10-02
653ed54bf319ad73,zscaler,2026-10-02
655002c13b834011,runreveal,2026-10-02
65617c7935e6aa46,datadog,2026-10-02
6563d28d75872749,cribl,2026-10-02
6568e8e0e2b6c493,elastic-security-labs,2026-10-02
658712bffa615458,prophet-security,2026-10-02
6596cd66be8c5c3b,huntress,2026-10-02
659b461129a4eb73,elastic-security-labs,2026-10-02
65c43f9edd9c0952,objective-see,2026-10-02
65d3c00ca1bb2612,datadog,2026-10-02
65e28c5e3f7ab238,proofpoint-threat-insight,2026-10-02
65efc7d3196cc1c5,cribl,2026-10-02
65f74bbdd2826da6,recorded-future,2026-10-02
65fdca665ff84d34,darktrace,2026-10-02
660672ad369d8bc4,darktrace,2026-10-02
662a4b09ebb8570e,the-hacker-news,2026-10-02
6630a5e4c19b33d1,ransomware-live,2026-10-02
663bc69691608b5d,axoflow,2026-10-02
664d8f792a331d1d,msrc-update-guide,2026-10-02
665db892362a0711,malwarebytes-labs,2026-10-02
665f9f147112714f,ransomware-live,2026-10-02
6663ce29da2ec168,elastic-security-labs,2026-10-02
666e765a5bd6d941,pre-security,2026-10-02
6677db4caaf322e1,ransomware-live,2026-10-02
6684d07e8ce7a822,huntress,2026-10-02
668b95f29cad971b,huntress,2026-10-02
669b0f68b605e8e8,stellar-cyber,2026-10-02
669b5aa9b5227154,simbian,2026-10-02
66b7bca5a9769b66,group-ib,2026-10-02
66b944cdd51f7274,anvilogic,2026-10-02
66ce984e8054fd0d,sans-internet-storm-center,2026-10-02
66d782e3f6a5c25c,group-ib,2026-10-02
66e9644375196e34,google-threat-intelligence-mandiant,2026-10-02
66f2bd38431fa209,ransomware-live,2026-10-02
66f9635bd7cd247b,crowdstrike,2026-10-02
66fcaae2293ec87d,tuskira,2026-10-02
67032c88da17bce4,huntress,2026-10-02
67049a3596ae120c,trend-micro,2026-10-02
67067c17b81f876b,infosecurity-magazine,2026-10-02
670f5abab1b5cd23,reversinglabs,2026-10-02
67114ad22bf7c88c,watchtowr-labs,2026-10-02
673434e8a2fdb8c6,risky-business-news,2026-10-02
67354b2e2a40993d,mitiga,2026-10-02
673b3e093c699123,full-disclosure-seclists,2026-10-02
67529a1c093bf581,objective-see,2026-10-02
67633985b4761e2f,ransomware-live,2026-10-02
6763457d51f10eb7,infosecurity-magazine,2026-10-02
67690d9ebc6c2d58,infosecurity-magazine,2026-10-02
676ae83f14fcc807,canadian-centre-for-cyber-security,2026-10-02
676b7367af30d4d5,objective-see,2026-10-02
678a1dbb050387e2,volexity,2026-10-02
679702e0d76f4d31,stellar-cyber,2026-10-02
67a04c774c9c99fb,deeptempo,2026-10-02
67bfc5ac401d259e,msrc-update-guide,2026-10-02
67d0471a44bdb846,anvilogic,2026-10-02
67d392a75db3b81a,group-ib,2026-10-02
67e28e60a2faafd7,conifers,2026-10-02
67fde4989f790dc3,huntress,2026-10-02
6808aefe9d95a3e1,eset-welivesecurity,2026-10-02
68493868bc6ecf6d,huntress,2026-10-02
6875521754b403d8,risky-business-news,2026-10-02
687982e9528bfbc5,greynoise,2026-10-02
687bd8a7b4369470,msrc-update-guide,2026-10-02
68812c1d0b8b7b36,silent-push,2026-10-02
688f70d3f765d3d3,elastic,2026-10-02
689b992c639e51ee,objective-see,2026-10-02
689de48d95bd252a,elastic,2026-10-02
68ab34daa7456cdb,cvefeed-io,2026-10-02
68ae06ad469f75c9,cyberscoop,2026-10-02
68d09cc0a8735c67,trend-micro,2026-10-02
68d2fcd11ae11a79,elastic-security-labs,2026-10-02
68e01bcf37968a01,anvilogic,2026-10-02
68e1c55147949b92,ransomware-live,2026-10-02
68e57fd563b5b502,simbian,2026-10-02
68e868def1c50bac,deeptempo,2026-10-02
68edd8b639e6db8c,sentinellabs,2026-10-02
68f1a236329c12a3,msrc-update-guide,2026-10-02
68feb2518d0f19df,group-ib,2026-10-02
690cb3c5e22b5d8d,msrc-update-guide,2026-10-02
691074358433a0ab,greynoise,2026-10-02
691ad5fdf041b97e,cribl,2026-10-02
6923a5483d3df438,infosecurity-magazine,2026-10-02
6928dd73eaab5b7d,prophet-security,2026-10-02
6929ca3b6dfa28d8,extrahop,2026-10-02
692a52b24c7184ca,huntress,2026-10-02
692ee407bfd06c50,cisco-talos,2026-10-02
69477785c361bdba,cisa-news,2026-10-02
6954969c5ffb20cb,cribl,2026-10-02
6960b3d02bdf5be3,simbian,2026-10-02
6961ce7e5ed29c8e,msrc-update-guide,2026-10-02
696555f375bedf64,huntress,2026-10-02
696717cdba5a6381,darktrace,2026-10-02
6969c3dbbd534552,group-ib,2026-10-02
69758964bafcc6bb,elastic-security-labs,2026-10-02
697b8a8e5ec0ff1b,datadog,2026-10-02
6980b5972f021106,anvilogic,2026-10-02
69a5e52562443731,mitiga,2026-10-02
69aa31a124931ae5,infosecurity-magazine,2026-10-02
69af4472cd86e372,cribl,2026-10-02
69c256e27ccf3a28,datadog,2026-10-02
69c93a7475aa54b2,infosecurity-magazine,2026-10-02
69d63d332663bcb6,simbian,2026-10-02
69dee81f76250ce3,cyberscoop,2026-10-02
69e1f7d0358d718e,axoflow,2026-10-02
69f16aab03572792,risky-business-news,2026-10-02
6a04b558c5950b47,group-ib,2026-10-02
6a1a2081bd13dcac,infosecurity-magazine,2026-10-02
6a1ece771db21e5b,msrc-update-guide,2026-10-02
6a21c15c10f529fe,tuskira,2026-10-02
6a25944c42b3560f,cribl,2026-10-02
6a3e822d1e749a05,dark-reading,2026-10-02
6a49a6854e0ffa38,deeptempo,2026-10-02
6a559e379b5c5c87,msrc-update-guide,2026-10-02
6a61d9e4384df0fd,aqua-nautilus,2026-10-02
6a6bcff35b68cf2f,huntress,2026-10-02
6a77dbefd0eec22e,dropzone-ai,2026-10-02
6a8c840c32134968,elastic-security-labs,2026-10-02
6a90ee233e84a973,microsoft-sentinel,2026-10-02
6aa611394a499feb,bleepingcomputer,2026-10-02
6aaaf466ab7251c9,infosecurity-magazine,2026-10-02
6aab83a10fac960b,proofpoint-threat-insight,2026-10-02
6ac4259df3adf52e,stellar-cyber,2026-10-02
6acd25d15b29e574,wiz,2026-10-02
6aea24d186384531,infosecurity-magazine,2026-10-02
6af4850caab3c0a5,wiz,2026-10-02
6b06be30b65cf33e,bricklayer-ai,2026-10-02
6b163b8f86436456,greynoise,2026-10-02
6b27c27ce1411107,group-ib,2026-10-02
6b2a3353540c2522,tenex-ai,2026-10-02
6b56844dacf308e0,extrahop,2026-10-02
6b5e565539aa06f2,dropzone-ai,2026-10-02
6b6f698efc0d2f04,ransomware-live,2026-10-02
6b7f24ba1c322921,dropzone-ai,2026-10-02
6b804edad3c332e9,cert-fr-alerts,2026-10-02
6b9c4b3e9dc911f9,graham-cluley,2026-10-02
6ba7c83390140585,elastic-security-labs,2026-10-02
6badd47cedf97098,axoflow,2026-10-02
6bba57af08bac18b,wiz,2026-10-02
6be5483bd9cb546e,infosecurity-magazine,2026-10-02
6be68560acd867ee,elastic-security-labs,2026-10-02
6beb3242d5bc612b,group-ib,2026-10-02
6bef8d9a365bd4d1,wiz,2026-10-02
6bf922ea60d635eb,prophet-security,2026-10-02
6c055b2729a21f45,axoflow,2026-10-02
6c0a97507f7cb105,greynoise,2026-10-02
6c24c980bf491cd1,cribl,2026-10-02
6c3704a95a07d630,huntress,2026-10-02
6c371502fa00faf3,extrahop,2026-10-02
6c3963b64084316c,greynoise,2026-10-02
6c3c107dd0082f36,deepwatch,2026-10-02
6c3e39117b0ba422,msrc-update-guide,2026-10-02
6c4b7a63e7c86ca0,huntress,2026-10-02
6c5a609606069cf4,graham-cluley,2026-10-02
6c670672d6964b24,simbian,2026-10-02
6c6ca6758e5a70ba,group-ib,2026-10-02
6c75084eac62b395,prophet-security,2026-10-02
6c7bde60444ae373,group-ib,2026-10-02
6c87602a4ca5f843,infosecurity-magazine,2026-10-02
6c8bd80bee603372,tenzir,2026-10-02
6ca084450e35df6d,msrc-update-guide,2026-10-02
6ca23444f4d5d9d0,tenzir,2026-10-02
6ca3d03483631bdf,darktrace,2026-10-02
6cb914ea366b9a26,infosecurity-magazine,2026-10-02
6ccba37f57547eb7,huntress,2026-10-02
6cd8be441785e287,ransomware-live,2026-10-02
6cda1ca9a0b57498,the-dfir-report,2026-10-02
6cf6bc4145ea3803,group-ib,2026-10-02
6cfff7a2d853c6ad,elastic-security-labs,2026-10-02
6d0b13d9ac9b885b,cribl,2026-10-02
6d127c24a32a0b35,group-ib,2026-10-02
6d22827c47009558,tenzir,2026-10-02
6d273c24afcb5ef3,group-ib,2026-10-02
6d2a859992bffb1c,recorded-future,2026-10-02
6d34900f33e2d1fb,gurucul,2026-10-02
6d42a757b520a4d3,group-ib,2026-10-02
6d523ded53b763b4,socket,2026-10-02
6d5fcd109e14b4af,malwarebytes-labs,2026-10-02
6d6b8f98ed7b5970,elastic-security-labs,2026-10-02
6d89642cf7887e24,cribl,2026-10-02
6d972776733a891e,extrahop,2026-10-02
6d9bdcf79ff05c50,cribl,2026-10-02
6da11a093c5229fb,cribl,2026-10-02
6da3c46f15034223,bleepingcomputer,2026-10-02
6da97e4a10befcdd,tenex-ai,2026-10-02
6daee4ff696e8d3f,microsoft-sentinel,2026-10-02
6db304a5df6bac95,greynoise,2026-10-02
6db3386d88dbbbff,msrc-update-guide,2026-10-02
6db34177fd5985b4,msrc-update-guide,2026-10-02
6db91bb2b46eaf01,huntress,2026-10-02
6dc64d02314a64de,extrahop,2026-10-02
6dd2345eca8e7152,wiz,2026-10-02
6ddddc65989a9d38,ransomware-live,2026-10-02
6de24933d98baf9d,cribl,2026-10-02
6df10dab3825c0f0,ransomware-live,2026-10-02
6df2cb20680ad45b,exploit-db,2026-10-02
6e05c9fdfa759024,objective-see,2026-10-02
6e19b35d44e45ee0,infosecurity-magazine,2026-10-02
6e1cdb3e24b3a3dc,risky-business-news,2026-10-02
6e27569c749faacc,wiz,2026-10-02
6e2b053e910a2f47,ransomware-live,2026-10-02
6e3349680e9f7d45,cso-online,2026-10-02
6e41ef4de9799537,risky-business-news,2026-10-02
6e43ad121a3d5d0c,dropzone-ai,2026-10-02
6e4db8c4e7068d0d,huntress,2026-10-02
6e517bec79d79a14,huntress,2026-10-02
6e794689a285e747,prophet-security,2026-10-02
6e82d4e2874f8655,msrc-update-guide,2026-10-02
6e8b8bd0607df3c1,prophet-security,2026-10-02
6e8ee024f3c25d58,dark-reading,2026-10-02
6e93ecc95dc5d39e,tines,2026-10-02
6e9d8f1b1487035b,elastic-security-labs,2026-10-02
6e9ffa9f0026ff0a,mitiga,2026-10-02
6ea03a315551bc1d,greynoise,2026-10-02
6ea0b5db2a78c54c,cvefeed-io,2026-10-02
6eb4f1ff00f81743,infosecurity-magazine,2026-10-02
6ebab2b467077674,google-threat-intelligence-mandiant,2026-10-02
6ed489736885453a,ransomware-live,2026-10-02
6edf40faaea1e7cc,deeptempo,2026-10-02
6ee25e96d52c5583,palo-alto-networks,2026-10-02
6eea69fef111f3df,ncsc-uk,2026-10-02
6efec8547c3538e9,infosecurity-magazine,2026-10-02
6f00dbf669616613,group-ib,2026-10-02
6f1678435fb143f8,datadog,2026-10-02
6f1940996b3f1432,huntress,2026-10-02
6f1bff874e099e99,msrc-update-guide,2026-10-02
6f27393c0a2ec5ce,cribl,2026-10-02
6f295029d11d3413,dropzone-ai,2026-10-02
6f2a4246bf6302d8,gurucul,2026-10-02
6f2de2bc294a47a5,tines,2026-10-02
6f3bdf702390413c,msrc-update-guide,2026-10-02
6f41b566265d6c5b,ransomware-live,2026-10-02
6f424dfa558fd69c,ransomware-live,2026-10-02
6f52fcd0fa50dc69,cribl,2026-10-02
6f5b94ec5628b6b7,trend-micro,2026-10-02
6f8954f5124bf954,risky-business-news,2026-10-02
6fa73b873810f167,objective-see,2026-10-02
6fc500cbb65ea932,exploit-db,2026-10-02
6fe36f26335178ad,group-ib,2026-10-02
6ff0de49ddef699e,huntress,2026-10-02
6ff6ec1e0feebeca,exaforce,2026-10-02
6ffc4c2e9ef24795,sentinellabs,2026-10-02
701351b55dd956ba,trend-micro,2026-10-02
7028c5c882752012,cert-cc-vulnerability-notes,2026-10-02
704b3247f33accf6,datadog,2026-10-02
704ce79fdfcd8558,ransomware-live,2026-10-02
7063c453d8b72581,elastic-security-labs,2026-10-02
7070d8796f21b63f,palo-alto-networks,2026-10-02
707471e817562d16,google-threat-intelligence-mandiant,2026-10-02
707c1dcf4283fe83,cribl,2026-10-02
707c607d671ddd73,nebulock,2026-10-02
7080d7dc77c047b3,eset-welivesecurity,2026-10-02
70870b7268f95bbe,schneier-on-security,2026-10-02
708e74ac45e9d609,volexity,2026-10-02
70a249ec393c0329,ransomware-live,2026-10-02
70b35ed4cc7c633a,the-hacker-news,2026-10-02
70b91250ee6a5ff4,wiz,2026-10-02
70bab209f2b4a5e9,elastic-security-labs,2026-10-02
70c89e0a4e06e91a,msrc-update-guide,2026-10-02
70f1d763cda77fc9,group-ib,2026-10-02
70fa4507f1ddf6a2,exploit-db,2026-10-02
7101f7353995cb4f,reversinglabs,2026-10-02
7105c3f2394ea55f,ransomware-live,2026-10-02
71077af999f51443,msrc-update-guide,2026-10-02
711731d33ce4bda2,zero-day-initiative,2026-10-02
712e5e5dbec09892,group-ib,2026-10-02
71396d44c21fb02c,darktrace,2026-10-02
713989ced498cac9,tuskira,2026-10-02
7158559b54d4186c,msrc-update-guide,2026-10-02
7193103604a3f45f,ransomware-live,2026-10-02
71aeecc01452f3ca,the-dfir-report,2026-10-02
71b99191a8f963d0,ransomware-live,2026-10-02
71c3e31e893c166f,reversinglabs,2026-10-02
71c3ed7d4327ac2b,eset-welivesecurity,2026-10-02
71d9d300876456e6,cribl,2026-10-02
71fc3e22dbbba1dd,zero-day-initiative,2026-10-02
72155d698e42ffe0,help-net-security,2026-10-02
721da63c6a5079bf,datadog,2026-10-02
72250b4110c3b05c,infosecurity-magazine,2026-10-02
72400e3e29164139,elastic-security-labs,2026-10-02
72424af5d744ec02,zscaler,2026-10-02
72492488c13b2b9e,wiz,2026-10-02
726c7ceecb0cc08f,wiz,2026-10-02
72748a11e5057d7b,elastic-security-labs,2026-10-02
72986e01f9503736,group-ib,2026-10-02
729d43012c93c7c3,elastic-security-labs,2026-10-02
72a5638e65c361b7,simbian,2026-10-02
72aa9ac99bea3443,zscaler,2026-10-02
72b18cce7b9b91f5,greynoise,2026-10-02
72b2b7d82ff594f3,simbian,2026-10-02
72b8dc746518d822,elastic,2026-10-02
72bbac73739bbe6a,anvilogic,2026-10-02
72c22150029541e4,group-ib,2026-10-02
72d0cabe0920cd01,group-ib,2026-10-02
72d154722985dfc8,huntress,2026-10-02
72d40abb9ad900ea,cribl,2026-10-02
72dd296e58601135,elastic-security-labs,2026-10-02
72e3b058ffddfa53,deeptempo,2026-10-02
72eb1a279b861be0,greynoise,2026-10-02
72f2339fc372e470,cribl,2026-10-02
72fca781b0cddab7,eset-welivesecurity,2026-10-02
7306fd47ba178ffd,wiz,2026-10-02
7307622db562247f,msrc-update-guide,2026-10-02
73092503502e3195,objective-see,2026-10-02
73094b0fcb263061,axoflow,2026-10-02
7315d41118eb1bfa,prophet-security,2026-10-02
73185c03af3f789b,tenacium-dc,2026-10-02
731d5ed30d57d56b,horizon3-ai,2026-10-02
73214e85cac2fd33,objective-see,2026-10-02
73264b2d960bf2ad,exploit-db,2026-10-02
732bd35a1624d53d,msrc-update-guide,2026-10-02
73469717b80600a7,datadog,2026-10-02
73645a02bd834719,cisco-talos,2026-10-02
7366298305292ba3,reversinglabs,2026-10-02
73711e30be11eb0a,zscaler,2026-10-02
7390abf5991ee483,greynoise,2026-10-02
73984909fd49d8bd,conifers,2026-10-02
739db7ed1c01e195,prophet-security,2026-10-02
73a09049bf4421d4,simbian,2026-10-02
73a0a0750d661a25,objective-see,2026-10-02
73b9fb961c02d61f,datadog-security-labs,2026-10-02
73cf0a32ba197157,darktrace,2026-10-02
73dcd19ca2e26865,msrc-update-guide,2026-10-02
73ff9039e273530e,infosecurity-magazine,2026-10-02
740b0a023d74df07,tuskira,2026-10-02
741794dbf9c21982,greynoise,2026-10-02
741bf79fb2c829d0,rapid7,2026-10-02
74248f25e26d86b8,airmdr,2026-10-02
744f9cd021e48d9a,simbian,2026-10-02
7463d26ad1a888d1,cyberscoop,2026-10-02
746dd19951239e54,cisa-cybersecurity-advisories,2026-10-02
748434607c7d9183,recorded-future,2026-10-02
748d63c528e2ad5a,group-ib,2026-10-02
74ab0bc29886016a,microsoft-security-blog,2026-10-02
74b82c45e8f2d17e,group-ib,2026-10-02
74c280a801a8fa64,anvilogic,2026-10-02
74cb25c185118047,wiz,2026-10-02
74d0ec943d259606,cert-fr-alerts,2026-10-02
74d7cc008b745e44,greynoise,2026-10-02
74e66f97d160824f,dropzone-ai,2026-10-02
74f7140ba70359b7,elastic-security-labs,2026-10-02
7500b4cfccd14175,group-ib,2026-10-02
750eeee4bff81630,cribl,2026-10-02
7531d10e24eaa2dd,elastic-security-labs,2026-10-02
753ec5381c46d37b,elastic-security-labs,2026-10-02
75413dccd26f4370,ransomware-live,2026-10-02
754b9a0a5e79dee5,huntress,2026-10-02
754ee96b5760d664,cribl,2026-10-02
7553d2e6964f556f,huntress,2026-10-02
7563bf100429f197,exploit-db,2026-10-02
75653f0c3474dbc1,deeptempo,2026-10-02
756d4b192495759f,elastic-security-labs,2026-10-02
75805ef7cac3bfa2,elastic-security-labs,2026-10-02
758d01ceb7e4e309,msrc-update-guide,2026-10-02
7596a6ea99dbcc43,msrc-update-guide,2026-10-02
759723a1122dfa15,infosecurity-magazine,2026-10-02
75995505aa694413,cribl,2026-10-02
759c2782ec080bd8,axoflow,2026-10-02
75ab585d275425c6,dark-reading,2026-10-02
75c51a11396e2df5,trend-micro,2026-10-02
75c94b8f855c4bde,cribl,2026-10-02
75cb1df2d7012642,huntress,2026-10-02
75cb8f4ed182bf4e,msrc-update-guide,2026-10-02
75cd600b5a55f6a6,cribl,2026-10-02
75e0c32cd8c4dbb2,greynoise,2026-10-02
75f0e33193552ca1,risky-business-news,2026-10-02
75f9ca9dc83287fd,elastic-security-labs,2026-10-02
760514e52190ad81,binalyze,2026-10-02
761c1fb51d969416,elastic-security-labs,2026-10-02
76364b1780af4c3e,dropzone-ai,2026-10-02
763c10a09715cadf,reversinglabs,2026-10-02
7663abae9a207e60,tenex-ai,2026-10-02
766883a4aa1f384a,dark-reading,2026-10-02
766be4c87beead30,trail-of-bits,2026-10-02
76743934de4ae46e,exaforce,2026-10-02
76a11cbf349195f2,elastic-security-labs,2026-10-02
76ac571d5940eb89,ransomware-live,2026-10-02
76b9c49fb33b87e9,deeptempo,2026-10-02
76bd49468f65e508,cribl,2026-10-02
76bdd7f8b86f02bc,artemis,2026-10-02
76c334a8634dd018,canadian-centre-for-cyber-security,2026-10-02
76c5bfdc418a0005,deeptempo,2026-10-02
77012f6d3cd61a07,extrahop,2026-10-02
77169442c8fcd42b,databreaches-net,2026-10-02
7717d6f7f273dd50,simbian,2026-10-02
771e5c256ea681db,huntress,2026-10-02
7723cf0b0e50d4de,cribl,2026-10-02
77243112a85d85c7,ransomware-live,2026-10-02
7732b6c00457772a,the-hacker-news,2026-10-02
7741144c7900b774,zscaler,2026-10-02
7746b432a396e41d,cybersecurity-dive,2026-10-02
77480b76002050ab,exploit-db,2026-10-02
775c2a78515afffe,cribl,2026-10-02
7763e13c5111ada8,risky-business-news,2026-10-02
7781cdd1cbf3f7e4,huntress,2026-10-02
778ba6e5ae3c0114,mitiga,2026-10-02
779fc3e65702c0dc,cribl,2026-10-02
77ac4b8307731fb5,artemis,2026-10-02
77d4c96880cd8428,any-run,2026-10-02
77e1ca046e96fe25,exaforce,2026-10-02
77ea6c9bc6dda202,dropzone-ai,2026-10-02
78343fc9dd415666,wiz,2026-10-02
7837c9bceb8e2e97,zscaler,2026-10-02
783d1621865fb457,bleepingcomputer,2026-10-02
783eb33a5430bca2,simbian,2026-10-02
7848d497ae1eb97d,wiz,2026-10-02
78577e1abf00faad,simbian,2026-10-02
785bbcd0a90a2b94,google-threat-intelligence-mandiant,2026-10-02
786d26f6dd45febd,microsoft-security-blog,2026-10-02
7871c1ded6256611,risky-business-news,2026-10-02
787534aa4fe6d580,eset-welivesecurity,2026-10-02
78769f13fb11ac76,cribl,2026-10-02
78850896870d0cf0,elastic,2026-10-02
788aed6c1e957eee,elastic-security-labs,2026-10-02
789192510bbdb61b,recorded-future,2026-10-02
7893e9d1af733716,elastic-security-labs,2026-10-02
789e050013721819,infosecurity-magazine,2026-10-02
78a450841f4538d9,msrc-update-guide,2026-10-02
78bb25fbfb685df0,cribl,2026-10-02
78c2df521d0d31d8,cribl,2026-10-02
78cdb4404dbe3e7a,zero-day-initiative,2026-10-02
78ced56a956aba53,prophet-security,2026-10-02
78db360d948d9ac6,sentinelone,2026-10-02
78e032805a022155,huntress,2026-10-02
78ec60055852f2c0,airmdr,2026-10-02
79028e80039441de,group-ib,2026-10-02
79033454ba865ef6,dropzone-ai,2026-10-02
7903f1caeae398ce,schneier-on-security,2026-10-02
790813ac71ffc8d2,crowdstrike,2026-10-02
790aa12ddb69f567,msrc-update-guide,2026-10-02
792399dbe545a5bb,priam-cyber-ai,2026-10-02
7929442a076253d2,datadog-security-labs,2026-10-02
793091ca7fccf447,dropzone-ai,2026-10-02
79324070eec8eef5,crowdstrike,2026-10-02
79391a20e691f597,cribl,2026-10-02
7950515c391dd27a,cribl,2026-10-02
7950e334768e17da,infosecurity-magazine,2026-10-02
79542b21669ea01a,wiz,2026-10-02
7961a2920e5cfa3d,msrc-update-guide,2026-10-02
7981b9411e2a47e6,zscaler,2026-10-02
798f4fe3e259ea9e,binalyze,2026-10-02
7998ef5735d63f06,wiz,2026-10-02
799eb36506ccc497,cribl,2026-10-02
79aef80913fa9682,exploit-db,2026-10-02
79e492ac76190e93,wiz,2026-10-02
79efecf9397b08a2,recorded-future,2026-10-02
79fa4d419f27e1a9,dropzone-ai,2026-10-02
7a0d5e0037b204a3,cribl,2026-10-02
7a532dd9a23af8f9,deeptempo,2026-10-02
7a545092b275d074,group-ib,2026-10-02
7a6185fd8a57ac1b,tuskira,2026-10-02
7a748fb6ee125e4b,huntress,2026-10-02
7a79e7839d1f0603,trend-micro,2026-10-02
7a8156f253aad166,wiz,2026-10-02
7a93a8700a9ee40a,simbian,2026-10-02
7a99ce5f3b023ccc,msrc-update-guide,2026-10-02
7aa7c566a4e70a36,datadog,2026-10-02
7ab07f738e7a5be0,group-ib,2026-10-02
7ab8201fb318b75a,nebulock,2026-10-02
7acb2c0a74b568ba,axoflow,2026-10-02
7add61e7ccbc3421,ransomware-live,2026-10-02
7ae2d9f74314ec03,ransomware-live,2026-10-02
7ae5c3d25c7ee8de,extrahop,2026-10-02
7aebe5accfd5f90f,wiz,2026-10-02
7af63642ff0506bc,datadog,2026-10-02
7af922e4ff0467e0,huntress,2026-10-02
7afb880e7de22f98,canadian-centre-for-cyber-security,2026-10-02
7aff1a5176fbcb07,dropzone-ai,2026-10-02
7b19455d761fac05,risky-business-news,2026-10-02
7b1a0f56799ec44a,cribl,2026-10-02
7b1ca091b492f32c,elastic-security-labs,2026-10-02
7b2b85f17feb7758,darktrace,2026-10-02
7b2d720c9d936e37,prophet-security,2026-10-02
7b32211713f37644,microsoft-sentinel,2026-10-02
7b3545e92d57dc98,cribl,2026-10-02
7b3f15290ebda8af,wiz,2026-10-02
7b5fcf93568f2993,tuskira,2026-10-02
7b6db2a39a719150,zscaler,2026-10-02
7b7348fff7b159cc,objective-see,2026-10-02
7b757f066254d352,tenzir,2026-10-02
7b804092fff7efeb,cloudflare,2026-10-02
7b96f87e6a52387e,msrc-update-guide,2026-10-02
7ba263030bb8adaa,threatdefence,2026-10-02
7ba7d439402a790f,help-net-security,2026-10-02
7bb9cfb83d4b53d2,elastic,2026-10-02
7bc3281a8bfcdfed,cert-fr-alerts,2026-10-02
7bc51c20eed0f6c4,datadog,2026-10-02
7bc83135e4967d8e,greynoise,2026-10-02
7bcffd866b73d46c,cribl,2026-10-02
7bd1c3e3a2e71678,ransomware-live,2026-10-02
7bd6285ba479a776,msrc-update-guide,2026-10-02
7bd76c071b8b8b52,msrc-update-guide,2026-10-02
7bde49b556ca2cea,dark-reading,2026-10-02
7be4bdd16bb8c086,zscaler,2026-10-02
7c0613273e4fafe4,msrc-update-guide,2026-10-02
7c0838df03040779,bleepingcomputer,2026-10-02
7c11bebd212cdb87,msrc-update-guide,2026-10-02
7c205d3f665085f8,greynoise,2026-10-02
7c2d7471d97089bd,msrc-update-guide,2026-10-02
7c36da8a24c5839e,group-ib,2026-10-02
7c55359dcddd56d2,zscaler,2026-10-02
7c66c791d6b5a911,expel,2026-10-02
7c699541e1dc5792,elastic,2026-10-02
7c771b8fc1fcf9c1,exaforce,2026-10-02
7c82964b3fea6f34,axoflow,2026-10-02
7c84ced3c519a4a7,elastic-security-labs,2026-10-02
7c8b104d0cee756e,objective-see,2026-10-02
7c9703b426af355e,underdefense,2026-10-02
7ca4d0c5eb9109e9,deeptempo,2026-10-02
7cb9bb001c0c93bd,huntress,2026-10-02
7cc165731018d6cf,elastic-security-labs,2026-10-02
7cc58978bee0d4b7,ransomware-live,2026-10-02
7cf184084de461bc,group-ib,2026-10-02
7cf4e07c96108c9e,microsoft-sentinel,2026-10-02
7cfe6f2113f91571,rapid7,2026-10-02
7d182d19f5b8a067,elastic-security-labs,2026-10-02
7d387a07a9a7f6c2,wiz,2026-10-02
7d41bd14de5025e0,objective-see,2026-10-02
7d4a31197f2562f7,tuskira,2026-10-02
7d4f95884d68b25b,the-hacker-news,2026-10-02
7d57c8d6c92b8be2,dropzone-ai,2026-10-02
7d6f890d8bce58ca,rapid7,2026-10-02
7d6fb14e95bd37ed,wiz,2026-10-02
7d728cc439591d29,infosecurity-magazine,2026-10-02
7d7992787e246946,cribl,2026-10-02
7d80c78ff527cc23,greynoise,2026-10-02
7d8d9de996965fb9,the-hacker-news,2026-10-02
7d8fa6654843c9a7,msrc-update-guide,2026-10-02
7d9d93a99cd0446c,wiz,2026-10-02
7db14046e690756d,ransomware-live,2026-10-02
7dbd6a69bd1674eb,group-ib,2026-10-02
7dcb9ea703c6f381,elastic,2026-10-02
7dd470f27a7bbf9f,elastic-security-labs,2026-10-02
7dd682c39a0c6b83,huntress,2026-10-02
7dd800a43bb6be04,elastic-security-labs,2026-10-02
7ddff23dc6a6f041,soc-prime,2026-10-02
7de6db9a1f26b0da,mitiga,2026-10-02
7df979e3443dc6ce,dark-reading,2026-10-02
7e1a11a53108ed62,cert-fr-alerts,2026-10-02
7e1c8fc65d22ec37,huntress,2026-10-02
7e32622e5291c50e,ransomware-live,2026-10-02
7e3ea163ebbdca16,tuskira,2026-10-02
7e4b941fbe8fd114,bricklayer-ai,2026-10-02
7e4df5a3a701d772,simbian,2026-10-02
7e4ecfb2e84367b4,cribl,2026-10-02
7e52a714f55e4003,tenzir,2026-10-02
7e59c56d4433368d,microsoft-sentinel,2026-10-02
7e5b836627b0acbe,anvilogic,2026-10-02
7e65467f1a5f64d6,group-ib,2026-10-02
7ea501ad695dfcc4,huntress,2026-10-02
7eb0070eebb4dbec,ransomware-live,2026-10-02
7eb7ed6dbd10cf52,risky-business-news,2026-10-02
7ed3ff0cd5ea677e,wiz,2026-10-02
7ed7783a90892d3f,mitiga,2026-10-02
7ef81e67b39f6ace,cso-online,2026-10-02
7efb052f6c721899,huntress,2026-10-02
7f057e352b11f433,darktrace,2026-10-02
7f0e610d515e2454,cribl,2026-10-02
7f17ebdb3633478a,group-ib,2026-10-02
7f2830273f4d3225,risky-business-news,2026-10-02
7f2a6b9256ff32dd,google-threat-intelligence-mandiant,2026-10-02
7f2aef9f62b369f2,recorded-future,2026-10-02
7f2f50d890460889,exploit-db,2026-10-02
7f3edae57d11c76a,elastic-security-labs,2026-10-02
7f474d4e5b505fbd,elastic-security-labs,2026-10-02
7f50f7608ef203ca,objective-see,2026-10-02
7f6ed6461e759cc7,wiz,2026-10-02
7f76279ef0731d2f,msrc-update-guide,2026-10-02
7f7fdb96482d1b4f,infosecurity-magazine,2026-10-02
7f8ace82a4a3274e,bleepingcomputer,2026-10-02
7f8ef3728e93344a,huntress,2026-10-02
7f9032a26d78fe7e,wiz,2026-10-02
7f92e2ffc236ea25,objective-see,2026-10-02
7fa6ffd60ebfde4e,anvilogic,2026-10-02
7fb257eed4b0e216,tuskira,2026-10-02
7fbb4e0b38c80759,anvilogic,2026-10-02
7fc512077c7327cd,anvilogic,2026-10-02
7fccb0ce571f9356,exploit-db,2026-10-02
7fd0965c0d71175f,securevisio,2026-10-02
7fd77aa83ba4bb4f,recorded-future,2026-10-02
7fe14a58f1612620,infosecurity-magazine,2026-10-02
7febc0f06c6eabe7,tenzir,2026-10-02
7feffa997e7d1599,group-ib,2026-10-02
7ff5ebdf54049fd1,eset-welivesecurity,2026-10-02
7ff6f5e6226b4801,tuskira,2026-10-02
8000b7efc3dacd78,prophet-security,2026-10-02
8017a45ea629dbd8,digital-hands,2026-10-02
803af0416bd4f8af,deeptempo,2026-10-02
805c7f229e97a39f,recorded-future,2026-10-02
806e5181eb3b0b89,elastic-security-labs,2026-10-02
8075d3357a8f1d64,infosecurity-magazine,2026-10-02
808fae953ec7e45e,dropzone-ai,2026-10-02
809f9057f9da8a15,simbian,2026-10-02
80a71081e7eb72ca,huntress,2026-10-02
80a7273ce8518c69,mitiga,2026-10-02
80adb1e5f8dee804,huntress,2026-10-02
80aff500f32bc438,cribl,2026-10-02
80c6a6425508df80,the-hacker-news,2026-10-02
80de3f2943ed0f5c,artemis,2026-10-02
80e709b62ce6f66e,infosecurity-magazine,2026-10-02
80f8f8debc627e10,canadian-centre-for-cyber-security,2026-10-02
8109a0431a91bb3b,exploit-db,2026-10-02
811611d4cb04de63,secure-com,2026-10-02
812273ef25bc14d4,anvilogic,2026-10-02
812440dbabb2874f,cribl,2026-10-02
8129304546d90c54,elastic,2026-10-02
81666d8aa0920723,group-ib,2026-10-02
816c21d8ad2b01a5,infosecurity-magazine,2026-10-02
817fc8c52cb497d5,wiz,2026-10-02
81a156738589bc64,google-threat-intelligence-mandiant,2026-10-02
81bbc55ffb9bfa31,elastic-security-labs,2026-10-02
81cb6e968d194228,greynoise,2026-10-02
81cf37c00f6f552c,wiz,2026-10-02
81d8ba574df87291,cribl,2026-10-02
81e0ac2b37d6fca8,group-ib,2026-10-02
81f5908365efa2d9,group-ib,2026-10-02
8225c96448236f09,simbian,2026-10-02
823db2de444edfab,cloudflare,2026-10-02
823ecf4ec1d8d45c,ransomware-live,2026-10-02
824dae8a6ad95940,elastic-security-labs,2026-10-02
8256b67a5de68cb5,prophet-security,2026-10-02
8260420185a74416,infosecurity-magazine,2026-10-02
826470d7d3d5c7e8,cribl,2026-10-02
826579dae88454ea,crowdstrike,2026-10-02
827c6110375be3e3,msrc-update-guide,2026-10-02
827cd41835ba3949,infosecurity-magazine,2026-10-02
8289ef7c8c0261d8,infosecurity-magazine,2026-10-02
82a3960a3b8ad424,elastic-security-labs,2026-10-02
82d293cbb6b04b4e,wiz,2026-10-02
82dafaf4ef97f56f,group-ib,2026-10-02
82e51cc2254612db,cribl,2026-10-02
82f3ad7505f6566f,cisa-cybersecurity-advisories,2026-10-02
82f97fe8911cf369,seculyze,2026-10-02
82fd319f1e324793,cribl,2026-10-02
82ffe0e1ed6bb3e2,databricks,2026-10-02
830c00b0eb7ef91c,cribl,2026-10-02
830fa5d20e452c46,ransomware-live,2026-10-02
8317f12bd158007b,ncsc-uk,2026-10-02
831ef8ce39b08d0e,deeptempo,2026-10-02
8334fd9289dddb80,simbian,2026-10-02
835a354b85de1927,prophet-security,2026-10-02
8368bc5921a62da2,cisa-news,2026-10-02
8369913131e7de3e,group-ib,2026-10-02
837d241d9bf94404,exploit-db,2026-10-02
838a74a089d12244,wiz,2026-10-02
83979a93ac27fc13,binalyze,2026-10-02
83b8477cbda589fc,mitiga,2026-10-02
83bbbd7070615079,wiz,2026-10-02
83c66d96f0e3e6ab,priam-cyber-ai,2026-10-02
83f04d8486e03037,mitiga,2026-10-02
8407a091f55bd127,msrc-update-guide,2026-10-02
8414f1b5df7710e9,rapid7,2026-10-02
84260d1976270c28,anvilogic,2026-10-02
843281c46adfdafe,infosecurity-magazine,2026-10-02
8436e6f3df1747e3,objective-see,2026-10-02
84464aa5fc365683,darktrace,2026-10-02
844e4dd2431a4e7d,elastic,2026-10-02
84593ebde1196076,tenex-ai,2026-10-02
845cf3f2de3ff127,dropzone-ai,2026-10-02
845e63f734ba0faa,cribl,2026-10-02
845ecca46fde6e7c,the-dfir-report,2026-10-02
8471cc6633766f6d,darktrace,2026-10-02
84874be9c2fe2972,cribl,2026-10-02
8488e7a0e5f198fe,cert-fr-alerts,2026-10-02
848ce5f880fdab98,datadog,2026-10-02
848e6183d08392a1,huntress,2026-10-02
848e9e7683c4a27f,deeptempo,2026-10-02
84a3a4d56cd8dcb9,darktrace,2026-10-02
84ad2dd9df0aacf7,artemis,2026-10-02
84e22143cefbcf72,ransomware-live,2026-10-02
84fafbac5110ff7b,dark-reading,2026-10-02
851445a39c07a613,cribl,2026-10-02
851affdd497a2b7c,cisco-talos,2026-10-02
851f4c42fc0effc9,infosecurity-magazine,2026-10-02
8541bff7578bd92b,huntress,2026-10-02
8546e8bab73b5450,infosecurity-magazine,2026-10-02
856d0cb8fd2db45f,shuffle,2026-10-02
85780fd1f6038fe8,elastic-security-labs,2026-10-02
8582765a3aed2091,huntress,2026-10-02
8584537b374601e8,recorded-future,2026-10-02
858fab915be44272,cribl,2026-10-02
8593df7d9b95548d,graham-cluley,2026-10-02
859eb03036639cb1,mitiga,2026-10-02
85a670d43f25aecc,cribl,2026-10-02
85ba81d251659114,anvilogic,2026-10-02
85bf09954ef51515,group-ib,2026-10-02
85ce61e321449a87,elastic-security-labs,2026-10-02
85e0cfa6a26ddcf7,msrc-update-guide,2026-10-02
85ec6519fda8e562,tenacium-dc,2026-10-02
85f1deb9d9caf172,recorded-future,2026-10-02
85f553f6d452fdae,cribl,2026-10-02
85fc7f33686f1d03,dropzone-ai,2026-10-02
85fca5e5e775b7be,msrc-update-guide,2026-10-02
860d05236c8332c4,cert-fr-alerts,2026-10-02
861f4dd4c580966a,krebs-on-security,2026-10-02
8635858264d2983d,security-affairs,2026-10-02
8649851c5916b3f2,simbian,2026-10-02
8668b09f9f5cc245,huntress,2026-10-02
866b25f127151740,greynoise,2026-10-02
866e193b6a6a6431,ransomware-live,2026-10-02
867ac27df914adfa,exploit-db,2026-10-02
868493a07baa2d20,tuskira,2026-10-02
8697fa8d5989e3dc,deeptempo,2026-10-02
869bb8555344c507,elastic-security-labs,2026-10-02
86bccc9705b92dbd,msrc-update-guide,2026-10-02
86c168a9af3ec12a,msrc-update-guide,2026-10-02
86c8f73d7df184a3,ransomware-live,2026-10-02
86ca174e2374e967,trend-micro,2026-10-02
86d116c092c16c1d,ransomware-live,2026-10-02
86dd52797fd34d17,objective-see,2026-10-02
86e2a6b0348a3205,prophet-security,2026-10-02
86ef78054bfd4f21,axoflow,2026-10-02
86fa5454d998737c,darktrace,2026-10-02
8704487cc686bedb,darktrace,2026-10-02
87085033d668f544,group-ib,2026-10-02
870a14dd20f98004,the-hacker-news,2026-10-02
8738e073beae0378,datadog,2026-10-02
87424530332449b8,tuskira,2026-10-02
8748d07eb212346f,trend-micro,2026-10-02
876d9000819847b2,cribl,2026-10-02
876e12e8883d4bba,cso-online,2026-10-02
8798c8df6f836a0f,cyberscoop,2026-10-02
879a2667a4a1e61b,check-point-research,2026-10-02
879deba5cdc21e9d,digital-hands,2026-10-02
87a09a9d21e51c6b,infosecurity-magazine,2026-10-02
87b5ec58383b4f35,cribl,2026-10-02
87b985a2b43101ae,cribl,2026-10-02
87cb3e4a383ac2b5,jpcert-cc,2026-10-02
87d7cb34664625d4,cribl,2026-10-02
87ea67e2bdb2ba9d,exaforce,2026-10-02
87fe014b74a94028,elastic-security-labs,2026-10-02
880bd2e8f99d0504,prophet-security,2026-10-02
880e8f06cbb55a39,infosecurity-magazine,2026-10-02
8811b4f36b073114,extrahop,2026-10-02
8823890089f48c74,objective-see,2026-10-02
882ef7a68c3a221f,tuskira,2026-10-02
8832119a35a10cf4,darktrace,2026-10-02
883225b73d6bb15d,greynoise,2026-10-02
8840b54dc07daa08,msrc-update-guide,2026-10-02
884de9a94ecd30fc,prophet-security,2026-10-02
885011bf14df789c,ransomware-live,2026-10-02
885347090b19e262,cvefeed-io,2026-10-02
886320396b917eb9,group-ib,2026-10-02
886569b91dc7c8a0,expel,2026-10-02
886760f76c4ab558,simbian,2026-10-02
8887a8e559f53ff3,recorded-future,2026-10-02
889102392349a594,group-ib,2026-10-02
889358b500cc92db,msrc-update-guide,2026-10-02
8896058b32a99fca,trend-micro,2026-10-02
88b1b3c0bd98be58,palo-alto-unit-42,2026-10-02
88b20a27da049666,group-ib,2026-10-02
88c5ac2337f7c89c,exaforce,2026-10-02
88c6e4db9a803a8e,elastic,2026-10-02
88d8855c837df665,exaforce,2026-10-02
88dfa72517be64e3,prophet-security,2026-10-02
88e477a33a113081,huntress,2026-10-02
88ecaaa0e65cd4a0,elastic-security-labs,2026-10-02
88f957a38c3d8e2e,elastic-security-labs,2026-10-02
88ff89632d02e7a1,wiz,2026-10-02
89050b17ff07436d,extrahop,2026-10-02
89054d62a4ba5460,reversinglabs,2026-10-02
89097ee5b0af307a,tuskira,2026-10-02
89180c7378dbcaa6,runreveal,2026-10-02
891a85cec88b1323,datadog,2026-10-02
89220f032807558a,canadian-centre-for-cyber-security,2026-10-02
892547187af603e6,the-record-recorded-future-news,2026-10-02
892c79924dec9068,huntress,2026-10-02
892cc8ea298160be,watchtowr-labs,2026-10-02
8937d12f8573a8a7,cribl,2026-10-02
89467d8cf7f4f969,msrc-update-guide,2026-10-02
894e407a96537bde,msrc-update-guide,2026-10-02
896a8e0dfc47f896,ransomware-live,2026-10-02
899442619ae38485,group-ib,2026-10-02
8995ec4e6fa7c887,objective-see,2026-10-02
8996612b3d35ce72,elastic-security-labs,2026-10-02
89a3f57b6c1fa589,msrc-update-guide,2026-10-02
89aa30759d2c4127,cso-online,2026-10-02
89bd2f513151ac29,huntress,2026-10-02
89bd7a4a00fd5321,eset-welivesecurity,2026-10-02
89cfb1b30e620c9a,dark-reading,2026-10-02
89e8337ca3cc7211,exploit-db,2026-10-02
89f2d7af45474371,infosecurity-magazine,2026-10-02
8a11597ff78684a2,deeptempo,2026-10-02
8a18039a3b91b499,eset-welivesecurity,2026-10-02
8a252cb97f93e1b6,prophet-security,2026-10-02
8a2645dbb0d47810,cribl,2026-10-02
8a2ae7a592912afb,the-hacker-news,2026-10-02
8a2b299b9b9f170c,msrc-update-guide,2026-10-02
8a3f8241ec08d201,zscaler,2026-10-02
8a40d60c17283603,palo-alto-unit-42,2026-10-02
8a41f7b014207eb9,elastic,2026-10-02
8a42fbbcc5a57203,cribl,2026-10-02
8a51de086225a699,huntress,2026-10-02
8a6495c394542cb7,eset-welivesecurity,2026-10-02
8a87cdf877bda3ec,elastic-security-labs,2026-10-02
8a885c0f70a39c6c,msrc-update-guide,2026-10-02
8a898a3b93ee3201,axoflow,2026-10-02
8a8c53b587c444aa,oss-security-seclists,2026-10-02
8a90399c7237b2a2,axoflow,2026-10-02
8a9a01ae9cbe44e2,pre-security,2026-10-02
8a9cc9ac42b06890,securevisio,2026-10-02
8aafd72928f31eb9,infosecurity-magazine,2026-10-02
8ab1162686a60e61,cribl,2026-10-02
8ab8d8839f3724a9,datadog,2026-10-02
8ac256c21a56b08a,trend-micro,2026-10-02
8ad9c6bf7fdfe7dd,huntress,2026-10-02
8aec6a200195e625,greynoise,2026-10-02
8af5dc8b1580e5a9,wiz,2026-10-02
8af7f98f99c0141a,cribl,2026-10-02
8afcee6931c268b8,malwarebytes-labs,2026-10-02
8b019fa9695eddea,watchtowr-labs,2026-10-02
8b10a1bc5f671f98,cloudflare,2026-10-02
8b13a965800c2f14,msrc-update-guide,2026-10-02
8b1617d78174e77d,ransomware-live,2026-10-02
8b1a56957a04a6f9,prophet-security,2026-10-02
8b1e6478a402eb13,d3-security,2026-10-02
8b2c0d36d049321f,zero-day-initiative,2026-10-02
8b30aa578bd760c3,cribl,2026-10-02
8b35946fd177fda7,dropzone-ai,2026-10-02
8b4ee0c6e1b576fc,msrc-update-guide,2026-10-02
8b4f2566ae697cff,risky-business-news,2026-10-02
8b537c61d6c88d04,huntress,2026-10-02
8b5e5ebecf7450d8,group-ib,2026-10-02
8b607018a06a5d9b,group-ib,2026-10-02
8b666a22202c9ad7,recorded-future,2026-10-02
8b67a595dc820de6,group-ib,2026-10-02
8b692a0ba056e1a3,wiz,2026-10-02
8b6b73263be6f4d7,infosecurity-magazine,2026-10-02
8b6ddc90a9af1083,elastic-security-labs,2026-10-02
8b7737d0e688f4af,airmdr,2026-10-02
8b8825e4fd3838c0,huntress,2026-10-02
8b90ffb6f33e13c4,cribl,2026-10-02
8b946300677a9d2e,darktrace,2026-10-02
8b9700c92dfacd03,sentinellabs,2026-10-02
8b9a90d8165c641a,deeptempo,2026-10-02
8ba0ac282b9f068b,graham-cluley,2026-10-02
8bb5fe491a35d675,ransomware-live,2026-10-02
8bb9760acbe4ca88,axoflow,2026-10-02
8bc10d06d9b425d8,infosecurity-magazine,2026-10-02
8bd94cda7da831ff,group-ib,2026-10-02
8bf78eafe40131e2,dropzone-ai,2026-10-02
8c0092489b7f1b6a,msrc-update-guide,2026-10-02
8c109471c72d0bfc,anvilogic,2026-10-02
8c2905ef77f9d359,wiz,2026-10-02
8c2ea09f45e8f3e0,ransomware-live,2026-10-02
8c3b85ce013c505c,infosecurity-magazine,2026-10-02
8c485245b1855c62,group-ib,2026-10-02
8c4e4ffe7f8c0dfd,dark-reading,2026-10-02
8c52fb339c830a12,elastic-security-labs,2026-10-02
8c59c8acd1c5e4b2,graham-cluley,2026-10-02
8c6033048dde70fa,wiz,2026-10-02
8c669b3356118c51,infosecurity-magazine,2026-10-02
8c82b8745bf3ec63,tenable,2026-10-02
8c842d7472bec4a8,msrc-update-guide,2026-10-02
8c87f53556a05655,deeptempo,2026-10-02
8c8ad76d4fd78c7d,infosecurity-magazine,2026-10-02
8ca929b77735ba6f,huntress,2026-10-02
8ca9ae9aa020ea8f,objective-see,2026-10-02
8ccad779784e06fe,wiz,2026-10-02
8cd04cdb33a8fd3d,mitiga,2026-10-02
8cd3fd380438d844,huntress,2026-10-02
8cf8d51e047ced2a,tenacium-dc,2026-10-02
8d09fcc1f0601509,cribl,2026-10-02
8d1e5064e5e752a3,anvilogic,2026-10-02
8d1ea7468a147c72,zynap,2026-10-02
8d1f0163208efa9a,datadog,2026-10-02
8d381c43d28c2999,msrc-update-guide,2026-10-02
8d38b3f3a3cab6c3,group-ib,2026-10-02
8d40cb4ffee5ea0d,greynoise,2026-10-02
8d454b182ab6722d,wiz,2026-10-02
8d672684a0f3ac6f,anvilogic,2026-10-02
8d67d18423299288,extrahop,2026-10-02
8d7b99f2965b6d4c,simbian,2026-10-02
8d80534fdc8370f8,priam-cyber-ai,2026-10-02
8d989c50b616e99c,the-hacker-news,2026-10-02
8d9b46e5abc98e44,elastic-security-labs,2026-10-02
8da283add38c5944,exploit-db,2026-10-02
8da4536a08bc3da8,the-hacker-news,2026-10-02
8db544585fe636b7,datadog,2026-10-02
8db557aedccac6d6,objective-see,2026-10-02
8db720c638c4b57b,mitiga,2026-10-02
8dbb77202ad5bee5,eset-welivesecurity,2026-10-02
8dbb9d0ccd88b037,infosecurity-magazine,2026-10-02
8dc0401a66e275c1,elastic-security-labs,2026-10-02
8de501057d2c07e0,wiz,2026-10-02
8df000fabe2d287a,ransomware-live,2026-10-02
8df4acb689f7b2ce,infosecurity-magazine,2026-10-02
8e0604542f4b8179,elastic-security-labs,2026-10-02
8e0837b2e8fe3fce,recorded-future,2026-10-02
8e0ca2d1eab378f7,microsoft-sentinel,2026-10-02
8e16603a92406c66,reversinglabs,2026-10-02
8e35708749756c15,msrc-update-guide,2026-10-02
8e391a02ac36c50c,infosecurity-magazine,2026-10-02
8e3b60a5db4c278f,mitiga,2026-10-02
8e4e4844f4e587c9,dark-reading,2026-10-02
8e5c1c2c4fe91f39,mitiga,2026-10-02
8e5d2538ef78a7c0,infosecurity-magazine,2026-10-02
8e7864f1f6cb69a7,msrc-update-guide,2026-10-02
8e8ab2122d4620cc,elastic-security-labs,2026-10-02
8e8d15adb58e620e,eset-welivesecurity,2026-10-02
8e91462246578403,infosecurity-magazine,2026-10-02
8e952edb13cb1e3b,objective-see,2026-10-02
8e9e72ef4de87c3e,wiz,2026-10-02
8ea8b6fdb751a1aa,risky-business-news,2026-10-02
8eaa24812c564126,wiz,2026-10-02
8eae70f870d157ce,cribl,2026-10-02
8eb1a138fda08bb9,eset-welivesecurity,2026-10-02
8eb969debfc7bb84,recorded-future,2026-10-02
8edf8fe005239ec3,cribl,2026-10-02
8f0186d11bb88b54,cribl,2026-10-02
8f03b289b76cbb32,dropzone-ai,2026-10-02
8f08abf28df5bc85,huntress,2026-10-02
8f17a5c670b7b879,msrc-update-guide,2026-10-02
8f2123c5fce716fb,cert-fr-alerts,2026-10-02
8f22adcca745a890,mitiga,2026-10-02
8f2b018c295e70b7,mitiga,2026-10-02
8f2c2ca512e7c706,group-ib,2026-10-02
8f4a11ec78cf051e,mitiga,2026-10-02
8f4d9a24414b8d7f,group-ib,2026-10-02
8f5e063cde77ba9a,elastic,2026-10-02
8f626b829d591d74,eset-welivesecurity,2026-10-02
8f7478d8f779a6d9,tenzir,2026-10-02
8f8e7c4b80864a44,prophet-security,2026-10-02
8f901f96f68a6585,tuskira,2026-10-02
8fa859bfc39797c5,recorded-future,2026-10-02
8fb5488b18303fb3,group-ib,2026-10-02
8fb8a694bd1d4fcf,dropzone-ai,2026-10-02
8fbb2ab978988dcc,group-ib,2026-10-02
8fcdfe35ec969b7b,group-ib,2026-10-02
8fd15611dd7d20c1,mitiga,2026-10-02
8fdbbfdf1ed69447,runreveal,2026-10-02
8fe2fee467670313,mitiga,2026-10-02
8fe7c6fbade591ef,microsoft-sentinel,2026-10-02
902b7cf2eeb569c2,canadian-centre-for-cyber-security,2026-10-02
90349fea5423259b,msrc-update-guide,2026-10-02
904947a939ebab5b,datadog,2026-10-02
9058368d26b4f795,greynoise,2026-10-02
9062925bb08fe6e7,risky-business-news,2026-10-02
9063c01ffe3f3734,silent-push,2026-10-02
906c906c06d14118,darktrace,2026-10-02
90847d94b45a7973,infosecurity-magazine,2026-10-02
9085f44b92b7dee1,cisa-cybersecurity-advisories,2026-10-02
908cd1d1a1289c96,group-ib,2026-10-02
90973a7bc5d58f19,check-point-research,2026-10-02
90978c980b7aca4b,proofpoint-threat-insight,2026-10-02
90a3e2768c57ae32,simbian,2026-10-02
90b51a982946ecd5,bleepingcomputer,2026-10-02
90bf52f1af4b8584,objective-see,2026-10-02
90d197a1bb7349b2,infosecurity-magazine,2026-10-02
90e2c09dc1588718,huntress,2026-10-02
90e8d343e6246e5c,full-disclosure-seclists,2026-10-02
90eba07f74b4d4c0,check-point-research,2026-10-02
90f7527cd70ec069,trend-micro,2026-10-02
91083304a034c3ba,elastic,2026-10-02
9116abb4369c52fb,tenzir,2026-10-02
91372189543fb530,msrc-update-guide,2026-10-02
91398362b2c18674,group-ib,2026-10-02
913edc16724906d6,group-ib,2026-10-02
9153f9054dd6840f,wiz,2026-10-02
9153fdf441f0fa3a,axoflow,2026-10-02
916aeca1d8bc2df3,huntress,2026-10-02
916b426506dad806,group-ib,2026-10-02
916d5eb3f03aa6c7,cribl,2026-10-02
916fa22fcff1387e,group-ib,2026-10-02
9171ce760edc31a7,elastic-security-labs,2026-10-02
919708d81b74fcdc,datadog,2026-10-02
91c9b086b425b24a,full-disclosure-seclists,2026-10-02
92077c8cc1cc1271,ransomware-live,2026-10-02
920cad733e52faf9,wiz,2026-10-02
923374b8eeb73ec0,tuskira,2026-10-02
92367146260cf5b9,ransomware-live,2026-10-02
9240901b4e741155,anvilogic,2026-10-02
924996bc982f372e,infosecurity-magazine,2026-10-02
9250dbd1a5cda963,exploit-db,2026-10-02
925498d8c2171a10,deeptempo,2026-10-02
9276a7d952402443,citizen-lab,2026-10-02
92786ec711506860,msrc-update-guide,2026-10-02
92883b8085bdb242,huntress,2026-10-02
92a0130480ed5d9c,infosecurity-magazine,2026-10-02
92a3f6943291f20a,soc-prime,2026-10-02
92dc46032a9cffbe,cribl,2026-10-02
92de01bdc3f9523d,cribl,2026-10-02
92e6e12836f6b25f,group-ib,2026-10-02
92f390cea306c7ac,msrc-update-guide,2026-10-02
92fc99909feda8d5,anvilogic,2026-10-02
9307233db6c8a13c,cyberscoop,2026-10-02
930ff0a8756eb14b,msrc-update-guide,2026-10-02
9329f5cac947a955,wiz,2026-10-02
932e01ad9345b6b6,group-ib,2026-10-02
932e420643b8016e,risky-business-news,2026-10-02
9340223bb7820c6f,huntress,2026-10-02
9358a5f1487e4d63,huntress,2026-10-02
935f32333149adf4,msrc-update-guide,2026-10-02
9365ec815053a060,elastic,2026-10-02
936bb5423adf9e9b,datadog,2026-10-02
9375d420ee03893c,huntress,2026-10-02
9380db32ffb386e6,exaforce,2026-10-02
939313d979fadd86,google-project-zero,2026-10-02
9397b0f25ca9fa7c,prophet-security,2026-10-02
939a05ee68959535,greynoise,2026-10-02
939a0c3c53481147,cribl,2026-10-02
939e9ef55310d11a,cribl,2026-10-02
939ecf384c9210cf,group-ib,2026-10-02
93aee1a0e15bbe4b,darktrace,2026-10-02
93af69c2184f6fe5,axoflow,2026-10-02
93af9f6aaf77f01c,wiz,2026-10-02
93b2f828b6070d6c,simbian,2026-10-02
93c3cdd37db8bd3a,axoflow,2026-10-02
93d3be6534b85df3,zscaler,2026-10-02
93d61ec4e2ac6bc8,objective-see,2026-10-02
93ebcf6f7fe5acb7,sleuth-kit-labs,2026-10-02
93efa4e5ffbcbebf,trend-micro,2026-10-02
93f5701b3b544609,elastic-security-labs,2026-10-02
93fff9d4b6962f1f,elastic-security-labs,2026-10-02
9406232aad1aa031,wiz,2026-10-02
942fd73a18fba19b,elastic-security-labs,2026-10-02
942fd8aac49f2655,cisco-talos,2026-10-02
9431712050696f81,huntress,2026-10-02
943305dda06e48af,zscaler,2026-10-02
94546be4d513cef2,infosecurity-magazine,2026-10-02
945c0afe3d06cc16,canadian-centre-for-cyber-security,2026-10-02
946d94ac3d9e2745,axoflow,2026-10-02
9478403eb8a03e5b,wiz,2026-10-02
94a756cea2700500,msrc-update-guide,2026-10-02
94bb50ba63da8262,threatdefence,2026-10-02
94bedf1a05496928,wiz,2026-10-02
94c3f17b7afdbeb9,datadog-security-labs,2026-10-02
94d0c10b2e8edcf9,zscaler,2026-10-02
94d67d9d7814ee43,cert-fr-alerts,2026-10-02
94e8716bb784d4b2,wiz,2026-10-02
94eac4484a71a9cd,wiz,2026-10-02
94f1ed2864b35e95,exaforce,2026-10-02
94fd659def1aafc3,binalyze,2026-10-02
94fed5c71f73e298,datadog-security-labs,2026-10-02
9500df075a9b45c2,watchtowr-labs,2026-10-02
9504aefe3c9a42c4,msrc-update-guide,2026-10-02
95158d92ecd1c048,ransomware-live,2026-10-02
953a0f77f11c240e,tuskira,2026-10-02
953a9269e98f5345,the-hacker-news,2026-10-02
953fe24e0fe8d692,elastic-security-labs,2026-10-02
9546f36450a5a2e5,greynoise,2026-10-02
95569acfc253a288,trail-of-bits,2026-10-02
955a867b05a063ce,axoflow,2026-10-02
955a98a99eb173b5,elastic-security-labs,2026-10-02
9567387f879c78f4,greynoise,2026-10-02
9569145e87abc854,axoflow,2026-10-02
9578d47177552273,canadian-centre-for-cyber-security,2026-10-02
957966d054444504,canadian-centre-for-cyber-security,2026-10-02
9579a6e489b28f17,anvilogic,2026-10-02
958513094121ad91,greynoise,2026-10-02
95892959cb66fa28,datadog,2026-10-02
958c2ea8e8e883a3,oss-security-seclists,2026-10-02
958e3823f59bd3d4,simbian,2026-10-02
95934dcc91e4a306,exaforce,2026-10-02
95a8dc9166c4ef00,tuskira,2026-10-02
95b470e8017cfeeb,elastic-security-labs,2026-10-02
95f6d216c762e580,group-ib,2026-10-02
95f72489a073a92e,infosecurity-magazine,2026-10-02
95fbed9c94a5eab3,infosecurity-magazine,2026-10-02
961e3a5a473dae9e,dark-reading,2026-10-02
9629836c4c46804f,seculyze,2026-10-02
9648ac075a0e0efc,darktrace,2026-10-02
9665186c80fbecda,eset-welivesecurity,2026-10-02
967a1076a0e33cfb,huntress,2026-10-02
968248428d740615,eset-welivesecurity,2026-10-02
96a2181654d119b2,huntress,2026-10-02
96a99b37fdd483a3,objective-see,2026-10-02
96b101edb7ca06be,darktrace,2026-10-02
96baf39c6607da52,prophet-security,2026-10-02
96c9ad71d06991d8,cyberscoop,2026-10-02
96ccd9fe803201f9,msrc-update-guide,2026-10-02
96d038f1cbe8bb9e,zscaler,2026-10-02
96eccf412815bd84,huntress,2026-10-02
96f6cdd5978a87d6,elastic-security-labs,2026-10-02
970200875f1f9eee,dropzone-ai,2026-10-02
97026bfb57daafbe,cert-cc-vulnerability-notes,2026-10-02
970ad29e0af8bdae,tenzir,2026-10-02
9719fcfa0f7464bf,eset-welivesecurity,2026-10-02
971f1e2d3f27e395,greynoise,2026-10-02
9727af8cc58f655e,huntress,2026-10-02
972bc1cef32f385d,tines,2026-10-02
973fe256f75c4417,cribl,2026-10-02
974547d75b4d5026,secure-com,2026-10-02
974943bead89529e,objective-see,2026-10-02
974e94e68cc6ebd0,darktrace,2026-10-02
975354f13b5b9bd2,cribl,2026-10-02
9782284f4d7d89b4,imperum,2026-10-02
9787673d83248c89,huntress,2026-10-02
97940084b173d03f,axoflow,2026-10-02
979e74467ff26923,infosecurity-magazine,2026-10-02
97b6fa2c29734139,msrc-update-guide,2026-10-02
97b79b34a53e01fb,trend-micro,2026-10-02
97bcf6e7b48517c9,msrc-update-guide,2026-10-02
97ca2817e4dad9b0,infosecurity-magazine,2026-10-02
97d8c47587162ac8,ncsc-uk,2026-10-02
9808fceb75ed76ed,elastic-security-labs,2026-10-02
981203482a2fd70b,wiz,2026-10-02
981a9eabae010e6d,huntress,2026-10-02
981aa09012c13421,risky-business-news,2026-10-02
981e2276e8bb3bf4,zero-day-initiative,2026-10-02
98213cebc12c13aa,simbian,2026-10-02
9829707c38cd6bd3,tenzir,2026-10-02
9832dc62cdb5fe4a,elastic-security-labs,2026-10-02
983aac23e8cfa8f4,simbian,2026-10-02
983c8085e9395678,wiz,2026-10-02
9842abb56827c9b8,cribl,2026-10-02
98432f4594f25fd2,datadog,2026-10-02
9845593a6d28ad97,msrc-update-guide,2026-10-02
9849ed2fee8f8f86,exaforce,2026-10-02
984f7e86d7197d0e,dark-reading,2026-10-02
9852eaaa9d1ae0b1,huntress,2026-10-02
9853399b9b50b671,msrc-update-guide,2026-10-02
985688cc6a4372d9,simbian,2026-10-02
986b76c74d972a9d,graham-cluley,2026-10-02
9871c26abc4e309d,group-ib,2026-10-02
987498afe38b98cb,objective-see,2026-10-02
988486724bd72484,wiz,2026-10-02
98c2582546aca0a8,elastic-security-labs,2026-10-02
98da63d140ae8bd5,dropzone-ai,2026-10-02
98dd5c387a19bd0c,google-threat-intelligence-mandiant,2026-10-02
98e11faa175f4f38,expel,2026-10-02
98f25059f09614aa,greynoise,2026-10-02
98f54ba6ec800953,datadog,2026-10-02
98fa77bd453645b6,eset-welivesecurity,2026-10-02
98fe97911d2aa874,infosecurity-magazine,2026-10-02
9907794d96e2f06c,cribl,2026-10-02
990dd977630b789b,cisa-cybersecurity-advisories,2026-10-02
99107297e6b7b88b,greynoise,2026-10-02
99302094c9b717b4,pre-security,2026-10-02
99359b55dcdf8bea,hunters,2026-10-02
9938a9faf3b55b1d,cisa-news,2026-10-02
994544e5bfea67e0,mitiga,2026-10-02
99468bb7ea075ff8,runreveal,2026-10-02
994c317ab2c6f1c1,trend-micro,2026-10-02
994d9202eeedde64,greynoise,2026-10-02
9952714e57645dc6,exaforce,2026-10-02
99694d8b38d88c84,dropzone-ai,2026-10-02
996afd04b1b64ae7,trend-micro,2026-10-02
996b706fa46f7037,lab52,2026-10-02
9971a2b48a06347a,darktrace,2026-10-02
99a429ffda89fee5,arctic-wolf,2026-10-02
99d89958c2139edc,trend-micro,2026-10-02
99e2b9ac892b97b1,msrc-update-guide,2026-10-02
99e5ad4709988406,graham-cluley,2026-10-02
99f29379e8f76abe,datadog,2026-10-02
9a0993193acf4e6f,dropzone-ai,2026-10-02
9a0abc0a3c483414,simbian,2026-10-02
9a208ecd48514efd,msrc-update-guide,2026-10-02
9a2471a7ec3429ac,huntress,2026-10-02
9a32fce4b08a1052,prophet-security,2026-10-02
9a435e696b4cfcab,tuskira,2026-10-02
9a4cf8c2909841e0,simbian,2026-10-02
9a4e6dde303488ea,full-disclosure-seclists,2026-10-02
9a5e9fe9af537e7c,extrahop,2026-10-02
9a62db1b0ca71626,dropzone-ai,2026-10-02
9a7ac8f68e54080a,elastic-security-labs,2026-10-02
9a7c61b16ed92f1a,huntress,2026-10-02
9a88996ccc5875b3,canadian-centre-for-cyber-security,2026-10-02
9a89bd3a147b82a5,huntress,2026-10-02
9a9261ac91502901,msrc-update-guide,2026-10-02
9aa5b614d2b9402d,group-ib,2026-10-02
9aa68eb073341954,canadian-centre-for-cyber-security,2026-10-02
9aa92134f2776c49,axoflow,2026-10-02
9acdb13c5b5a4b7c,threatdefence,2026-10-02
9ad5f0eadda8e234,extrahop,2026-10-02
9ad61a1b79426aac,group-ib,2026-10-02
9ae94284fe4ddaeb,group-ib,2026-10-02
9aec4d838d2a20d6,datadog,2026-10-02
9afb5eb3547e4062,deeptempo,2026-10-02
9b4b0b4317d0a6a6,infosecurity-magazine,2026-10-02
9b6d6711c94e7524,group-ib,2026-10-02
9b75cf997b79ba92,palo-alto-unit-42,2026-10-02
9bb2d87c2c7fbb6a,cvefeed-io,2026-10-02
9bbef26767d9e351,exploit-db,2026-10-02
9bcf16afb84008b2,databreaches-net,2026-10-02
9bdfa5b00536cd7c,simbian,2026-10-02
9bfdb4d42ae9d85c,huntress,2026-10-02
9bfe5f53923a5b26,cribl,2026-10-02
9c037a129e4196ca,canadian-centre-for-cyber-security,2026-10-02
9c1e1213959ee260,msrc-update-guide,2026-10-02
9c21a5a796c88ed6,datadog,2026-10-02
9c33323bc96fe152,infosecurity-magazine,2026-10-02
9c33cb6c7cd4f681,volexity,2026-10-02
9c3a3363878d1e8c,cloudflare,2026-10-02
9c4ca0c63cfe28dc,elastic-security-labs,2026-10-02
9c56c0b228128186,mitiga,2026-10-02
9c5f097a6ca238ae,group-ib,2026-10-02
9c6baa4cac734a75,anvilogic,2026-10-02
9c7394ee0a6de177,prophet-security,2026-10-02
9c9f79fc989318cc,trend-micro,2026-10-02
9ca0ff1c2a4ada68,infosecurity-magazine,2026-10-02
9ca4426aa4b34fb2,dropzone-ai,2026-10-02
9cae5175f06e19a5,deeptempo,2026-10-02
9cb948f785fd7278,elastic-security-labs,2026-10-02
9cbd7faaaa2e8a65,cisco-talos,2026-10-02
9cc15b6533fea759,darktrace,2026-10-02
9ce7811c49cd707d,datadog,2026-10-02
9d0addf1fc94ea58,securevisio,2026-10-02
9d328bc73bb84c58,ransomware-live,2026-10-02
9d3358f5d46310c3,cert-eu-advisories,2026-10-02
9d342a26acd7aed6,greynoise,2026-10-02
9d3be4c6311374e2,malwarebytes-labs,2026-10-02
9d3f184891978b86,graham-cluley,2026-10-02
9d506f196e9ab8c4,infosecurity-magazine,2026-10-02
9d529a6243de2696,huntress,2026-10-02
9d5609bdd04ca153,cribl,2026-10-02
9d5a2e0f3d3c74f5,cribl,2026-10-02
9d5ca6b881a5aa18,graham-cluley,2026-10-02
9d5d28625a41c824,group-ib,2026-10-02
9d6eb3b4ecf4ef8f,msrc-update-guide,2026-10-02
9d74514f5f5532da,exploit-db,2026-10-02
9da9ef516e4e9638,expel,2026-10-02
9db368c834963012,cribl,2026-10-02
9db414c326559bc5,canadian-centre-for-cyber-security,2026-10-02
9db61f88915af7c4,elastic-security-labs,2026-10-02
9dc0d488d406fad4,huntress,2026-10-02
9dc2b2962cf9305b,datadog,2026-10-02
9dc9b98d38a7f050,infosecurity-magazine,2026-10-02
9dee40f390889e72,cert-eu-advisories,2026-10-02
9df86fb0819e43d9,cribl,2026-10-02
9e0948699f3e1f0b,ransomware-live,2026-10-02
9e0e1e4c41ce68eb,infosecurity-magazine,2026-10-02
9e14beedd1de78f7,group-ib,2026-10-02
9e24de418b46cfec,tenex-ai,2026-10-02
9e279eae1cef145a,deepwatch,2026-10-02
9e4f3d25bd3ba2a8,huntress,2026-10-02
9e54eb289b142b76,infosecurity-magazine,2026-10-02
9e8534e19e1ece9b,cribl,2026-10-02
9e8f31da77a0ec19,rapid7,2026-10-02
9e9760eff02f08d8,simbian,2026-10-02
9e9e440183a70673,palo-alto-networks,2026-10-02
9ec2ab112b8348cd,tuskira,2026-10-02
9ec308200debb885,anvilogic,2026-10-02
9ec40ea40d27f3d8,canadian-centre-for-cyber-security,2026-10-02
9ec47656bcafb52f,elastic-security-labs,2026-10-02
9ee6a049b8915221,cloudflare,2026-10-02
9ee79e1fe9402a0e,msrc-update-guide,2026-10-02
9ee9fae0debaaccd,group-ib,2026-10-02
9eea57edb89b5463,krebs-on-security,2026-10-02
9f002231c0c7f6bd,huntress,2026-10-02
9f0869a619ceee40,msrc-update-guide,2026-10-02
9f0e9336b780b5c5,huntress,2026-10-02
9f14fbe590c5ff31,group-ib,2026-10-02
9f1b2c42625b4e9a,cribl,2026-10-02
9f1da29da54f8ed7,microsoft-sentinel,2026-10-02
9f44455f2d3ded9a,trend-micro,2026-10-02
9f6f119b1256805a,securityweek,2026-10-02
9f850c3fd648d8a3,cribl,2026-10-02
9f860167bf69c146,ransomware-live,2026-10-02
9fa911a73c6a57d3,exploit-db,2026-10-02
9facd8277de010da,wiz,2026-10-02
9fbd82f5bffe2c87,elastic-security-labs,2026-10-02
9fc2ee7cf15371f1,ransomware-live,2026-10-02
9fc8e3def2977eee,cert-eu-advisories,2026-10-02
9fd0ee76b48170c1,wiz,2026-10-02
9fd6c271c9531498,axoflow,2026-10-02
9fe45e2a38350f6f,trend-micro,2026-10-02
9fe9165e9110917c,deeptempo,2026-10-02
9feaff3cd8b30b9f,elastic-security-labs,2026-10-02
a023303b5b9c0311,exaforce,2026-10-02
a04689ff133c517c,cribl,2026-10-02
a04d7b79eec952c4,dark-reading,2026-10-02
a0528e454a30e822,huntress,2026-10-02
a058802e09b97260,anvilogic,2026-10-02
a059a537c8eec356,schneier-on-security,2026-10-02
a05c25d02b7762db,elastic-security-labs,2026-10-02
a05e1ce51bd0cce2,infosecurity-magazine,2026-10-02
a07db5a604b33ee5,risky-business-news,2026-10-02
a08438a7ab1a57d4,palo-alto-unit-42,2026-10-02
a085909ee5c39f9b,sc-media,2026-10-02
a08690d442f8dbe1,group-ib,2026-10-02
a089dce24e36ecc7,dark-reading,2026-10-02
a08ff4184db44ef7,group-ib,2026-10-02
a0a0e09534112824,cybersecurity-dive,2026-10-02
a0a280688da3ca40,huntress,2026-10-02
a0aa31548b8d3e75,trend-micro,2026-10-02
a0ae35137c519231,extrahop,2026-10-02
a0aed382f4580bb8,krebs-on-security,2026-10-02
a0af5e8a81bba53d,imperum,2026-10-02
a0b06f30fe1a857f,ransomware-live,2026-10-02
a0bdf7faf1b98eb8,dark-reading,2026-10-02
a0c4a2a0eecffa3f,huntress,2026-10-02
a0daff7b9a51cf88,tuskira,2026-10-02
a0ddd6bd02ae8852,runreveal,2026-10-02
a0ef9884d6f87016,prophet-security,2026-10-02
a0f10fe91481e4bb,group-ib,2026-10-02
a1281cf70f044496,cert-cc-vulnerability-notes,2026-10-02
a147cc3477c69e0d,datadog,2026-10-02
a14be5483230a91d,eset-welivesecurity,2026-10-02
a14fea435cc41b6f,objective-see,2026-10-02
a153876f813c23d7,exaforce,2026-10-02
a15f109ffc08eeb7,tuskira,2026-10-02
a1631c7179f02b7a,sc-media,2026-10-02
a16c7b6e1da41e3a,mitiga,2026-10-02
a16cee271e9c5a67,prophet-security,2026-10-02
a173ea89669f44ec,simbian,2026-10-02
a17e8ea85e02bfc8,objective-see,2026-10-02
a1858782dee4745d,mitiga,2026-10-02
a188b9b9c4d48a66,sentinelone,2026-10-02
a197bd06a3b1ef87,risky-business-news,2026-10-02
a19cf7d0418dba64,ransomware-live,2026-10-02
a1b01f068edd6f8c,wiz,2026-10-02
a1c38e14d19e10aa,huntress,2026-10-02
a1c6f014063eb617,help-net-security,2026-10-02
a1c799496c4eef00,embed-security,2026-10-02
a1c9b41c601c983f,the-hacker-news,2026-10-02
a1d2730659c64494,sc-media,2026-10-02
a1e3331df67d2e43,cribl,2026-10-02
a1f2d9ecaa23150b,wiz,2026-10-02
a1f34ceb416698ba,dropzone-ai,2026-10-02
a1fad1f99fb802ba,malwarebytes-labs,2026-10-02
a1fbdb895e9b5bbf,axoflow,2026-10-02
a20b778b2a3fdc0c,wiz,2026-10-02
a2114c805498ea7c,exaforce,2026-10-02
a21796f2af3dc584,dropzone-ai,2026-10-02
a2793a38c7a46b9b,exaforce,2026-10-02
a27eca4e370d41dc,trend-micro,2026-10-02
a28707bafa12d954,group-ib,2026-10-02
a288372d9fde803c,trail-of-bits,2026-10-02
a28c91b41ecd5d69,gurucul,2026-10-02
a29801c74ead68f8,darktrace,2026-10-02
a29b78bb06527122,oss-security-seclists,2026-10-02
a29be9aba18e4395,msrc-update-guide,2026-10-02
a2a5a9a6eb28d67d,elastic-security-labs,2026-10-02
a2a86d921e50a2bc,tenzir,2026-10-02
a2ad331eac7e69b5,datadog,2026-10-02
a2bc4f1c45dc5fd6,ransomware-live,2026-10-02
a2c6481b2f81eb36,rapid7,2026-10-02
a2e62622c37e84af,group-ib,2026-10-02
a2e7d7ed0304a203,wiz,2026-10-02
a2f9eaa538a102cb,ransomware-live,2026-10-02
a30ff2d86e22abad,prophet-security,2026-10-02
a311ed482981a43b,group-ib,2026-10-02
a31abd7add0c164a,mitiga,2026-10-02
a31b797687836ab2,msrc-update-guide,2026-10-02
a31c1dfa91e1c7e7,group-ib,2026-10-02
a325d2eca026e6f2,msrc-update-guide,2026-10-02
a3282f817441a1ba,cribl,2026-10-02
a3444beeb913eb8a,prophet-security,2026-10-02
a36215e84f09bc2b,group-ib,2026-10-02
a364e36f1dec2e1d,threatdefence,2026-10-02
a36525f7fec221ec,dropzone-ai,2026-10-02
a38c46d93768f159,google-project-zero,2026-10-02
a3a98e9142ce676d,group-ib,2026-10-02
a3ab6bce9dbfe627,cribl,2026-10-02
a3c5e9ccf6b3e6f4,group-ib,2026-10-02
a3de7d2fbc17e341,mitiga,2026-10-02
a3df29d54c56baa6,trend-micro,2026-10-02
a3f28c4fa81f1908,cribl,2026-10-02
a3f4f4fda1c6739b,runreveal,2026-10-02
a3f787eeccedbf32,darktrace,2026-10-02
a3fd6d01093254f5,artemis,2026-10-02
a404badb42e0d2af,tines,2026-10-02
a4053fd69ac89a83,group-ib,2026-10-02
a4068745cb2ed655,the-hacker-news,2026-10-02
a40acfcc7935b54b,simbian,2026-10-02
a41b5cb4a30fe283,ransomware-live,2026-10-02
a42d3b5148a91364,expel,2026-10-02
a4323813a3bc72b1,rapid7,2026-10-02
a4435e387c3bb840,nebulock,2026-10-02
a4588aacadaf6092,trend-micro,2026-10-02
a459a321e4da223d,prophet-security,2026-10-02
a477bf7e309c8efb,canadian-centre-for-cyber-security,2026-10-02
a48e6a8f4e9bc5bc,databricks,2026-10-02
a498081308e309bd,simbian,2026-10-02
a4986c1223ff6231,ransomware-live,2026-10-02
a49f2b23739e0784,cert-fr-alerts,2026-10-02
a4a2d0e53f3e53f4,elastic-security-labs,2026-10-02
a4a73532c1186ce2,darktrace,2026-10-02
a4b16af5fd669684,tuskira,2026-10-02
a4b62d6866f4234d,risky-business-news,2026-10-02
a4c9e60afdd9ce45,simbian,2026-10-02
a50f698ba57c4ffb,microsoft-sentinel,2026-10-02
a518de16a50fea65,mitiga,2026-10-02
a52a93d26216237d,cribl,2026-10-02
a53e3079f33a2ad0,risky-business-news,2026-10-02
a53f281ea95be326,elastic-security-labs,2026-10-02
a54947805223a051,google-threat-intelligence-mandiant,2026-10-02
a54e3f04d72ee747,huntress,2026-10-02
a55437b80cf628c0,elastic-security-labs,2026-10-02
a5552e8c23658c9e,tenex-ai,2026-10-02
a5733f5cc85a37a6,reversinglabs,2026-10-02
a57d898a96a4f759,dropzone-ai,2026-10-02
a5918bcef09472b9,graham-cluley,2026-10-02
a5ada350992d7e37,recorded-future,2026-10-02
a5c6ffedbef299c7,mitiga,2026-10-02
a5cedef4b0b254a7,huntress,2026-10-02
a5e27a419b5d82b6,arctic-wolf,2026-10-02
a5ec92f170ac6613,cribl,2026-10-02
a5edfadf2ecbb01d,ransomware-live,2026-10-02
a5ef50961e98139d,soc-prime,2026-10-02
a62286e7c4ca0272,expel,2026-10-02
a62ad39e7f96b24e,deeptempo,2026-10-02
a62fe6526d33bcbe,wiz,2026-10-02
a633b4a3dc6116ad,zscaler,2026-10-02
a63fb931e9071ec2,infosecurity-magazine,2026-10-02
a652bc5bd61cf77e,darktrace,2026-10-02
a659abf600f13c5f,datadog,2026-10-02
a664513e24c78116,anvilogic,2026-10-02
a668cc05fa053ca3,group-ib,2026-10-02
a66f29a32dd9765f,group-ib,2026-10-02
a67121c49dbe2dac,infosecurity-magazine,2026-10-02
a683bf3d3e7c38c4,prophet-security,2026-10-02
a6a077121c8f6c60,ransomware-live,2026-10-02
a6a57479292e3c75,huntress,2026-10-02
a6ae0d50b3d6cf3b,infosecurity-magazine,2026-10-02
a6b0ffe3783c1791,hunters,2026-10-02
a6bcf28624231128,wiz,2026-10-02
a6da31a35c716e15,zscaler,2026-10-02
a6dd17263620d334,recorded-future,2026-10-02
a6e0fc73365abfb6,horizon3-ai,2026-10-02
a6e4df35d2b35578,artemis,2026-10-02
a6f16755c3a936ef,wiz,2026-10-02
a700806bd55823e4,dropzone-ai,2026-10-02
a70d27b58675fd21,cribl,2026-10-02
a724ee835f4fe56a,mitiga,2026-10-02
a726609d4c18255f,cribl,2026-10-02
a727b6c047e364a6,datadog,2026-10-02
a72a327e541090ac,msrc-update-guide,2026-10-02
a73c9a2e22d02fe3,bricklayer-ai,2026-10-02
a741ef14def16fde,elastic-security-labs,2026-10-02
a7424d092a618d4e,infosecurity-magazine,2026-10-02
a7429c8c8cc13fc4,infosecurity-magazine,2026-10-02
a76ba47237f39af8,greynoise,2026-10-02
a77ce4deefff655a,elastic,2026-10-02
a7860d7fb70a778d,group-ib,2026-10-02
a78b27d39ab2098c,cso-online,2026-10-02
a79cff1eb87c3e79,recorded-future,2026-10-02
a7a5d2dc187409e8,tuskira,2026-10-02
a7a9d910e1cb379d,dropzone-ai,2026-10-02
a7b2848b28e5e988,msrc-update-guide,2026-10-02
a7b41906b4192e71,huntress,2026-10-02
a7cad0f7a70727eb,group-ib,2026-10-02
a7cea4ced68395e1,ransomware-live,2026-10-02
a7cfea5f4a1891da,cribl,2026-10-02
a7d012590d5ea768,mitiga,2026-10-02
a7db14ed2b37c13e,greynoise,2026-10-02
a7fa45bb27650b98,greynoise,2026-10-02
a7fc3ad49fd237ab,cloudflare,2026-10-02
a80160eba83355c2,elastic-security-labs,2026-10-02
a8134944f37c8e81,cribl,2026-10-02
a81530454aa3b7b4,msrc-update-guide,2026-10-02
a82f845c56055dba,sentinellabs,2026-10-02
a83a8ae26b419027,prophet-security,2026-10-02
a83bccc6f3e0cc14,securityweek,2026-10-02
a84a04fcd7f59360,eset-welivesecurity,2026-10-02
a86048110a698be9,elastic,2026-10-02
a868dcf6b95bf184,ransomware-live,2026-10-02
a868e00ba776bf82,elastic-security-labs,2026-10-02
a87887de0fe62558,watchtowr-labs,2026-10-02
a878911ca2de9553,the-record-recorded-future-news,2026-10-02
a87e9f30ca1c11ab,wiz,2026-10-02
a89eae24ea30f874,darktrace,2026-10-02
a8a5d27d80bea895,canadian-centre-for-cyber-security,2026-10-02
a8c09aaa1bceb5b9,infosecurity-magazine,2026-10-02
a8c6fa33bdae2cf4,prophet-security,2026-10-02
a8c7a9dcbf05cdce,microsoft-security-blog,2026-10-02
a8d102d707b87d72,msrc-update-guide,2026-10-02
a8d17d82aec28116,huntress,2026-10-02
a8e67c623839aaa4,cvefeed-io,2026-10-02
a911481ebf24f941,silent-push,2026-10-02
a9209878b2ab26c7,risky-business-news,2026-10-02
a92b78fb0579264c,recorded-future,2026-10-02
a938094babbca149,greynoise,2026-10-02
a9488b09fea821dc,deeptempo,2026-10-02
a94f88391bca09da,darktrace,2026-10-02
a9552313dbff9058,elastic-security-labs,2026-10-02
a96517b0d54f9e7a,ransomware-live,2026-10-02
a96a211663fffae2,wiz,2026-10-02
a979f5c5efaa01d0,wiz,2026-10-02
a9825ba0fbe74a59,wiz,2026-10-02
a984fadafad1780c,cisa-cybersecurity-advisories,2026-10-02
a98733df4c3adc45,elastic-security-labs,2026-10-02
a990e564597c1385,citizen-lab,2026-10-02
a9b3cab9a85679e6,cvefeed-io,2026-10-02
a9be90abf82fb263,huntress,2026-10-02
a9c89142c87ef353,trend-micro,2026-10-02
a9cbf797d5a9d1cd,simbian,2026-10-02
a9e55de73da442f6,airmdr,2026-10-02
a9ea248dbda25de5,ncsc-uk,2026-10-02
aa0e33ec006b59c5,rapid7,2026-10-02
aa100c32ba92ddc8,group-ib,2026-10-02
aa26f6c0ba4086c7,msrc-update-guide,2026-10-02
aa398ef7ae342f4e,prophet-security,2026-10-02
aa40f5ad6b2c766e,infosecurity-magazine,2026-10-02
aa4909fc7944c177,risky-business-news,2026-10-02
aa5b57ded9721074,reversinglabs,2026-10-02
aa82032b49722be3,prophet-security,2026-10-02
aa8b71913c28a3a2,socket,2026-10-02
aa92ed8e4d28fdf4,simbian,2026-10-02
aa9a6d1080547529,group-ib,2026-10-02
aaaae77b839cfd23,tenable,2026-10-02
aaacc13d49d37722,wiz,2026-10-02
aab77b56320c2551,exploit-db,2026-10-02
aaeac822f4087441,msrc-update-guide,2026-10-02
aaef09c6fd28f9c0,mitiga,2026-10-02
aafd7360d4e41640,darktrace,2026-10-02
ab0f902d3048632f,infosecurity-magazine,2026-10-02
ab23b6e95d20fb61,darktrace,2026-10-02
ab51bfc851d613e8,huntress,2026-10-02
ab5b458dc4a25606,infosecurity-magazine,2026-10-02
ab60921cbd4c968d,greynoise,2026-10-02
ab6098b39917e172,infosecurity-magazine,2026-10-02
ab749b98171c44f8,cribl,2026-10-02
ab84587b15727e35,axoflow,2026-10-02
ab8cae9827f8bf76,axoflow,2026-10-02
ab8d628f7d0e613e,eset-welivesecurity,2026-10-02
aba22f5f40b4685e,ransomware-live,2026-10-02
aba46d5d24b570ce,exploit-db,2026-10-02
aba738627ec257db,infosecurity-magazine,2026-10-02
abb82c4271811a44,group-ib,2026-10-02
abcbe4d5a5ac71c0,objective-see,2026-10-02
abcc5963cd87e3b5,infosecurity-magazine,2026-10-02
abccc3f11a16143d,dropzone-ai,2026-10-02
abd4fa57901c94de,cisa-cybersecurity-advisories,2026-10-02
abe7633d1199a317,group-ib,2026-10-02
ac12f6340947b590,darktrace,2026-10-02
ac18035284c5a0d7,axoflow,2026-10-02
ac279dfcec67137a,axoflow,2026-10-02
ac3a41c80e0aec2b,group-ib,2026-10-02
ac4676048cd55186,elastic-security-labs,2026-10-02
ac62ddda7654f826,axoflow,2026-10-02
ac65e65e7b317fa6,anvilogic,2026-10-02
ac73c3920c33c3d7,dark-reading,2026-10-02
ac8fbdabc2e56e1a,sleuth-kit-labs,2026-10-02
ac9a085aa531dbdc,deeptempo,2026-10-02
acaa7bf803ababcf,deeptempo,2026-10-02
acb3969dd70c9fde,darktrace,2026-10-02
acb80b75ac76975f,cribl,2026-10-02
acbfc472701d6be7,msrc-update-guide,2026-10-02
acc7201af4bce3a8,cribl,2026-10-02
accf090a08a1e480,huntress,2026-10-02
acd829a589e36979,greynoise,2026-10-02
acd885b3d8571617,msrc-update-guide,2026-10-02
acd9cdda54d29ab5,msrc-update-guide,2026-10-02
ace4b8b50963f026,security-affairs,2026-10-02
ace984bcb8c8fcc4,tenable,2026-10-02
aceac76a9e150468,elastic-security-labs,2026-10-02
acfbd7153bdacbae,wiz,2026-10-02
ad0ee8a10750b3df,oss-security-seclists,2026-10-02
ad0f0db575760b34,darktrace,2026-10-02
ad11d03455ac2527,anvilogic,2026-10-02
ad13cc171355a9e0,msrc-update-guide,2026-10-02
ad242206515bc433,group-ib,2026-10-02
ad2c05636d4da68d,simbian,2026-10-02
ad42b693ad013b9c,huntress,2026-10-02
ad52f9cd7b14946d,wiz,2026-10-02
ad54307554301c23,cribl,2026-10-02
ad6f750640b1b395,cisa-cybersecurity-advisories,2026-10-02
ad7ebd249091ba19,conifers,2026-10-02
ad852d0e3bfd9425,elastic,2026-10-02
ad921a43f26bf900,greynoise,2026-10-02
ad9375030c7593f3,canadian-centre-for-cyber-security,2026-10-02
ad9385a14a6abe0d,embed-security,2026-10-02
ada741e2cad84cea,infosecurity-magazine,2026-10-02
adb9b34df56c217c,elastic-security-labs,2026-10-02
ade91058fbea3d23,exaforce,2026-10-02
ae0a7ee6ee997e7b,prophet-security,2026-10-02
ae0aae9e6e4ea7d8,trail-of-bits,2026-10-02
ae1782c8b5e956a2,cribl,2026-10-02
ae32374085a84831,zynap,2026-10-02
ae3df1be0618ff6f,ransomware-live,2026-10-02
ae40b283412c0477,elastic-security-labs,2026-10-02
ae4438f6647b0587,bricklayer-ai,2026-10-02
ae45e879c52a933d,cisco-talos,2026-10-02
ae45fbe3008fdd78,sans-internet-storm-center,2026-10-02
ae47333bebe9bbff,prophet-security,2026-10-02
ae673f88008c48e9,msrc-update-guide,2026-10-02
ae6ccb610f55b8cb,extrahop,2026-10-02
ae80ae756694756e,prophet-security,2026-10-02
ae854e9113001237,darktrace,2026-10-02
ae9da2681bd2db3b,axoflow,2026-10-02
aeaacefe01b4bcf9,datadog,2026-10-02
aead1134f48d2023,mitiga,2026-10-02
aeb1734a8fe99115,mitiga,2026-10-02
aeda1258fc4c2823,group-ib,2026-10-02
aef0b5e8032b00b6,huntress,2026-10-02
aef5840f415f88e9,simbian,2026-10-02
af01697c28c58af9,greynoise,2026-10-02
af2875b50939f47e,msrc-update-guide,2026-10-02
af3ed17119168c03,wiz,2026-10-02
af4858424ad8cc56,group-ib,2026-10-02
af4e2ec413e1a065,eset-welivesecurity,2026-10-02
af597f3c7c0de65f,dark-reading,2026-10-02
af5a96c9f4b7ced9,exploit-db,2026-10-02
af5bc5a6554c2112,greynoise,2026-10-02
af5dc50c66066ad9,huntress,2026-10-02
af6959625ff3bf0d,eset-welivesecurity,2026-10-02
af7c2b456661ee34,elastic-security-labs,2026-10-02
af87e21e91dc5edc,binalyze,2026-10-02
af90707fd724ed58,dark-reading,2026-10-02
af93a39681dadac8,crowdstrike,2026-10-02
af9a495b53da0f93,elastic-security-labs,2026-10-02
afd4a8a66b7c8ed4,bleepingcomputer,2026-10-02
afdc9bb4ce5358d2,deeptempo,2026-10-02
afe98f8d998149b5,wiz,2026-10-02
afece913f91c07aa,group-ib,2026-10-02
aff1d988c68e1eef,msrc-update-guide,2026-10-02
aff28bc6a383280a,cloudflare,2026-10-02
aff2f3e3817339d6,huntress,2026-10-02
affa11854209f5a5,dark-reading,2026-10-02
b00135e76448937a,axoflow,2026-10-02
b001ec9d268e32f3,imperum,2026-10-02
b00577e7d1abb533,trail-of-bits,2026-10-02
b0071db721a96058,microsoft-security-blog,2026-10-02
b0072ac1dd569184,infosecurity-magazine,2026-10-02
b00885adb94fbf5f,ransomware-live,2026-10-02
b01633213c80754b,group-ib,2026-10-02
b042b738e424afd0,google-project-zero,2026-10-02
b05e571016586b5a,cribl,2026-10-02
b05f0fe4e99ec22f,huntress,2026-10-02
b0602e2007346882,risky-business-news,2026-10-02
b06176acfc7fe0bb,infosecurity-magazine,2026-10-02
b07406d1e7b6d808,hunters,2026-10-02
b08b363a12e47ee9,dropzone-ai,2026-10-02
b08e5197841fa8f8,ransomware-live,2026-10-02
b098c82b2e2bc063,soc-prime,2026-10-02
b0a0937bef515fcd,deeptempo,2026-10-02
b0a2fcda3eddc97c,huntress,2026-10-02
b0a69c7e4a1f7a5b,deeptempo,2026-10-02
b0bd23e7db9343c6,threatdefence,2026-10-02
b0c557d11d13c059,simbian,2026-10-02
b0cfc68d8de3cd31,tenable,2026-10-02
b0d14e7185724a3d,msrc-update-guide,2026-10-02
b0d1ef1055ad8d09,mitiga,2026-10-02
b0e3f01ec0804a27,trend-micro,2026-10-02
b115ea2f1faf6230,darktrace,2026-10-02
b116577b2a5e7d3b,huntress,2026-10-02
b1172fe9c90f0886,exaforce,2026-10-02
b1255076e69ba719,simbian,2026-10-02
b153b620fd6a4686,wiz,2026-10-02
b17f37fa20b6eeea,huntress,2026-10-02
b1855ef11f860579,ransomware-live,2026-10-02
b196791d1a26805b,airmdr,2026-10-02
b19b73921e8d50b3,elastic-security-labs,2026-10-02
b1a452012aa8f36f,datadog,2026-10-02
b1b42e1c1813407c,darktrace,2026-10-02
b1c00f809218eb10,wiz,2026-10-02
b1c448896a47d0a5,tenzir,2026-10-02
b1d63bbec71d69c4,mitiga,2026-10-02
b1e244a396552240,tines,2026-10-02
b1e3b129037bfcc0,exploit-db,2026-10-02
b1f2c5b301fff188,red-canary,2026-10-02
b1f4afbbc811410b,eset-welivesecurity,2026-10-02
b1f6efbfc8879c03,anvilogic,2026-10-02
b1f8c189922ad99d,watchtowr-labs,2026-10-02
b1fb240b20cbe442,huntress,2026-10-02
b20217e5a8c34429,digital-hands,2026-10-02
b20c1feb712317df,objective-see,2026-10-02
b232ad641f4e8c56,group-ib,2026-10-02
b2435a5ac9b2c6c6,group-ib,2026-10-02
b25687d451537a3c,msrc-update-guide,2026-10-02
b25d417f63bd8346,huntress,2026-10-02
b26b2c202f764608,risky-business-news,2026-10-02
b26b7e3922cd61a3,cvefeed-io,2026-10-02
b26cbb4c70955c32,elastic-security-labs,2026-10-02
b285c45ed725ecf4,mitiga,2026-10-02
b28c115ab39dcab8,extrahop,2026-10-02
b297d2b311175806,palo-alto-unit-42,2026-10-02
b29b02fb152c78a4,darktrace,2026-10-02
b2ac1bbf8531e89d,databreaches-net,2026-10-02
b2b425ab222e809d,huntress,2026-10-02
b2d877fcb67a5cac,the-hacker-news,2026-10-02
b2dca32c73807357,arctic-wolf,2026-10-02
b2f7027bf0b42f51,wiz,2026-10-02
b305abb7b670cbf6,oss-security-seclists,2026-10-02
b30e7701d168937f,cert-fr-alerts,2026-10-02
b319705fb6c460df,infosecurity-magazine,2026-10-02
b32078e0e4aa9d21,ransomware-live,2026-10-02
b337273ae992c67b,tuskira,2026-10-02
b33ad86835a0c4cb,cribl,2026-10-02
b352c4456df61b37,recorded-future,2026-10-02
b356f70d5fc3f26d,huntress,2026-10-02
b36eb13fe69961cd,exaforce,2026-10-02
b37541bd2cfbb9ba,prophet-security,2026-10-02
b393c550c5d8f624,tenacium-dc,2026-10-02
b39fd52f16030366,ransomware-live,2026-10-02
b3a095b2ad3ac4dc,reversinglabs,2026-10-02
b3b1617804af07df,eset-welivesecurity,2026-10-02
b3b9de72d7de1fa5,cert-cc-vulnerability-notes,2026-10-02
b3d50b8d7baac0df,msrc-update-guide,2026-10-02
b3e3fb6e67c3e1ec,deepwatch,2026-10-02
b3e99f78289d42d4,expel,2026-10-02
b3eb45381a0ce736,tuskira,2026-10-02
b3f0fd50bedde315,dropzone-ai,2026-10-02
b41921f44fe359a7,wiz,2026-10-02
b41e3b2b097655dd,greynoise,2026-10-02
b42a17df415c3014,palo-alto-unit-42,2026-10-02
b444515e9bf7c529,arctic-wolf,2026-10-02
b45321719067013b,tenable,2026-10-02
b4593851eaa8632e,simbian,2026-10-02
b4777cae30d0f86d,elastic,2026-10-02
b48a15e70c26ab91,huntress,2026-10-02
b49241552e82d13a,group-ib,2026-10-02
b49be3ec906715ca,simbian,2026-10-02
b49fa1261b31199f,bitdefender-labs,2026-10-02
b4a3d656aa50ce40,deeptempo,2026-10-02
b4b706dd3f5c6dc5,dropzone-ai,2026-10-02
b4b9fb96790cbed1,wiz,2026-10-02
b4bc5adc38d7024c,cisco-talos,2026-10-02
b4c885b7c30e9dd6,datadog,2026-10-02
b4d516d31cf689cd,infosecurity-magazine,2026-10-02
b4d6a784d5d235f1,trend-micro,2026-10-02
b4e398af95dc6d14,exabeam,2026-10-02
b4f961deb3fc2404,reversinglabs,2026-10-02
b502f44df2ef0fe3,cso-online,2026-10-02
b503dd200a4aa3c0,cvefeed-io,2026-10-02
b50ade7c841898c8,elastic-security-labs,2026-10-02
b511371aa8f763aa,axoflow,2026-10-02
b515ab38858a3e47,datadog,2026-10-02
b5228a939705ad90,elastic-security-labs,2026-10-02
b5368dea3e8e20ac,horizon3-ai,2026-10-02
b54319bd2abd4766,trend-micro,2026-10-02
b54ed1ccfd111669,objective-see,2026-10-02
b55ac14262e8c08a,ransomware-live,2026-10-02
b55f1333a9499293,wiz,2026-10-02
b56ad7816b571bb1,trend-micro,2026-10-02
b56af0776fdb1855,elastic-security-labs,2026-10-02
b56db9a901097513,cribl,2026-10-02
b57337fcfbbc3d96,securityweek,2026-10-02
b577802c68fd64b5,watchtowr-labs,2026-10-02
b595e98fa95bb3c6,msrc-update-guide,2026-10-02
b59ada3e3be12387,ransomware-live,2026-10-02
b59fd7fd76351bb4,group-ib,2026-10-02
b5a1592bb0ace35c,infosecurity-magazine,2026-10-02
b5c75782b1459581,darktrace,2026-10-02
b5d9932198161a35,wiz,2026-10-02
b5e3deaac0408e1c,proofpoint-threat-insight,2026-10-02
b60887588a2d4ae6,darktrace,2026-10-02
b60b5bf9e3845775,the-dfir-report,2026-10-02
b638deb83c08b00b,zero-day-initiative,2026-10-02
b63ecb8b838696d8,infosecurity-magazine,2026-10-02
b649d2140da88a70,cisa-cybersecurity-advisories,2026-10-02
b64b60366d9bbb47,extrahop,2026-10-02
b655d617bc93e5f0,zscaler,2026-10-02
b6666b65374de0b6,infosecurity-magazine,2026-10-02
b66bd7453a3cc1b4,aqua-nautilus,2026-10-02
b6713fe268327be4,cribl,2026-10-02
b678e45f5d8f0cd0,recorded-future,2026-10-02
b69662a896ec8daa,shuffle,2026-10-02
b69fe0edb387a2e2,msrc-update-guide,2026-10-02
b6a2cf4210e1a2e2,artemis,2026-10-02
b6aaca534e7537d7,wiz,2026-10-02
b6b1da2fa0877a21,anvilogic,2026-10-02
b6b2b4eb0c1663e0,cyberscoop,2026-10-02
b6bc99aa84b5e035,group-ib,2026-10-02
b6c5f5d65d53816d,group-ib,2026-10-02
b6c66bf091f80eb5,reversinglabs,2026-10-02
b6d8497849df0a5a,deepwatch,2026-10-02
b6eec4ab3f599e7b,prophet-security,2026-10-02
b6f30a869cacff77,nebulock,2026-10-02
b70590fe490e3f01,pre-security,2026-10-02
b70f5b52544e790c,infosecurity-magazine,2026-10-02
b739a15422340988,exaforce,2026-10-02
b73dba06e45955c1,objective-see,2026-10-02
b74513055c44960a,google-threat-intelligence-mandiant,2026-10-02
b7454376ca8eee2d,soc-prime,2026-10-02
b76125f5554fcb88,huntress,2026-10-02
b76670a716422260,wiz,2026-10-02
b782f35797f57674,watchtowr-labs,2026-10-02
b783a4aa9a9a1673,dark-reading,2026-10-02
b7959b279aea7177,msrc-update-guide,2026-10-02
b7b6043d92c7bf18,anvilogic,2026-10-02
b7c6cd396c0d6af0,elastic-security-labs,2026-10-02
b7cc2e2fa6462561,infosecurity-magazine,2026-10-02
b7d4fc91d90443af,reversinglabs,2026-10-02
b7d530528fbf0320,eset-welivesecurity,2026-10-02
b7e08675f738bc02,stellar-cyber,2026-10-02
b7efe419dc1a555c,datadog,2026-10-02
b7f2f0ea1b56e0da,group-ib,2026-10-02
b7f4080ca8cd89a6,group-ib,2026-10-02
b82122d97fcb6ea5,zscaler,2026-10-02
b822403e8775de6a,infosecurity-magazine,2026-10-02
b82afa30d17a6a61,reversinglabs,2026-10-02
b840f5589c19e2b4,tenzir,2026-10-02
b85cd70b1a903cb4,anvilogic,2026-10-02
b86d1a954fb8c802,cribl,2026-10-02
b8781de211409bb6,elastic-security-labs,2026-10-02
b88444b2852b89e6,risky-business-news,2026-10-02
b88f87647544ea3d,wiz,2026-10-02
b89a6b7aa2226050,infosecurity-magazine,2026-10-02
b8bd4d2c814ed80c,citizen-lab,2026-10-02
b8cf946bdd3eadd0,elastic-security-labs,2026-10-02
b8d0b7631484f809,msrc-update-guide,2026-10-02
b8d628354b2ea27e,darktrace,2026-10-02
b8e1f12815195978,tuskira,2026-10-02
b8e3b9a54f5716cb,cert-eu-advisories,2026-10-02
b8ece7427b8e5d54,cribl,2026-10-02
b8f0a77d500cd4a0,trend-micro,2026-10-02
b8f0f72dc490f43f,objective-see,2026-10-02
b9250b404a4c8d23,group-ib,2026-10-02
b92b0ffca810d9cc,anvilogic,2026-10-02
b930a91aa3d24e4b,the-hacker-news,2026-10-02
b933afe3df67f9d4,cribl,2026-10-02
b9461b17f1467775,cisa-cybersecurity-advisories,2026-10-02
b955eedc80e661ff,msrc-update-guide,2026-10-02
b9572f82f2df76f1,huntress,2026-10-02
b95d817bfb3aff8a,nebulock,2026-10-02
b9645f067dc27777,microsoft-sentinel,2026-10-02
b97d7edc3340ad46,tenable,2026-10-02
b97e3a2b87205870,elastic-security-labs,2026-10-02
b986362bf58a1d88,runreveal,2026-10-02
b98ce5a50ebe19a9,trend-micro,2026-10-02
b991a3ff345649a3,ransomware-live,2026-10-02
b9a2c55ce3ed83a3,elastic,2026-10-02
b9a5e6f30bf56f93,datadog-security-labs,2026-10-02
b9aa31e6fbac386d,cribl,2026-10-02
b9b118fadfd40be8,tuskira,2026-10-02
b9b4cb608f93b84a,eset-welivesecurity,2026-10-02
b9c738961f8906c1,simbian,2026-10-02
b9d99dbd6c0ddbc9,prophet-security,2026-10-02
b9dc8b842c3e7821,huntress,2026-10-02
b9e6fdb4e451e62d,elastic-security-labs,2026-10-02
ba0ff5b59fcd5007,huntress,2026-10-02
ba13db75bc743ab7,group-ib,2026-10-02
ba15bd19f3f95b8d,anvilogic,2026-10-02
ba1e0af3fb415475,rapid7,2026-10-02
ba3b6b374e10833e,extrahop,2026-10-02
ba3cc174c5835bce,msrc-update-guide,2026-10-02
ba3fbb91188c04d3,elastic-security-labs,2026-10-02
ba59bbc6ef49b642,sentinellabs,2026-10-02
ba59e75a99f8399a,tuskira,2026-10-02
ba72059e035e0903,full-disclosure-seclists,2026-10-02
ba7281a066b4ff63,msrc-update-guide,2026-10-02
ba749532618bb6fd,shuffle,2026-10-02
ba76447abd9db30e,infosecurity-magazine,2026-10-02
ba790c17ef4e3df4,elastic,2026-10-02
ba87faa95bdd70a6,cribl,2026-10-02
ba8b56245b938fe5,cvefeed-io,2026-10-02
ba9a9fe492868600,exploit-db,2026-10-02
ba9ef26789e62c95,group-ib,2026-10-02
baaa819551ae7a89,infosecurity-magazine,2026-10-02
bab98cfc24a1bb9a,msrc-update-guide,2026-10-02
bad81ef633af85dc,huntress,2026-10-02
baf48485b5604997,d3-security,2026-10-02
baf7646f34f28c15,msrc-update-guide,2026-10-02
baf7e7666686595e,databricks,2026-10-02
bb10b0a59e1f39fc,zscaler,2026-10-02
bb159fd6c3117f56,elastic-security-labs,2026-10-02
bb167a9e11d8e8f6,simbian,2026-10-02
bb1d9e6851105ebc,elastic-security-labs,2026-10-02
bb272a161282257d,anvilogic,2026-10-02
bb3c1e1af25da466,cribl,2026-10-02
bb5c811cbd607268,infosecurity-magazine,2026-10-02
bb657b8343284fb7,cert-fr-alerts,2026-10-02
bb66eeaadf19b146,recorded-future,2026-10-02
bb94c3134d0a3ea3,datadog,2026-10-02
bba6607c2857805b,infosecurity-magazine,2026-10-02
bbb5affa2bf7250d,axoflow,2026-10-02
bbb95298b2363524,extrahop,2026-10-02
bbb991117378c5c1,mitiga,2026-10-02
bbc49abd89c83d84,cvefeed-io,2026-10-02
bbcadf9687eb8c5c,socket,2026-10-02
bbdb13e0edfac13b,msrc-update-guide,2026-10-02
bbe17fa3099bcddb,exaforce,2026-10-02
bbe8481263ae2376,infosecurity-magazine,2026-10-02
bbea2ee2fa33c7d4,simbian,2026-10-02
bbf853ba6917b81f,zscaler,2026-10-02
bc00352b3f401ddd,elastic-security-labs,2026-10-02
bc096f87627a73b6,wiz,2026-10-02
bc09cc4e44374bcc,anvilogic,2026-10-02
bc2b499194da4c33,msrc-update-guide,2026-10-02
bc3198453b36bccd,cribl,2026-10-02
bc35302f2d9c7fd9,objective-see,2026-10-02
bc3c14686506857e,recorded-future,2026-10-02
bc3ea659a2c4bf6d,cribl,2026-10-02
bc432922a9790308,risky-business-news,2026-10-02
bc45f97ebb7bdb0d,group-ib,2026-10-02
bc54d20ac2e23995,wiz,2026-10-02
bc5b49fdafa46e90,graham-cluley,2026-10-02
bc5bca4bd5dcde62,simbian,2026-10-02
bc6372c117180052,anvilogic,2026-10-02
bc6d0e7a5e7a0a69,cribl,2026-10-02
bc7db6343e2217ad,elastic-security-labs,2026-10-02
bc976baee211d665,msrc-update-guide,2026-10-02
bcb1f808ade156bb,elastic-security-labs,2026-10-02
bcb44a20e0feedd8,oss-security-seclists,2026-10-02
bcc3bd4157e9548e,wiz,2026-10-02
bcc70513245bad17,infosecurity-magazine,2026-10-02
bccd85342bd0b19c,infosecurity-magazine,2026-10-02
bccfe8d1b34e1ea5,canadian-centre-for-cyber-security,2026-10-02
bcd1740d3475d6b3,risky-business-news,2026-10-02
bce2a03cc6aa3c44,objective-see,2026-10-02
bce7eddd48cdd555,runreveal,2026-10-02
bceaf9925ed1579d,msrc-update-guide,2026-10-02
bd1233a58d96afdc,simbian,2026-10-02
bd1444962e6319bc,exaforce,2026-10-02
bd20634354a932ed,objective-see,2026-10-02
bd21ee825958d2f8,datadog,2026-10-02
bd2590d0eafbe9f9,huntress,2026-10-02
bd32320545e0ea7f,ransomware-live,2026-10-02
bd42ac6aa3351f35,infosecurity-magazine,2026-10-02
bd48cf7881aaaa19,ransomware-live,2026-10-02
bd499b19ac704dc1,tenzir,2026-10-02
bd4ad19a500cc550,cribl,2026-10-02
bd53973c1dc41773,wiz,2026-10-02
bd66f19dddf37aa1,msrc-update-guide,2026-10-02
bd6b19d59d260584,infosecurity-magazine,2026-10-02
bd6d8451999b0af0,elastic-security-labs,2026-10-02
bd8e6c810c61861e,msrc-update-guide,2026-10-02
bd8fdd7de8c6b883,objective-see,2026-10-02
bd9388211c048c38,ransomware-live,2026-10-02
bda1d84897520191,simbian,2026-10-02
bda393887b366057,tuskira,2026-10-02
bda55fea4e4cd18a,cribl,2026-10-02
bdb9177b8c17596f,stellar-cyber,2026-10-02
bdc4bd13e369beba,recorded-future,2026-10-02
bdcbcd257f0ab81d,exaforce,2026-10-02
bdcfddaf0487aaa4,cybersecurity-dive,2026-10-02
bdd85d12d61f2d3c,cribl,2026-10-02
bde59446d83f90ad,mitiga,2026-10-02
bdf232ba9dbfa0f2,group-ib,2026-10-02
bdf86d58b03fd0dc,elastic-security-labs,2026-10-02
bdf8eaec4b6cdd7f,malwarebytes-labs,2026-10-02
be05b39980dd7982,axoflow,2026-10-02
be0f9196abb6a9fe,huntress,2026-10-02
be132c3a254b8f66,msrc-update-guide,2026-10-02
be1cd6ed484bdbe1,huntress,2026-10-02
be1cfc5cb5331a56,dropzone-ai,2026-10-02
be1fd66ed35e685e,eset-welivesecurity,2026-10-02
be258675f6b11039,simbian,2026-10-02
be3abb992d852e1f,infosecurity-magazine,2026-10-02
be3d82ced34c0c42,ransomware-live,2026-10-02
be47dc38a76a84f7,zero-day-initiative,2026-10-02
be53e867926cadaf,recorded-future,2026-10-02
be63f6a83c59d35e,group-ib,2026-10-02
be70b6883aec8881,elastic-security-labs,2026-10-02
be80fea269aa9a74,cso-online,2026-10-02
be8afae823e8bb2c,wiz,2026-10-02
bea844bc900cce59,anvilogic,2026-10-02
beb470c19bf8109d,elastic-security-labs,2026-10-02
becc716798488967,zscaler,2026-10-02
becfaf4c047ae58e,cribl,2026-10-02
bed73164371d2ee2,msrc-update-guide,2026-10-02
bedbcbf36c8992da,troy-hunt,2026-10-02
bedea6a67a4e9683,google-project-zero,2026-10-02
bee11ace9a6bdd1f,greynoise,2026-10-02
bee2fe5d783edfc8,securityweek,2026-10-02
bee41c6d24ee0fe3,trend-micro,2026-10-02
bf066a2cbba846f5,exaforce,2026-10-02
bf17f464ad95750c,risky-business-news,2026-10-02
bf208899a8c518b9,airmdr,2026-10-02
bf212ad894650fdf,axoflow,2026-10-02
bf2a3818e2a7e8b5,huntress,2026-10-02
bf334b65a88f812c,prophet-security,2026-10-02
bf5182b802b604b2,recorded-future,2026-10-02
bf69e8f25c7a61ea,arctic-wolf,2026-10-02
bf717634afd182f0,huntress,2026-10-02
bf89c8f98866e62d,cribl,2026-10-02
bf9408c361073a02,sans-internet-storm-center,2026-10-02
bf984fca376b50d0,datadog,2026-10-02
bfa3c524a04b3867,aqua-nautilus,2026-10-02
bfb3595d1250484f,extrahop,2026-10-02
bfb44e49c4c1f8cb,elastic-security-labs,2026-10-02
bfc7b5e20b37e239,group-ib,2026-10-02
bfdcebb009110fb4,eset-welivesecurity,2026-10-02
bff09167479dddf4,elastic-security-labs,2026-10-02
bffbb47ddc902b32,eset-welivesecurity,2026-10-02
bffd08223a876471,cribl,2026-10-02
c0008145db5f652c,cvefeed-io,2026-10-02
c01655e1155292f6,eset-welivesecurity,2026-10-02
c01d078e8c045ca0,lab52,2026-10-02
c030311d199a5803,watchtowr-labs,2026-10-02
c04a860f32a91259,group-ib,2026-10-02
c0551de5108b5c3b,recorded-future,2026-10-02
c069498edf35d1ad,canadian-centre-for-cyber-security,2026-10-02
c06cd96b76c84873,exaforce,2026-10-02
c0774150d434531a,darktrace,2026-10-02
c08596c14a260cd4,anvilogic,2026-10-02
c08d0f4c3186f7a0,gurucul,2026-10-02
c099910d277917d2,dark-reading,2026-10-02
c09d74d8f3b9884e,mitiga,2026-10-02
c0b54b24792ba9e8,elastic-security-labs,2026-10-02
c0ba8f60a624c312,prophet-security,2026-10-02
c0bd031fac57a840,msrc-update-guide,2026-10-02
c0c4fead7a7826f7,elastic,2026-10-02
c0c672131d95362c,eset-welivesecurity,2026-10-02
c0d2c6997cc30f95,simbian,2026-10-02
c0eb499ece38f3cf,objective-see,2026-10-02
c11807a593442430,deeptempo,2026-10-02
c118247cbc50df55,datadog,2026-10-02
c1414cc6c0dd5e5c,secure-com,2026-10-02
c14318b3b5ad4da2,trend-micro,2026-10-02
c1545cadecf857dc,bricklayer-ai,2026-10-02
c1586499ef6dfa4e,group-ib,2026-10-02
c15fabc2567b5dc5,infosecurity-magazine,2026-10-02
c1633df8789745cb,wiz,2026-10-02
c175cc5a898fa219,full-disclosure-seclists,2026-10-02
c1794e37fc2ce029,msrc-update-guide,2026-10-02
c1a1a1bf652f4f31,eset-welivesecurity,2026-10-02
c1a33cf7baa49e1e,trend-micro,2026-10-02
c1a3b9987e5d3ed3,reversinglabs,2026-10-02
c1a587ace9e12d54,cert-fr-alerts,2026-10-02
c1c9f5213f54eab2,simbian,2026-10-02
c1cb9a97b5feef7d,risky-business-news,2026-10-02
c1e54a8fbd10037b,mitiga,2026-10-02
c1eb7e03c2c6f6a9,datadog,2026-10-02
c1f2fe32465a9ae6,the-hacker-news,2026-10-02
c2006bd4abaed5c8,anvilogic,2026-10-02
c20eca629aa88424,group-ib,2026-10-02
c217afa7f645b98d,sentinelone,2026-10-02
c235ef7dbd7e1af0,canadian-centre-for-cyber-security,2026-10-02
c246e74366fcba53,d3-security,2026-10-02
c2528b9249a6251d,simbian,2026-10-02
c25823abaab51efd,elastic-security-labs,2026-10-02
c25af444458d0535,cso-online,2026-10-02
c2688f93cc3efccb,eset-welivesecurity,2026-10-02
c27b3357c720aeab,the-hacker-news,2026-10-02
c294132944190e63,zscaler,2026-10-02
c29529a9000b5f7f,trend-micro,2026-10-02
c295fd290bf83db1,infosecurity-magazine,2026-10-02
c2988074c86d026b,msrc-update-guide,2026-10-02
c2afd71a00db8587,simbian,2026-10-02
c2b3d79fd9f7e9e3,simbian,2026-10-02
c2bc59a43e0e4ef6,bleepingcomputer,2026-10-02
c2bca935cfa1191a,huntress,2026-10-02
c2cc154872b09b93,msrc-update-guide,2026-10-02
c2da88cdd54555b6,huntress,2026-10-02
c2df698e7e73d64a,sans-internet-storm-center,2026-10-02
c2ea7ebae70da839,anvilogic,2026-10-02
c2f735f1a22ee578,tuskira,2026-10-02
c2fa25c1e3e3fa63,objective-see,2026-10-02
c2fd9c2634daa9d7,prophet-security,2026-10-02
c3038373d3262aa9,tenzir,2026-10-02
c30657fd34fd9b93,datadog,2026-10-02
c3155207ca3d2b85,dropzone-ai,2026-10-02
c3235dc09cce88c7,cert-cc-vulnerability-notes,2026-10-02
c3274297178599f0,bricklayer-ai,2026-10-02
c334f3797e3a25b4,qualys-threat-research,2026-10-02
c3458d08713cf1b4,ransomware-live,2026-10-02
c359f7ed7754ba73,the-dfir-report,2026-10-02
c3690cd44d5a2870,simbian,2026-10-02
c36bba42a5a2993e,infosecurity-magazine,2026-10-02
c3b5f60b5bfb8eba,mitiga,2026-10-02
c3bdf51c4e8b9e55,risky-business-news,2026-10-02
c3bf5c3e89ed6409,microsoft-sentinel,2026-10-02
c3c75025d3d708fa,sans-internet-storm-center,2026-10-02
c3ca996a361d03fd,elastic-security-labs,2026-10-02
c3d9f5722de166c0,greynoise,2026-10-02
c3eeaf8a99575db0,mitiga,2026-10-02
c3f26d894a58cf85,runreveal,2026-10-02
c3fd773541a7d9a9,mitiga,2026-10-02
c407ec1cf7e0c122,darktrace,2026-10-02
c41d42987d6db88c,wiz,2026-10-02
c41fc4c7b8c44e47,tenacium-dc,2026-10-02
c43722cc31f4f699,elastic-security-labs,2026-10-02
c45d99a04a48abd8,msrc-update-guide,2026-10-02
c46f968b7ecddd60,infosecurity-magazine,2026-10-02
c475c32c0cf86ed7,cribl,2026-10-02
c47f3ae0344671df,trend-micro,2026-10-02
c4805b53b8e22fd1,recorded-future,2026-10-02
c48a4e40c6535cc8,simbian,2026-10-02
c490d71b13cf8852,msrc-update-guide,2026-10-02
c4959ac95e0ea488,trend-micro,2026-10-02
c4ac4147caa3bde4,citizen-lab,2026-10-02
c4b7e042b67ac7a0,group-ib,2026-10-02
c4b8378f17419355,anvilogic,2026-10-02
c4c1c116e2c4fbcc,darktrace,2026-10-02
c4c6e24855b81b48,datadog,2026-10-02
c4df054ecf3f5663,ransomware-live,2026-10-02
c4df916ce76b0378,mitiga,2026-10-02
c4e16ee57d98679d,canadian-centre-for-cyber-security,2026-10-02
c4ea254f0ceef3cc,zscaler,2026-10-02
c4ef737b4cdff712,group-ib,2026-10-02
c4fa4c326921369b,deeptempo,2026-10-02
c4fea1af50fa5c2d,zscaler,2026-10-02
c50192f24523bcda,group-ib,2026-10-02
c50eea853cf86262,cribl,2026-10-02
c5154c26f15e8bb3,tenex-ai,2026-10-02
c51b361beffd60c7,anvilogic,2026-10-02
c530e875178552a6,underdefense,2026-10-02
c534159a0c49a8b2,cisa-news,2026-10-02
c53e3b927da4fb7b,wiz,2026-10-02
c54115b4521e3630,wiz,2026-10-02
c54ea2e1916fd0aa,watchtowr-labs,2026-10-02
c563e0ae6ff34204,infosecurity-magazine,2026-10-02
c57c4ca4cf9d9077,deepwatch,2026-10-02
c5891393a9b9f2ba,elastic-security-labs,2026-10-02
c5a262c92a1489f4,objective-see,2026-10-02
c5af00954e665a68,dropzone-ai,2026-10-02
c5be04854fbf0a64,underdefense,2026-10-02
c5d2e3adad4bda27,infosecurity-magazine,2026-10-02
c5d819a91bb3186c,zscaler,2026-10-02
c5f066f965112c20,group-ib,2026-10-02
c5f57cd7496f4acd,wiz,2026-10-02
c602c34a75b22de5,elastic-security-labs,2026-10-02
c611fb0b396bc949,trail-of-bits,2026-10-02
c623f1c8f2636f50,d3-security,2026-10-02
c62922f7017402e1,simbian,2026-10-02
c629f94be3902062,palo-alto-networks,2026-10-02
c62e6c1d96b4c847,group-ib,2026-10-02
c63688afb27bddc1,nebulock,2026-10-02
c647725def75ab02,arctic-wolf,2026-10-02
c64864a6de41995d,exaforce,2026-10-02
c65d23ebe8e7bd09,msrc-update-guide,2026-10-02
c661c9efb4a2820a,underdefense,2026-10-02
c66231a9eed7025d,simbian,2026-10-02
c671399aed6f41c5,cert-eu-advisories,2026-10-02
c681c9d7629719be,tenzir,2026-10-02
c68a4e50d0c80641,risky-business-news,2026-10-02
c698c79d197c4a2a,the-hacker-news,2026-10-02
c69e6ae51e2fcf50,ransomware-live,2026-10-02
c6a3e6c03eca3f68,zscaler,2026-10-02
c6bb121da62c71c3,tuskira,2026-10-02
c6bb1dba833c5359,security-affairs,2026-10-02
c6c1fff364699a62,wiz,2026-10-02
c6cd68893b5a59a5,dark-reading,2026-10-02
c6e911735b615558,objective-see,2026-10-02
c6f065ee3f472550,group-ib,2026-10-02
c6f6e57cc1703484,cribl,2026-10-02
c6fdfd0a1fca4aa1,group-ib,2026-10-02
c70ad258efaa8f62,datadog,2026-10-02
c70edb62b8ec6a9b,anvilogic,2026-10-02
c7209be6a8118e8f,cribl,2026-10-02
c72448984447c087,group-ib,2026-10-02
c726cb911dec6736,wiz,2026-10-02
c745517d1ebf50dd,recorded-future,2026-10-02
c7470d389599a21c,sc-media,2026-10-02
c74982221ae5efb7,cribl,2026-10-02
c75cff3e246e3f55,eset-welivesecurity,2026-10-02
c76304b5c5aed0c8,wiz,2026-10-02
c7680227d2dc6c52,nebulock,2026-10-02
c76807c04a805cd7,trend-micro,2026-10-02
c76c8ff6923116d1,risky-business-news,2026-10-02
c76f1b29b4313649,cloudflare,2026-10-02
c7901114717da745,risky-business-news,2026-10-02
c79231d6db94d82b,the-hacker-news,2026-10-02
c7b1cd85742c2947,msrc-update-guide,2026-10-02
c7ba0af23fddb4c7,palo-alto-networks,2026-10-02
c7d17cb7bfd9a345,objective-see,2026-10-02
c7e7ad60970c4251,krebs-on-security,2026-10-02
c7efff9e0058b052,simbian,2026-10-02
c81bb8aa183733e2,microsoft-sentinel,2026-10-02
c82950c1ab1f035d,runreveal,2026-10-02
c831aff6e191476e,exaforce,2026-10-02
c832d6026ebcc2df,greynoise,2026-10-02
c83aaa152cf14a29,ransomware-live,2026-10-02
c841ed975142f4b1,huntress,2026-10-02
c842a4c8593eb144,msrc-update-guide,2026-10-02
c84befb7c3dc8875,trend-micro,2026-10-02
c84cf3ba710e9310,risky-business-news,2026-10-02
c858259a6c4a5b8f,huntress,2026-10-02
c87b0ef96051e74f,datadog,2026-10-02
c887ed539c607d80,group-ib,2026-10-02
c89b9b3d200996b0,prophet-security,2026-10-02
c8a1b69c60bbcf81,msrc-update-guide,2026-10-02
c8d111a2ff4028ab,wiz,2026-10-02
c8db325b3aa0402c,elastic-security-labs,2026-10-02
c8dc138e4b3c3a87,cribl,2026-10-02
c8dcb609d0f845c7,eset-welivesecurity,2026-10-02
c8f7d668a6f4d8ed,the-record-recorded-future-news,2026-10-02
c90f27ed1b498a45,huntress,2026-10-02
c92e050e2869f1c4,wiz,2026-10-02
c938ba5fd143a147,wiz,2026-10-02
c93ee81870d470fe,wiz,2026-10-02
c944bc30bb7217ab,infosecurity-magazine,2026-10-02
c95c3601618cf776,elastic-security-labs,2026-10-02
c977840ae805f8f4,group-ib,2026-10-02
c97bb7e780441792,group-ib,2026-10-02
c97f85e6ffe48f7b,group-ib,2026-10-02
c981e0a60680ee88,ransomware-live,2026-10-02
c984e344336276af,trend-micro,2026-10-02
c9853f6c34b9a04b,eset-welivesecurity,2026-10-02
c985792c2e674921,greynoise,2026-10-02
c99600da17a48102,msrc-update-guide,2026-10-02
c99bece942466de2,lab52,2026-10-02
c9a9a45361b6d822,cybersecurity-dive,2026-10-02
c9b7b663d82bc013,ransomware-live,2026-10-02
c9c5292a94034040,ransomware-live,2026-10-02
c9c87b84069c0472,palo-alto-unit-42,2026-10-02
c9d885dc4267febd,msrc-update-guide,2026-10-02
c9e6ea86938af82b,socket,2026-10-02
c9fef3ecb777d482,objective-see,2026-10-02
ca19434132ad5b2d,elastic-security-labs,2026-10-02
ca306ebab9d91ddc,datadog,2026-10-02
ca3a9a96a72cd3ff,exploit-db,2026-10-02
ca43cad628317d27,infosecurity-magazine,2026-10-02
ca43e6dbd66aa5a1,sc-media,2026-10-02
ca47ffcbb493d9ca,securevisio,2026-10-02
ca58a9fe3b334065,exaforce,2026-10-02
ca5a3bacb74112ce,elastic-security-labs,2026-10-02
ca5d59ab23ea2ea9,lab52,2026-10-02
ca5eca299299c890,huntress,2026-10-02
ca71e84ce3192901,datadog-security-labs,2026-10-02
ca7adb3d4ad3d6e6,simbian,2026-10-02
ca968f333d35ff88,arctic-wolf,2026-10-02
caa58bd074232a5d,elastic-security-labs,2026-10-02
cab9876533f7ad6f,bitdefender-labs,2026-10-02
cacf4096a7e20b79,infosecurity-magazine,2026-10-02
cad023bae4287652,huntress,2026-10-02
cad82c1f4265b2e6,bitdefender-labs,2026-10-02
caee7614bd852c60,ncsc-uk,2026-10-02
caf8afae150c69fb,wiz,2026-10-02
cb10c8934fc6adec,trend-micro,2026-10-02
cb13be0aa23aa093,group-ib,2026-10-02
cb16bbb90f0655ab,cribl,2026-10-02
cb24bc63284d65c7,elastic-security-labs,2026-10-02
cb31702bc4407d5f,objective-see,2026-10-02
cb4f93a9a7efd076,stellar-cyber,2026-10-02
cb51a5d3ab31c4b0,securityweek,2026-10-02
cb52de5b18f420ef,elastic,2026-10-02
cb8afe57fe1a891d,wiz,2026-10-02
cb8ce7babd6edd26,watchtowr-labs,2026-10-02
cb8e15d09d1225ca,deeptempo,2026-10-02
cb94ae60e45293b1,bitdefender-labs,2026-10-02
cb971291fe3ec071,greynoise,2026-10-02
cb9d5fce4d745b9d,expel,2026-10-02
cba1f479da99f2b0,cyberscoop,2026-10-02
cbaa1f8788281467,objective-see,2026-10-02
cbc06faf8a34a260,bitdefender-labs,2026-10-02
cbda102c54f62ee1,tuskira,2026-10-02
cbe39000452b606b,tuskira,2026-10-02
cbf3cfa45f59f9f5,the-hacker-news,2026-10-02
cc085f7347257fdb,mitiga,2026-10-02
cc10d17891caa95c,canadian-centre-for-cyber-security,2026-10-02
cc1359fffd338ae3,deeptempo,2026-10-02
cc15b9357b27e4e2,wiz,2026-10-02
cc1cffd0c62fb70d,ransomware-live,2026-10-02
cc542cd3e0f395e4,greynoise,2026-10-02
cc5720553b2c86ad,cisa-cybersecurity-advisories,2026-10-02
cc63f7083bff290f,group-ib,2026-10-02
cc7b0c2574bff20d,aqua-nautilus,2026-10-02
cc92fce80231127b,the-dfir-report,2026-10-02
cca39f150b82450e,cribl,2026-10-02
ccb6d1a1a49a10b8,msrc-update-guide,2026-10-02
ccbbcdec2fdbab4a,wiz,2026-10-02
ccc5a860bb204b21,ransomware-live,2026-10-02
ccc7426e94784d58,wiz,2026-10-02
ccc76e16a3dc6000,simbian,2026-10-02
ccc9aa8c02111284,greynoise,2026-10-02
ccd0c0d648ff6cc1,infosecurity-magazine,2026-10-02
cce646c4a9050c8f,simbian,2026-10-02
ccecf06b97fa365f,axoflow,2026-10-02
ccf3a4e0d17d4eca,datadog,2026-10-02
ccf4d590e953c283,cert-fr-alerts,2026-10-02
ccfb7f8eff7eaec0,huntress,2026-10-02
cd00c05a1f27c5f8,trail-of-bits,2026-10-02
cd0b02508afdeff4,tuskira,2026-10-02
cd2917dcba06b287,simbian,2026-10-02
cd31c58439175270,wiz,2026-10-02
cd3303ffbf8612bb,cribl,2026-10-02
cd58085b8f043c80,conifers,2026-10-02
cd5ca34bdc7f7ea1,cribl,2026-10-02
cd6c4be9188f0ca0,securevisio,2026-10-02
cd6cabc7d8b9f580,wiz,2026-10-02
cd7c0958e87d22f6,axoflow,2026-10-02
cd8ad82d615de4f7,cert-cc-vulnerability-notes,2026-10-02
cd8f42118e124c14,deeptempo,2026-10-02
cd97431733bbd5fc,cribl,2026-10-02
cda07c93dd20f202,wiz,2026-10-02
cda8525dba3d9962,eset-welivesecurity,2026-10-02
cdae6aeef6a30d57,reversinglabs,2026-10-02
cdaee60e2966b16c,tenzir,2026-10-02
cdbe7155381804e8,wiz,2026-10-02
cdd0295c6f7c3536,wiz,2026-10-02
cdd5b9bbe1c73729,axoflow,2026-10-02
cdf2f8f492a390da,cribl,2026-10-02
ce1ec73ef4245b2d,ransomware-live,2026-10-02
ce1f0bb9bb1cb2d4,anvilogic,2026-10-02
ce22715e739f2456,imperum,2026-10-02
ce28dff6234529e0,trend-micro,2026-10-02
ce2ddea54c8034cb,nebulock,2026-10-02
ce3df1e0fe339ed9,elastic-security-labs,2026-10-02
ce3f1e378f93c69c,huntress,2026-10-02
ce4dd5e6fd9adc54,group-ib,2026-10-02
ce513dfb7b954912,elastic-security-labs,2026-10-02
ce53c5afc907403e,axoflow,2026-10-02
ce6620f82a985c43,elastic-security-labs,2026-10-02
ce6a5a0e9207090f,simbian,2026-10-02
ce6e424685ed644d,msrc-update-guide,2026-10-02
ce7b6a47902d4b85,group-ib,2026-10-02
ce85fbcadf918837,dark-reading,2026-10-02
ce8b5981d0ddf48f,priam-cyber-ai,2026-10-02
ce9552cbcd8f56d5,greynoise,2026-10-02
ce95c1e338880f94,elastic-security-labs,2026-10-02
ce969f59dfcde575,cert-cc-vulnerability-notes,2026-10-02
ceb262f2a3c4703b,elastic-security-labs,2026-10-02
ceb7f37a5ecf343f,group-ib,2026-10-02
cec0b9b24732a923,canadian-centre-for-cyber-security,2026-10-02
cedf6983e1d65a6d,anvilogic,2026-10-02
cf119a8c00ca0d03,infosecurity-magazine,2026-10-02
cf1bcbfda64326df,cribl,2026-10-02
cf3c4e57d69e07ec,greynoise,2026-10-02
cf4a966ad948c5ad,group-ib,2026-10-02
cf4db0d120437955,the-record-recorded-future-news,2026-10-02
cf5708db6efda0b9,msrc-update-guide,2026-10-02
cf6dbf6f1d558802,nebulock,2026-10-02
cf845c7119301968,infosecurity-magazine,2026-10-02
cf8b3f93ca61bdd4,arctic-wolf,2026-10-02
cf94e3e176e03ed6,oss-security-seclists,2026-10-02
cf94f138361054a5,cribl,2026-10-02
cf956d8e742199db,group-ib,2026-10-02
cf9a51f75073e23f,trend-micro,2026-10-02
cfa64f86109c8824,risky-business-news,2026-10-02
cfaeb0cd7e47ecf3,huntress,2026-10-02
cfaf26e08b8d6bb3,greynoise,2026-10-02
cfb7986dd65fa6b8,databricks,2026-10-02
cfbeb8a43eb4d63e,cert-eu-advisories,2026-10-02
cfc57fcb67dafdf0,infosecurity-magazine,2026-10-02
cfeb1f9bb47873cf,mitiga,2026-10-02
cff573d711d08326,krebs-on-security,2026-10-02
d004bf75ddfecf4e,huntress,2026-10-02
d00c37129b0c5c36,ransomware-live,2026-10-02
d02911081b3b3fb4,stellar-cyber,2026-10-02
d032c6c037917a4e,ncsc-uk,2026-10-02
d034f9a993dab132,volexity,2026-10-02
d0389279f56227f3,the-hacker-news,2026-10-02
d03b110938b1d587,mitiga,2026-10-02
d043e40ec2f30e88,simbian,2026-10-02
d057f2c517779ea0,group-ib,2026-10-02
d05f80d77d8ee3c9,databreaches-net,2026-10-02
d06785466eac4966,elastic-security-labs,2026-10-02
d067f1a716af3ae4,infosecurity-magazine,2026-10-02
d0695b6eeef7027d,reversinglabs,2026-10-02
d079a17148dbe51c,cisco-talos,2026-10-02
d07b68a79c905e57,msrc-update-guide,2026-10-02
d0941ef0c66647ff,group-ib,2026-10-02
d0aed2f006ab44b7,group-ib,2026-10-02
d0b1886b6a793bcb,infosecurity-magazine,2026-10-02
d0bb2da70112d344,objective-see,2026-10-02
d0d03189796c479e,wiz,2026-10-02
d0f0801cc0559b5b,exaforce,2026-10-02
d0f586ee531ff902,group-ib,2026-10-02
d1104bfcc9522366,mitiga,2026-10-02
d1171f4ad78f238f,dropzone-ai,2026-10-02
d11daaa51089da73,trend-micro,2026-10-02
d139714c8dc712d8,axoflow,2026-10-02
d13d70b50a29ae2d,huntress,2026-10-02
d148ec6d80ead2fe,cribl,2026-10-02
d15dd19cb0cefef7,wiz,2026-10-02
d177d9f37ba8a7b6,huntress,2026-10-02
d184e1e8540a8862,risky-business-news,2026-10-02
d185518e7a3f5488,darktrace,2026-10-02
d18c00ac13faba70,msrc-update-guide,2026-10-02
d1949fe84278feaa,cribl,2026-10-02
d19f5ed0ee43f91a,trend-micro,2026-10-02
d1b0c9582272ee2a,huntress,2026-10-02
d1b6515d3110ccab,cert-fr-alerts,2026-10-02
d1bc45639b21ddc3,cert-cc-vulnerability-notes,2026-10-02
d1d6bdc277910054,trail-of-bits,2026-10-02
d1e4577faa7de5c9,trend-micro,2026-10-02
d1e73d95b28b4974,oss-security-seclists,2026-10-02
d1ebf202982d728d,risky-business-news,2026-10-02
d1eedc692efffecd,simbian,2026-10-02
d1ef2e001262eee9,silent-push,2026-10-02
d1f7ded9d44947c8,tuskira,2026-10-02
d1fb03c6e58c002b,elastic-security-labs,2026-10-02
d20497949933d524,elastic-security-labs,2026-10-02
d21608339f34d5a8,sans-internet-storm-center,2026-10-02
d24d3ad61b7db7d7,dropzone-ai,2026-10-02
d2515a0888606d29,wiz,2026-10-02
d251b6befdf4a1a9,elastic-security-labs,2026-10-02
d2659653b171e1e8,simbian,2026-10-02
d267a0a8712b6263,exploit-db,2026-10-02
d27a4e78c7ee1d60,cribl,2026-10-02
d27f900e84084555,huntress,2026-10-02
d28d3ef8e9bb08fd,objective-see,2026-10-02
d2921f84d18d6fc1,cert-fr-alerts,2026-10-02
d2963eac24fdfc83,group-ib,2026-10-02
d29b437951f721c2,wiz,2026-10-02
d29d1377171a5086,huntress,2026-10-02
d29edcedc026dba7,deeptempo,2026-10-02
d2a08333031dff5d,simbian,2026-10-02
d2b978f00380c3a7,underdefense,2026-10-02
d2bc532e85180dfb,infosecurity-magazine,2026-10-02
d2c216e6aaa9d2fa,elastic,2026-10-02
d2cbff5f12ba3afd,dropzone-ai,2026-10-02
d2cfd0f6df3aa14f,cribl,2026-10-02
d2d17c33e3e17552,infosecurity-magazine,2026-10-02
d2d4ca8e877f4c7c,tenzir,2026-10-02
d2de4035dc43c2bd,elastic-security-labs,2026-10-02
d2f4df10f4337cb4,canadian-centre-for-cyber-security,2026-10-02
d3189690a4fc1759,elastic-security-labs,2026-10-02
d3204b99128f78c4,group-ib,2026-10-02
d3243fd7a2b452da,wiz,2026-10-02
d32e6c5981216763,group-ib,2026-10-02
d3323bf6779d4310,objective-see,2026-10-02
d3395ef24d5be53d,databreaches-net,2026-10-02
d362ffdc24410fa5,infosecurity-magazine,2026-10-02
d3655e98797ae369,elastic-security-labs,2026-10-02
d371afc98589370b,exaforce,2026-10-02
d380f5a1e8554e47,objective-see,2026-10-02
d38339e830b723a4,ransomware-live,2026-10-02
d3b049ff8911de51,elastic-security-labs,2026-10-02
d3b53acfd241d9f6,jpcert-cc,2026-10-02
d3c2ae91274e10b6,huntress,2026-10-02
d3c2f64e41809fa2,extrahop,2026-10-02
d3d41ed14cbc03aa,tenzir,2026-10-02
d3e55ba258e3cc58,securevisio,2026-10-02
d3ef39356705ae6f,ransomware-live,2026-10-02
d3f6cc920698eea2,graham-cluley,2026-10-02
d3f8b5f6065b985f,tuskira,2026-10-02
d3fc5bc858b8da93,objective-see,2026-10-02
d41af6a47c13a50b,cribl,2026-10-02
d41e14730ab9ca29,elastic-security-labs,2026-10-02
d41fe1db3ec92e10,ransomware-live,2026-10-02
d4345e7adb0f7470,airmdr,2026-10-02
d4436092830da026,objective-see,2026-10-02
d449b81655b0b285,prophet-security,2026-10-02
d45f80bcb5791fb8,msrc-update-guide,2026-10-02
d4615ef6de2f3048,group-ib,2026-10-02
d4768738c6842389,tenable,2026-10-02
d4778f514a987468,group-ib,2026-10-02
d4928ad1f97d3afa,eset-welivesecurity,2026-10-02
d49af80035f30fc2,huntress,2026-10-02
d4a28d06efd3e0dc,ransomware-live,2026-10-02
d4a461dfd82a2d28,dropzone-ai,2026-10-02
d4c6b57997fb33a8,elastic-security-labs,2026-10-02
d4d90766aece52bf,reversinglabs,2026-10-02
d4dfa99d201d5ce6,darktrace,2026-10-02
d515c4b6da0d161a,simbian,2026-10-02
d528dcfd2f723365,elastic,2026-10-02
d529f6c5a25ebec0,objective-see,2026-10-02
d53231de7d0ad65a,simbian,2026-10-02
d5374ac44466d0dd,cisco-talos,2026-10-02
d53e784c79c8a5c7,cribl,2026-10-02
d5492df223926042,troy-hunt,2026-10-02
d56449bbed6d49d4,cribl,2026-10-02
d57105872b155f3c,infosecurity-magazine,2026-10-02
d57d7f9bc848382b,the-hacker-news,2026-10-02
d5a8db99a9627ec5,huntress,2026-10-02
d5ab256ba88d4cdb,dropzone-ai,2026-10-02
d5b083d1cccb905b,wiz,2026-10-02
d5bbdccb6aa6cd45,exploit-db,2026-10-02
d5c84e81656fb962,eset-welivesecurity,2026-10-02
d5d380d6236ac98c,embed-security,2026-10-02
d5d56e9e7b3219f5,elastic-security-labs,2026-10-02
d5d7eed853206eb4,huntress,2026-10-02
d5e1d70e2e179c52,security-affairs,2026-10-02
d5f7b9ab2fe128db,troy-hunt,2026-10-02
d5f7cda0089ceae8,zscaler,2026-10-02
d5f888e90176fed2,objective-see,2026-10-02
d62260d0bbe7c97d,greynoise,2026-10-02
d6352a1d34707143,palo-alto-networks,2026-10-02
d64c7db60bd7ef9f,proofpoint-threat-insight,2026-10-02
d653533745a68c07,krebs-on-security,2026-10-02
d655cbe41491404b,tuskira,2026-10-02
d65e2b00dbc9f6f0,group-ib,2026-10-02
d6668a4b382767b0,deeptempo,2026-10-02
d66b9e829cc55fdc,group-ib,2026-10-02
d66dbd042bb522a3,oss-security-seclists,2026-10-02
d66f32347a248d83,dark-reading,2026-10-02
d678d9ee35545e0f,mitiga,2026-10-02
d67c3ba5253967e5,group-ib,2026-10-02
d67ecf076148fa2d,huntress,2026-10-02
d680fd7371176815,darktrace,2026-10-02
d681957b3099014f,objective-see,2026-10-02
d6863dcb166fec52,bitdefender-labs,2026-10-02
d6903cafc536f6fc,conifers,2026-10-02
d69179177f24f766,risky-business-news,2026-10-02
d6b058bb4921e6f3,simbian,2026-10-02
d6b0d6ce673903d7,dropzone-ai,2026-10-02
d6b3a3f7770e97b5,elastic-security-labs,2026-10-02
d6b7128408cc88ad,objective-see,2026-10-02
d6c25d24d682bfd9,group-ib,2026-10-02
d6d09026d14cbf31,cribl,2026-10-02
d6d690a45d2cd808,the-hacker-news,2026-10-02
d6e048fc789d6175,tenex-ai,2026-10-02
d6e6210d69b8967d,tuskira,2026-10-02
d6f8d7c3645bc382,infosecurity-magazine,2026-10-02
d7006b5f79afcb27,msrc-update-guide,2026-10-02
d708478814bac717,cloudflare,2026-10-02
d70bca03f6a7b826,runreveal,2026-10-02
d70cbe053e6feea6,datadog,2026-10-02
d72e0de8f8bf545f,group-ib,2026-10-02
d739429807f7cf08,wiz,2026-10-02
d74bd17e93e2d7d7,cribl,2026-10-02
d7660457b8d4f04a,cloudflare,2026-10-02
d76ffa564b25ba3c,infosecurity-magazine,2026-10-02
d7aa64d87caa4327,huntress,2026-10-02
d7c21841dc2399a2,tenacium-dc,2026-10-02
d7c9f6a92bfe5256,cvefeed-io,2026-10-02
d7ce28a37810558a,cloudflare,2026-10-02
d7ce77c7683de12d,group-ib,2026-10-02
d7d6e3846a933e01,huntress,2026-10-02
d7ec5420839c7868,cso-online,2026-10-02
d7f91cd3627b14a6,elastic-security-labs,2026-10-02
d8010edceebbd747,datadog-security-labs,2026-10-02
d80c65a8818be0c0,cribl,2026-10-02
d8103a74da5dcd5e,check-point-research,2026-10-02
d813fdf4fc892fa0,deeptempo,2026-10-02
d8221350904e443f,soc-prime,2026-10-02
d838012ca17bce40,sleuth-kit-labs,2026-10-02
d847d4524c3b8f33,trend-micro,2026-10-02
d8565da7ebb509b0,risky-business-news,2026-10-02
d86b26a2d2ba2d22,palo-alto-unit-42,2026-10-02
d878e0c4e97714ff,krebs-on-security,2026-10-02
d881f4477a94d6ce,group-ib,2026-10-02
d88e8898d136f961,wiz,2026-10-02
d8961aa05db260f9,canadian-centre-for-cyber-security,2026-10-02
d8ad17eb45206fd9,objective-see,2026-10-02
d8aecbff95879a9d,malwarebytes-labs,2026-10-02
d8d49f5ad9e25903,pre-security,2026-10-02
d8da14924701f4c3,msrc-update-guide,2026-10-02
d8dc334da8bd1d94,group-ib,2026-10-02
d8f31c0a75d216a8,digital-hands,2026-10-02
d8f6cab4c6ff2857,cisa-news,2026-10-02
d8f80c7e8697c6ef,group-ib,2026-10-02
d9227e548a363568,huntress,2026-10-02
d92d3a466b012c05,darktrace,2026-10-02
d93c0394ec567caf,huntress,2026-10-02
d93e9ab31abf180b,simbian,2026-10-02
d9607373bfae48f6,d3-security,2026-10-02
d961356b273cc4c4,infosecurity-magazine,2026-10-02
d9717d02f9c8bc6b,troy-hunt,2026-10-02
d9720e9e83ce07f9,dropzone-ai,2026-10-02
d97b7d43b3fdf35e,underdefense,2026-10-02
d98f2be53d644648,deeptempo,2026-10-02
d990d4d6be6db55d,wiz,2026-10-02
d997254f391dd8c4,mitiga,2026-10-02
d9a79cd0c477a97c,malwarebytes-labs,2026-10-02
d9bdeb92883d6c6f,infosecurity-magazine,2026-10-02
d9c2d906b5580ef0,mitiga,2026-10-02
d9cc5139b0792bc3,anvilogic,2026-10-02
d9cf609f6410b5b3,reversinglabs,2026-10-02
d9d9494c6049e322,cribl,2026-10-02
d9efa878630a9cfb,recorded-future,2026-10-02
d9f19f47020d1c89,simbian,2026-10-02
da03b543a8f6a902,risky-business-news,2026-10-02
da2613f7ae841eae,dark-reading,2026-10-02
da36581051aeefba,wiz,2026-10-02
da4efbfff170937b,canadian-centre-for-cyber-security,2026-10-02
da6d2eee6457c218,wiz,2026-10-02
da97b57fed3d59af,anvilogic,2026-10-02
daa04b9778ab4c62,risky-business-news,2026-10-02
daaa282dc4314e07,trail-of-bits,2026-10-02
daaf72bf8e72d227,sleuth-kit-labs,2026-10-02
dab9fee6524e817f,simbian,2026-10-02
dabb1efcf01f236c,objective-see,2026-10-02
dad2d1dc3f60894c,prophet-security,2026-10-02
dad7f1e98924bb69,dark-reading,2026-10-02
dae8f75b3e7e7097,crowdstrike,2026-10-02
db00b8a1c220a3a9,canadian-centre-for-cyber-security,2026-10-02
db08d46baffffd18,infosecurity-magazine,2026-10-02
db0ac2365c60c867,ransomware-live,2026-10-02
db0cff6a257b42ca,simbian,2026-10-02
db145b803bb88a50,microsoft-sentinel,2026-10-02
db151c52bb578c09,wiz,2026-10-02
db174ed72aa41592,elastic-security-labs,2026-10-02
db25063501b5c861,elastic-security-labs,2026-10-02
db301593e724b27c,huntress,2026-10-02
db3530bf7647db77,axoflow,2026-10-02
db4f414591df1e39,elastic-security-labs,2026-10-02
db516e53f20b4fdf,cisa-news,2026-10-02
db6331f7baab1956,securevisio,2026-10-02
db634ae4fab65a4e,objective-see,2026-10-02
db7d0e56e66f69ce,canadian-centre-for-cyber-security,2026-10-02
db820756aef7d17d,group-ib,2026-10-02
db8ffd6f1d4a14c4,cert-fr-alerts,2026-10-02
db91e2a40cd7c6d1,huntress,2026-10-02
db9b859ce5811b7b,tuskira,2026-10-02
db9bd21b5abe2e80,msrc-update-guide,2026-10-02
dba0fe4581949928,datadog-security-labs,2026-10-02
dba99cb148f82f5f,elastic-security-labs,2026-10-02
dbbc7e7de225cedc,dark-reading,2026-10-02
dbedeff90887b216,group-ib,2026-10-02
dbf0d773546eb1f7,prophet-security,2026-10-02
dbf45e1d38d9bce7,elastic,2026-10-02
dc3184ad81a9ce4f,huntress,2026-10-02
dc322ee55230e7ab,tuskira,2026-10-02
dc324fa09227f880,wiz,2026-10-02
dc34be26139232f4,wiz,2026-10-02
dc52a0796d73afc9,infosecurity-magazine,2026-10-02
dc541453a9229cdc,huntress,2026-10-02
dc6367d53fdfe2f3,nebulock,2026-10-02
dc6ab6b2d01b3ec9,ransomware-live,2026-10-02
dc6c73fb4d1805c1,msrc-update-guide,2026-10-02
dc6fd99f7b0f979e,google-threat-intelligence-mandiant,2026-10-02
dc7a8c5ed4654030,simbian,2026-10-02
dc7dfd84d6a1c748,elastic-security-labs,2026-10-02
dc8d0eef2e67e607,risky-business-news,2026-10-02
dc8ece9ea48593f7,recorded-future,2026-10-02
dc948016d0b406b3,ransomware-live,2026-10-02
dc9cd04da0581895,elastic,2026-10-02
dcaccd6f2161a661,group-ib,2026-10-02
dcaf176c8710e946,datadog,2026-10-02
dcb09ae9a5b7b800,embed-security,2026-10-02
dccd47e3486bc49a,ransomware-live,2026-10-02
dcd0ac266d988603,cloudflare,2026-10-02
dcd318dc561cd04f,tuskira,2026-10-02
dcd73af76c107f06,nebulock,2026-10-02
dce00556911f3ac9,wiz,2026-10-02
dd062053ab990f8b,dropzone-ai,2026-10-02
dd163a3731380bce,cribl,2026-10-02
dd22e4e57e645ef6,graham-cluley,2026-10-02
dd2ae5bbbcec8795,mitiga,2026-10-02
dd2f5f0c1c176d4c,wiz,2026-10-02
dd39a63b179cff3e,cvefeed-io,2026-10-02
dd39b9cd3a9e3c47,ransomware-live,2026-10-02
dd3a7262dc56401d,axoflow,2026-10-02
dd3e02d2438cc036,wiz,2026-10-02
dd46865e59b5ec79,cert-fr-alerts,2026-10-02
dd4ca902f334d07e,mitiga,2026-10-02
dd54c9f9a3fca23f,anvilogic,2026-10-02
dd6076f0497043d7,datadog,2026-10-02
dd66a45b700f69ac,greynoise,2026-10-02
dd6c7b901236a183,huntress,2026-10-02
dd6fdae6c7e6ea73,huntress,2026-10-02
dd7df3f406952daf,tuskira,2026-10-02
dd9cd13b41672d49,infosecurity-magazine,2026-10-02
dda13bab9885f07b,axoflow,2026-10-02
dda563f3f9b0b371,elastic-security-labs,2026-10-02
dda9162fedd2895a,extrahop,2026-10-02
ddac069f8d064138,cloudflare,2026-10-02
ddaf0a2430c855b1,greynoise,2026-10-02
ddc15fdd7b2ed777,datadog,2026-10-02
ddceb97c7c2d0cd4,graham-cluley,2026-10-02
ddd1d0647ddb30e4,reversinglabs,2026-10-02
ddd2528ace65c1e5,huntress,2026-10-02
ddd5e561ec9a5a9a,cribl,2026-10-02
dde255b951d6d62b,infosecurity-magazine,2026-10-02
de069d52c5667ca6,deeptempo,2026-10-02
de0b96386d4290f9,huntress,2026-10-02
de15eda4c739bd7c,simbian,2026-10-02
de1b9264ffe2ebac,elastic-security-labs,2026-10-02
de262ca125ba7657,trend-micro,2026-10-02
de2a86d0df4a31c3,extrahop,2026-10-02
de2eade06ad95eed,huntress,2026-10-02
de365fb63a0d4e88,palo-alto-unit-42,2026-10-02
de39efb4bad800ef,exploit-db,2026-10-02
de43afd54e4d5a89,zynap,2026-10-02
de46612e825aba94,elastic-security-labs,2026-10-02
de4a5189bc6a7ce7,ncsc-uk,2026-10-02
de4db7d09c0ee34a,huntress,2026-10-02
de53ec3771305f33,digital-hands,2026-10-02
de61cfa3eeae2341,ransomware-live,2026-10-02
de87e99040e6aac6,msrc-update-guide,2026-10-02
dea639a40a56a4cc,darktrace,2026-10-02
deb33854d91ec725,ransomware-live,2026-10-02
decbc34f909d9fe3,tuskira,2026-10-02
decc5ad34b3d4d5c,simbian,2026-10-02
ded335b5d3db33a3,datadog,2026-10-02
ded9a06f2f790ff9,wiz,2026-10-02
dedbe71daa05ed91,darktrace,2026-10-02
dedc94cc8f1262e1,msrc-update-guide,2026-10-02
dedff304b47372df,infosecurity-magazine,2026-10-02
defa3b38b506ffb3,trend-micro,2026-10-02
df019d7e1eecaa55,canadian-centre-for-cyber-security,2026-10-02
df020bc56450618a,cisco-talos,2026-10-02
df0374081b3016dd,zscaler,2026-10-02
df1090a5f85c0616,elastic,2026-10-02
df151990b72ac6ab,gurucul,2026-10-02
df19956c1a249771,tenzir,2026-10-02
df218795e276a052,huntress,2026-10-02
df4c067ed17d2348,cribl,2026-10-02
df5340bc15de8b7b,mitiga,2026-10-02
df57a1a9cf0fc911,wiz,2026-10-02
df58dd16ea42859e,msrc-update-guide,2026-10-02
df5c7d52cbccb0cc,infosecurity-magazine,2026-10-02
df638447d5df1d38,databreaches-net,2026-10-02
df6fb53a26f386fd,elastic-security-labs,2026-10-02
df8cf554b20438a7,objective-see,2026-10-02
df93b5dc6c8db9ae,dropzone-ai,2026-10-02
df9d7d00c74671c6,bitdefender-labs,2026-10-02
df9d982c43cbb1ac,tuskira,2026-10-02
df9da05900479fa1,canadian-centre-for-cyber-security,2026-10-02
dfa11de598f748b1,elastic-security-labs,2026-10-02
dfab66d7b8c98c7b,any-run,2026-10-02
dfbab2ee9407664b,group-ib,2026-10-02
dfbd5c5398ed99b1,group-ib,2026-10-02
dfd07352668a2d15,simbian,2026-10-02
dfea8dcfd6517544,ransomware-live,2026-10-02
dff48526e4beabe5,cvefeed-io,2026-10-02
dff72d2ffc458457,shuffle,2026-10-02
e008d1a0d8690003,any-run,2026-10-02
e00af3a70fe84167,wiz,2026-10-02
e013a95aa3c631e5,simbian,2026-10-02
e0476b2acbbbd77b,elastic-security-labs,2026-10-02
e0582c54baf70106,simbian,2026-10-02
e0662bee30a321b6,cribl,2026-10-02
e083a347aa0891b0,binalyze,2026-10-02
e084d287a0a47dfb,trend-micro,2026-10-02
e08667e64a7ebb43,mitiga,2026-10-02
e09facdb0ade31d8,deeptempo,2026-10-02
e0beb8bdb61370db,objective-see,2026-10-02
e0c5eecf82cc15e2,objective-see,2026-10-02
e0ca692efebb60dc,cso-online,2026-10-02
e0cbe881f8887a97,wiz,2026-10-02
e0d0870cce915ee0,group-ib,2026-10-02
e0da2450b1b9314c,the-hacker-news,2026-10-02
e0de63550762094e,prophet-security,2026-10-02
e0de9835b77f3a54,cribl,2026-10-02
e0e41b1fdc9f02ae,trail-of-bits,2026-10-02
e0e5c785dcf9aa30,cribl,2026-10-02
e0f7475841e2e8c5,wiz,2026-10-02
e0ff6ea7489f32d1,reversinglabs,2026-10-02
e1150c83a32cabeb,dark-reading,2026-10-02
e128e447636cfcf3,cert-cc-vulnerability-notes,2026-10-02
e12f50650a618bae,cribl,2026-10-02
e138c6248e51b269,group-ib,2026-10-02
e153090477bae189,palo-alto-unit-42,2026-10-02
e1598f3bd03eb033,d3-security,2026-10-02
e162cf8239942288,objective-see,2026-10-02
e16570bc5eaabe1a,anvilogic,2026-10-02
e16708d07cadf255,risky-business-news,2026-10-02
e182a48b06090096,infosecurity-magazine,2026-10-02
e187a0f5ed88488a,huntress,2026-10-02
e18b0d50d21851f3,red-canary,2026-10-02
e1a37f5e83f5d156,full-disclosure-seclists,2026-10-02
e1a5351dc22f4be3,wiz,2026-10-02
e1a78a2fcbbf145e,huntress,2026-10-02
e1acec2b063f6707,cert-fr-alerts,2026-10-02
e1b5b07f5438d83c,ransomware-live,2026-10-02
e1bc08f3117e52e3,wiz,2026-10-02
e1c7478eb05b0717,msrc-update-guide,2026-10-02
e1c7dbc625615b6c,simbian,2026-10-02
e1d52c5a93e334b5,cribl,2026-10-02
e1e1f2f4a0da8022,ransomware-live,2026-10-02
e1e60dac5f74038e,ransomware-live,2026-10-02
e1ea4bdfe94113db,ransomware-live,2026-10-02
e1ffa38ec4f56620,anvilogic,2026-10-02
e211161f85323ee2,deeptempo,2026-10-02
e216817e41985d88,soc-prime,2026-10-02
e22d6a0b8ca6137a,infosecurity-magazine,2026-10-02
e2511371fd5f910d,wiz,2026-10-02
e2523d199536ef3f,anvilogic,2026-10-02
e2598d1d51891ffd,cribl,2026-10-02
e2948aeec46cf786,elastic-security-labs,2026-10-02
e29835858e61d7d1,deeptempo,2026-10-02
e2a151d18cd7b98e,dark-reading,2026-10-02
e2aa38a1fb6b6f49,cisa-cybersecurity-advisories,2026-10-02
e2b574cc67269ff4,ransomware-live,2026-10-02
e2c1963222b57444,group-ib,2026-10-02
e2d27dadf703e03a,group-ib,2026-10-02
e2db8dd74cc9daff,cribl,2026-10-02
e2f902d5bc1856a8,eset-welivesecurity,2026-10-02
e2f922ff0fcd10a8,deepwatch,2026-10-02
e2fadb16b063dd77,group-ib,2026-10-02
e30e31b49c429ca4,wiz,2026-10-02
e31607178d10bbf2,rapid7,2026-10-02
e323381a2b112c07,huntress,2026-10-02
e33129e3e1c4bd2a,ransomware-live,2026-10-02
e342f8d30255fb5c,reversinglabs,2026-10-02
e350fbbf7e381641,msrc-update-guide,2026-10-02
e35b041540785a81,axoflow,2026-10-02
e365453bd4e0fd58,ransomware-live,2026-10-02
e366435c756de5ff,darktrace,2026-10-02
e38a72a991dde97d,deeptempo,2026-10-02
e3a95fa84ced850c,risky-business-news,2026-10-02
e3b49fb21427a646,darktrace,2026-10-02
e3c9e241960b414c,exploit-db,2026-10-02
e3cbb70e31112e71,wiz,2026-10-02
e3d32cb58b844178,objective-see,2026-10-02
e3dd2586d03b570e,darktrace,2026-10-02
e3ef2456f146b063,deeptempo,2026-10-02
e3f4b32a9af21622,trend-micro,2026-10-02
e40eec4b118b6dd6,simbian,2026-10-02
e40fbfee3d76ad21,infosecurity-magazine,2026-10-02
e4146f73319e151c,wiz,2026-10-02
e41b6b4117e81d9e,group-ib,2026-10-02
e41b75a54f8cc6e3,msrc-update-guide,2026-10-02
e41f6555ddc1b3c7,elastic-security-labs,2026-10-02
e41ffedf9233326d,help-net-security,2026-10-02
e42108fa2c90496d,malwarebytes-labs,2026-10-02
e421549c2a20fd81,simbian,2026-10-02
e437a44e0d37ac4e,full-disclosure-seclists,2026-10-02
e438d5e6ed4f5a20,wiz,2026-10-02
e448b6028cc4bda8,axoflow,2026-10-02
e4652950a951c0a0,infosecurity-magazine,2026-10-02
e47b3101c6a5e6b7,axoflow,2026-10-02
e47cafe303a937fd,elastic-security-labs,2026-10-02
e48485196526cba9,axoflow,2026-10-02
e48902e8c90a0d69,cvefeed-io,2026-10-02
e4a30a9b8ed758e8,group-ib,2026-10-02
e4b1af7aac041cd1,infosecurity-magazine,2026-10-02
e4b303579304b4be,cribl,2026-10-02
e4b33c2e4f559036,infosecurity-magazine,2026-10-02
e4c86594e19803ea,elastic-security-labs,2026-10-02
e4cca17ead186614,objective-see,2026-10-02
e4eacd7fc16a43d4,prophet-security,2026-10-02
e4f7a669553912c3,huntress,2026-10-02
e5054c4fb1a09e47,malwarebytes-labs,2026-10-02
e51e35989d213f1c,elastic-security-labs,2026-10-02
e528a29f1aaba27a,simbian,2026-10-02
e5314c8818cca319,huntress,2026-10-02
e534517b655f1551,wiz,2026-10-02
e54c6787cdc3a21f,nebulock,2026-10-02
e54dccd82ed79217,trend-micro,2026-10-02
e5522ab0c0b7e39f,risky-business-news,2026-10-02
e55560ed981afb62,binalyze,2026-10-02
e55bb0d41c9dfbc8,wiz,2026-10-02
e55f22d62f2373b1,darktrace,2026-10-02
e56920bd74fd4d50,ransomware-live,2026-10-02
e56e3413dacd3ffd,risky-business-news,2026-10-02
e5747b33755c93d8,group-ib,2026-10-02
e583da59692cf091,darktrace,2026-10-02
e584824f3846ca6d,wiz,2026-10-02
e58bdd6fdff36582,mitiga,2026-10-02
e58ff1b2ef6a1297,cloudflare,2026-10-02
e598359240e81be0,silent-push,2026-10-02
e5bc200df3564ee0,tenzir,2026-10-02
e5cb64396e195e33,darktrace,2026-10-02
e5d01c301c7e21f3,huntress,2026-10-02
e5d72d5f80cc50dc,risky-business-news,2026-10-02
e5dfa4ecbbb1bb21,cribl,2026-10-02
e5eecab7aefce741,msrc-update-guide,2026-10-02
e601d025d53c6cc2,simbian,2026-10-02
e60765b0148735a8,simbian,2026-10-02
e60e9aa285490cd0,cert-fr-alerts,2026-10-02
e615895680221cf4,cribl,2026-10-02
e61c6c132db892ce,eset-welivesecurity,2026-10-02
e6219d56a951de29,volexity,2026-10-02
e62c1782418b549e,group-ib,2026-10-02
e63cd1d5dab1d7c9,cribl,2026-10-02
e648248f764bf16d,wiz,2026-10-02
e661f05f0238933b,exploit-db,2026-10-02
e672a48b655a05ee,ransomware-live,2026-10-02
e67ed59e85c2056e,tines,2026-10-02
e688ef97813b5512,group-ib,2026-10-02
e6a0847b08c4842c,extrahop,2026-10-02
e6a48482a059cf62,exploit-db,2026-10-02
e6b4c91016cc22a2,wiz,2026-10-02
e6c04b85be06c38c,cert-cc-vulnerability-notes,2026-10-02
e6c25c51c3ec489c,group-ib,2026-10-02
e6d47d0bcd06e482,wiz,2026-10-02
e7009f6fe836ed09,wiz,2026-10-02
e701d81871c6e7a8,securevisio,2026-10-02
e70bfe47b4c2ec8d,soc-prime,2026-10-02
e712349506155b3e,the-hacker-news,2026-10-02
e7244c72a9df3d91,ransomware-live,2026-10-02
e7260ba43de0ec5a,elastic,2026-10-02
e7306476da900c4b,cribl,2026-10-02
e7442a31a797a38e,check-point-research,2026-10-02
e751f94ad2f438b0,datadog,2026-10-02
e75ba9f1c728ab66,cso-online,2026-10-02
e7616467be1f54c2,proofpoint-threat-insight,2026-10-02
e7681671de46c25b,dropzone-ai,2026-10-02
e76c94f8ace4bdb2,elastic-security-labs,2026-10-02
e7806cf31f7df3c7,simbian,2026-10-02
e7919cf6c244ab90,wiz,2026-10-02
e79eb7ef5d76bb28,databricks,2026-10-02
e7a1b6e47df9b5c9,tuskira,2026-10-02
e7ab2e939da9984a,elastic-security-labs,2026-10-02
e7c7e8ff32e2f5c3,prophet-security,2026-10-02
e7cc90c3d989238c,tenzir,2026-10-02
e7d111cc5e90ac9b,infosecurity-magazine,2026-10-02
e7d6f594664ba384,objective-see,2026-10-02
e7d8700b0a1d33d1,msrc-update-guide,2026-10-02
e7d90d6d105ca887,tuskira,2026-10-02
e7e415d011c63e03,wiz,2026-10-02
e7f8e7a928b1f922,the-hacker-news,2026-10-02
e8092efa2a669e36,objective-see,2026-10-02
e8230f1312984759,simbian,2026-10-02
e828d7c8178c6e96,eset-welivesecurity,2026-10-02
e8295a0d9b172fae,infosecurity-magazine,2026-10-02
e83ef7df1984aa07,deeptempo,2026-10-02
e8562094b0465c05,eset-welivesecurity,2026-10-02
e85732266ec6fa38,group-ib,2026-10-02
e8630ce52b4e09d2,elastic-security-labs,2026-10-02
e86978970d4fba02,infosecurity-magazine,2026-10-02
e86d09b32b3947d6,tenzir,2026-10-02
e87393e1f0e7b12f,wiz,2026-10-02
e87ca12f0b815cf0,group-ib,2026-10-02
e881ac708caa43ea,orryx-ai,2026-10-02
e883cebec3b37826,wiz,2026-10-02
e88645f4c7de7cb3,anvilogic,2026-10-02
e88ae040bdd35a01,huntress,2026-10-02
e88f401d96f6fc88,elastic-security-labs,2026-10-02
e8904a07bf85fd59,elastic-security-labs,2026-10-02
e89dd61538396db1,exabeam,2026-10-02
e8a995c7d5939070,exaforce,2026-10-02
e8bca17461aba399,cso-online,2026-10-02
e8d79a3b2cb3f75f,huntress,2026-10-02
e8d85b7c6d55cbe6,aqua-nautilus,2026-10-02
e8ddccdcc50ee0b5,risky-business-news,2026-10-02
e8e499bfc3c97014,cribl,2026-10-02
e8f6972b6bf00fd8,tuskira,2026-10-02
e9025732bd76f36d,elastic-security-labs,2026-10-02
e902fd4f3f42d4e0,google-threat-intelligence-mandiant,2026-10-02
e9160c0adae68644,palo-alto-unit-42,2026-10-02
e9235361021fcb65,cribl,2026-10-02
e94c6c66dd72f5da,huntress,2026-10-02
e94d376074d7ee8a,darktrace,2026-10-02
e96d2d3fbb0ec310,group-ib,2026-10-02
e96ecd0577f905c4,wiz,2026-10-02
e96f11594a9bde4e,group-ib,2026-10-02
e988da2d63041979,ransomware-live,2026-10-02
e98b96ae500f4f79,risky-business-news,2026-10-02
e9ab512546534a81,infosecurity-magazine,2026-10-02
e9ad5d317a7b2e1d,huntress,2026-10-02
e9be6cc1443b2802,cribl,2026-10-02
e9cb4f9bb099c9f5,cert-cc-vulnerability-notes,2026-10-02
e9d3e1811883f8ca,gurucul,2026-10-02
e9d664b17e7e0fa7,canadian-centre-for-cyber-security,2026-10-02
e9de36ea7f2c0b90,simbian,2026-10-02
e9f68ce87cfbb36b,elastic-security-labs,2026-10-02
e9fb6647b377896a,silent-push,2026-10-02
ea08239ba917aff9,cribl,2026-10-02
ea0834ea2a11b5b7,huntress,2026-10-02
ea093da17d00ffc8,msrc-update-guide,2026-10-02
ea127ce1eb9f496d,datadog-security-labs,2026-10-02
ea1678183a7cd86f,objective-see,2026-10-02
ea1f4b1576578274,bitdefender-labs,2026-10-02
ea2b956657a4bf4a,wiz,2026-10-02
ea31f9bbed2563ea,darktrace,2026-10-02
ea3ac4c1b3d41bdf,palo-alto-networks,2026-10-02
ea4bf88084c1d20a,cribl,2026-10-02
ea5b3ced92c5d9e1,full-disclosure-seclists,2026-10-02
ea60d173fa332581,cribl,2026-10-02
ea690e185bc2b31f,msrc-update-guide,2026-10-02
ea7a980bd12de993,malwarebytes-labs,2026-10-02
ea7d5dec94224daa,wiz,2026-10-02
ea9f306ff57f3ad3,d3-security,2026-10-02
eaabf4b6dac7d6d6,greynoise,2026-10-02
eaba4a4b84354db7,dropzone-ai,2026-10-02
eac24cd8f308358a,elastic-security-labs,2026-10-02
eac9e89b830c8cd8,tuskira,2026-10-02
eacf715c716ad822,binalyze,2026-10-02
ead869bac2233fe8,dropzone-ai,2026-10-02
eaeac4fd1abddcac,underdefense,2026-10-02
eb25cf33010b7365,elastic-security-labs,2026-10-02
eb2b5fb02ae30aab,msrc-update-guide,2026-10-02
eb48132fadb34d6b,simbian,2026-10-02
eb4bdfc6fd10f681,simbian,2026-10-02
eb4c6330b793e848,wiz,2026-10-02
eb4f3dfd2c95e6fe,horizon3-ai,2026-10-02
eb5040a71b201237,mitiga,2026-10-02
eb504f1621b03af7,wiz,2026-10-02
eb6bb811f9ebbf4c,infosecurity-magazine,2026-10-02
eb708b648faeadff,check-point-research,2026-10-02
eb71e06f2235f591,simbian,2026-10-02
eb7ad2fa91ac250e,threatdefence,2026-10-02
eb92951efcf782c3,wiz,2026-10-02
eb93e752e4dc84b0,infosecurity-magazine,2026-10-02
ebb0486f297808b4,group-ib,2026-10-02
ebb2d7850d0e52ce,cloudflare,2026-10-02
ebc0a2adf88c584c,huntress,2026-10-02
ebda723d911912d6,msrc-update-guide,2026-10-02
ebe0426960b66ffa,zscaler,2026-10-02
ebe424c4987ab3e0,cribl,2026-10-02
ebef584c9a328eed,simbian,2026-10-02
ebf3023697ea7b18,prophet-security,2026-10-02
ebfb2f09ad8ab9df,infosecurity-magazine,2026-10-02
ec00dc76b4a637cb,silent-push,2026-10-02
ec04b983c97a409b,objective-see,2026-10-02
ec097a6ae28dd8af,wiz,2026-10-02
ec1240073c511519,bricklayer-ai,2026-10-02
ec2a80d3a960179f,zero-day-initiative,2026-10-02
ec3f27c63056cc58,mitiga,2026-10-02
ec4d2e40eacb64c2,securityweek,2026-10-02
ec5af36a94eca401,canadian-centre-for-cyber-security,2026-10-02
ec5b1b843f4fed44,volexity,2026-10-02
ec63ffd658a748b2,msrc-update-guide,2026-10-02
ec6df9fca0795e5e,cribl,2026-10-02
ec7ae2e402151f3f,tines,2026-10-02
ec7e11e37aab9840,ransomware-live,2026-10-02
ec8e33316a97ab6f,group-ib,2026-10-02
ec990b12db923135,prophet-security,2026-10-02
ecc9e006b841ddae,the-hacker-news,2026-10-02
ecd4c7c39f2e26c1,ransomware-live,2026-10-02
ece04425efcbb738,anvilogic,2026-10-02
ece42e70460ab478,zero-day-initiative,2026-10-02
eceeb35f0eb29c02,mitiga,2026-10-02
eceee48dbbb476c6,databricks,2026-10-02
eceee8bba3412e43,elastic-security-labs,2026-10-02
ed020a7859660359,canadian-centre-for-cyber-security,2026-10-02
ed044fc33ddee416,priam-cyber-ai,2026-10-02
ed0503a51923cdda,huntress,2026-10-02
ed06c509318ab64e,reversinglabs,2026-10-02
ed1e4d691fccb2d9,cso-online,2026-10-02
ed204902f98f3be2,darktrace,2026-10-02
ed218befceea599a,simbian,2026-10-02
ed2624a5f459bd5c,darktrace,2026-10-02
ed37f2f521bc4606,dropzone-ai,2026-10-02
ed3ede9b5ab82f28,darktrace,2026-10-02
ed58857804b6d643,msrc-update-guide,2026-10-02
ed6377af7a2c5247,msrc-update-guide,2026-10-02
ed66dca53b89fe83,exaforce,2026-10-02
ed738277e72816ab,group-ib,2026-10-02
ed88d4a5bf3fe430,wiz,2026-10-02
edac53823d7c409c,securityweek,2026-10-02
edadd45be7376ccc,wiz,2026-10-02
edc22d58cd1478e0,group-ib,2026-10-02
edc85ea2f02d7c39,risky-business-news,2026-10-02
edc9081bfa02fcf9,infosecurity-magazine,2026-10-02
edceb299aa3993de,wiz,2026-10-02
edd1e036ae49644f,msrc-update-guide,2026-10-02
ede635f06d83645c,msrc-update-guide,2026-10-02
edeb63934d531056,elastic-security-labs,2026-10-02
edfc144e7e3cea8a,risky-business-news,2026-10-02
edfcbe95e4178f23,msrc-update-guide,2026-10-02
ee05d613192ffefb,infosecurity-magazine,2026-10-02
ee09802fd732593f,group-ib,2026-10-02
ee17736fca028083,dropzone-ai,2026-10-02
ee1fcb007e9e6986,tenzir,2026-10-02
ee2e9e6d148e62d9,databricks,2026-10-02
ee42205e81b935e7,group-ib,2026-10-02
ee4bd64d0d92445d,group-ib,2026-10-02
ee5b5a3abcc0a122,nebulock,2026-10-02
ee759e7050e7c32a,cribl,2026-10-02
ee7fba7b3c0a1671,group-ib,2026-10-02
ee8c1d575d063886,wiz,2026-10-02
ee9b9017e12cc91f,group-ib,2026-10-02
eeaa0dd4e31207e0,cisa-cybersecurity-advisories,2026-10-02
eeaf668243f024b5,tuskira,2026-10-02
eecf8a9843ed76f1,elastic-security-labs,2026-10-02
eee2c39015693073,huntress,2026-10-02
eef8cf5f2642ffa0,anvilogic,2026-10-02
eefc3c7ca9157917,sans-internet-storm-center,2026-10-02
ef25ceb05c7d0231,stellar-cyber,2026-10-02
ef26b3af17e7470f,exploit-db,2026-10-02
ef2b6aa6c838966c,simbian,2026-10-02
ef2fec6acfd49abd,objective-see,2026-10-02
ef365da77997651f,infosecurity-magazine,2026-10-02
ef5aab0049c1f8f9,rapid7,2026-10-02
ef791c375e1a9ec0,eset-welivesecurity,2026-10-02
ef7f6ee0ac87ba7f,dropzone-ai,2026-10-02
ef82ed89db7f06c8,group-ib,2026-10-02
ef87039b45b713bc,msrc-update-guide,2026-10-02
ef99b62b3dc3a06b,wiz,2026-10-02
ef9b41c754fb5b28,artemis,2026-10-02
ef9d5b277b12de7f,elastic-security-labs,2026-10-02
efaa9b477bbe03fd,trend-micro,2026-10-02
efae5f08188a2723,infosecurity-magazine,2026-10-02
efbe90c69412a2e5,sc-media,2026-10-02
efcf651532d4183d,hunters,2026-10-02
efdbd8feefc782c7,cribl,2026-10-02
efeb204c2d678055,msrc-update-guide,2026-10-02
effe7b4c7fd2605f,tines,2026-10-02
f007db7535ade27d,axoflow,2026-10-02
f00a517fee9e0eb8,anvilogic,2026-10-02
f00df3d4d558327b,d3-security,2026-10-02
f019a7aa3a572ae9,risky-business-news,2026-10-02
f021346e5266d30f,infosecurity-magazine,2026-10-02
f02ebc568bdd8e02,zscaler,2026-10-02
f032d81b72875307,simbian,2026-10-02
f0347e4307b756d4,crowdstrike,2026-10-02
f039dbe329384676,reversinglabs,2026-10-02
f04adfd1546cf035,simbian,2026-10-02
f04e29a21d061ff8,ransomware-live,2026-10-02
f06c2126eaabafa2,msrc-update-guide,2026-10-02
f08ccaa7fc8c98ab,infosecurity-magazine,2026-10-02
f09ad4db32cf82ba,axoflow,2026-10-02
f0a21aa32e954771,elastic-security-labs,2026-10-02
f0aaab0a4dfb2269,greynoise,2026-10-02
f0bb6ebfbf89ece8,elastic-security-labs,2026-10-02
f0e11d039ac066ea,wiz,2026-10-02
f0fc14f5a9c376d8,trend-micro,2026-10-02
f101aafdd7bd3553,eset-welivesecurity,2026-10-02
f10c02de14ba6238,elastic-security-labs,2026-10-02
f110f47a9d2cb024,exaforce,2026-10-02
f113a3954a0fc319,group-ib,2026-10-02
f1344ec67a5fa170,cribl,2026-10-02
f13bea9f7b806fe2,elastic-security-labs,2026-10-02
f13f00869256020a,the-dfir-report,2026-10-02
f13f0d744efeaefe,huntress,2026-10-02
f145e516279de3ee,runreveal,2026-10-02
f14ad9e5532881c7,prophet-security,2026-10-02
f14db3fb290e232b,datadog-security-labs,2026-10-02
f152f0c489f0dfac,wiz,2026-10-02
f1595be021b30b31,horizon3-ai,2026-10-02
f162c62936d8ff00,elastic-security-labs,2026-10-02
f166e82913d825cd,extrahop,2026-10-02
f167ab4dc70a7a75,infosecurity-magazine,2026-10-02
f16ecfe7d1620794,dark-reading,2026-10-02
f174be3e5c207b18,elastic-security-labs,2026-10-02
f18e4e6c65be9da4,wiz,2026-10-02
f1918105223adfd3,infosecurity-magazine,2026-10-02
f19552222b2ad64d,huntress,2026-10-02
f19aa79626590908,exploit-db,2026-10-02
f19dadf12644c8fe,pre-security,2026-10-02
f1b38da9f54e737d,cribl,2026-10-02
f1c2efe3ff7394a4,objective-see,2026-10-02
f1c9fbb30fb586cb,extrahop,2026-10-02
f1cc286343dfd95f,wiz,2026-10-02
f1d14dce844e54b2,the-hacker-news,2026-10-02
f1dd95128b2efbfd,wiz,2026-10-02
f1de0eb3286aa4b0,cribl,2026-10-02
f1e3df6198b6ee8a,prophet-security,2026-10-02
f2032e84aaed04c1,trend-micro,2026-10-02
f20b73d2b235a788,mitiga,2026-10-02
f20f130b308f2794,msrc-update-guide,2026-10-02
f228ea031032ba12,huntress,2026-10-02
f2382d9d3ba09b25,extrahop,2026-10-02
f2398aeee8defe78,msrc-update-guide,2026-10-02
f253eb4449ba6aa5,ransomware-live,2026-10-02
f255044f7841275b,google-threat-intelligence-mandiant,2026-10-02
f265b1eec071c3d3,eset-welivesecurity,2026-10-02
f267cbe8a29346be,cribl,2026-10-02
f2689268e8af62a4,huntress,2026-10-02
f26b1a8779443171,exploit-db,2026-10-02
f288fd310a18c7a6,datadog,2026-10-02
f28a6de072af1028,infosecurity-magazine,2026-10-02
f299a655ca956522,msrc-update-guide,2026-10-02
f2a8399bea9e4356,cribl,2026-10-02
f2bab3328bd91fdc,check-point-research,2026-10-02
f2bbf24f84492b3d,nebulock,2026-10-02
f2be5ac85476f099,trend-micro,2026-10-02
f2c1265c944b45ba,mitiga,2026-10-02
f2d476bcf25af72f,group-ib,2026-10-02
f2e4bd8329a1d758,elastic-security-labs,2026-10-02
f2ff084b3d8e2789,eset-welivesecurity,2026-10-02
f306ed1a77a8e861,huntress,2026-10-02
f31b41b364c7585c,anvilogic,2026-10-02
f34f2a881916c074,group-ib,2026-10-02
f352163577e9b7f3,elastic-security-labs,2026-10-02
f36232a687a6e956,tuskira,2026-10-02
f36eb63f765dc61e,wiz,2026-10-02
f37ee6b320d199e9,zscaler,2026-10-02
f380c8c01ed44c5d,datadog,2026-10-02
f3875902ffcf2c36,msrc-update-guide,2026-10-02
f38ba7f6f53c4a06,ransomware-live,2026-10-02
f3ab4f4997be4d9c,simbian,2026-10-02
f3c07ccea2721a66,huntress,2026-10-02
f3c63bfea511ec9d,cso-online,2026-10-02
f3c65dc7e35a7ff3,mitiga,2026-10-02
f3cae70f99a2f172,trend-micro,2026-10-02
f3cfaafcadcd1bfd,embed-security,2026-10-02
f3dbb9b504a5d2b6,dropzone-ai,2026-10-02
f3df0474b2110a14,objective-see,2026-10-02
f3f38441928da076,darktrace,2026-10-02
f3f759fd27a38aee,mitiga,2026-10-02
f3f79e4e9ca49890,axoflow,2026-10-02
f3fde1b2727abeda,eset-welivesecurity,2026-10-02
f419fe713e073474,cribl,2026-10-02
f41dd1b49345eba8,msrc-update-guide,2026-10-02
f4218ade060f23d5,group-ib,2026-10-02
f422fa0098542b7d,huntress,2026-10-02
f42f4a687011e1f3,infosecurity-magazine,2026-10-02
f4301e20b0862168,infosecurity-magazine,2026-10-02
f4447b1a16fa7689,elastic-security-labs,2026-10-02
f455c98952c9bd66,prophet-security,2026-10-02
f4578dd447b906af,axoflow,2026-10-02
f45e57a02dc7540f,anvilogic,2026-10-02
f45fde2853314857,eset-welivesecurity,2026-10-02
f47dbf87e251c6a6,wiz,2026-10-02
f4831242cc3852a8,infosecurity-magazine,2026-10-02
f490e78b1342e2e0,trend-micro,2026-10-02
f4941bdcd330c39f,any-run,2026-10-02
f49d5a07110a831d,infosecurity-magazine,2026-10-02
f49f0bf8600dcd2f,msrc-update-guide,2026-10-02
f4a39cdba20c2b3b,darktrace,2026-10-02
f4b2fcc2a43f037c,malwarebytes-labs,2026-10-02
f4c2eec598207ff9,deeptempo,2026-10-02
f4d7fcb14cf635a2,ransomware-live,2026-10-02
f50cbc5006a960e5,greynoise,2026-10-02
f50f760b0e339e40,dark-reading,2026-10-02
f50ffe874e16d05d,huntress,2026-10-02
f51071989504732d,tuskira,2026-10-02
f512aebd59fe3739,tuskira,2026-10-02
f5165cadbf8b0299,wiz,2026-10-02
f52aba8a6205c3ad,elastic-security-labs,2026-10-02
f5411795ac9768dc,nebulock,2026-10-02
f5436e4d6f6bdf49,datadog,2026-10-02
f55eec13db8d6ee9,infosecurity-magazine,2026-10-02
f56d12e10d38b5d6,greynoise,2026-10-02
f57e274fe16fd9e7,zynap,2026-10-02
f59659a9758e6bce,trend-micro,2026-10-02
f59b49365245194b,msrc-update-guide,2026-10-02
f5b4c94a5e0c71b5,palo-alto-networks,2026-10-02
f5db1993a877c515,databreaches-net,2026-10-02
f5dd07be5515ca9c,cisco-talos,2026-10-02
f5e755b9ee6e5c62,tuskira,2026-10-02
f5eab5b6a9a97557,extrahop,2026-10-02
f5f40cb00aa44239,mitiga,2026-10-02
f5ffcd004b9ade89,reversinglabs,2026-10-02
f60248c6b74ca4e4,wiz,2026-10-02
f60afcef5d9c8e2a,darktrace,2026-10-02
f60fa8e7cf689032,cisa-cybersecurity-advisories,2026-10-02
f615b53d42752087,huntress,2026-10-02
f6282dcb326be4c3,huntress,2026-10-02
f645a027ba3a03a0,datadog-security-labs,2026-10-02
f658285eaabf8939,simbian,2026-10-02
f658e80fde1c0f31,cribl,2026-10-02
f659e25831b18fbe,tuskira,2026-10-02
f67041207b2d9af6,group-ib,2026-10-02
f68f4a80a5db6c68,pre-security,2026-10-02
f6b2d5bf8283cabb,exaforce,2026-10-02
f6b5e79f4ed97678,dark-reading,2026-10-02
f6b5f1a22c5d031b,greynoise,2026-10-02
f6b8c91eb8125923,elastic-security-labs,2026-10-02
f6be75e34064927e,eset-welivesecurity,2026-10-02
f6ce864d7c76e8fa,cribl,2026-10-02
f6da84a96cba3bf8,risky-business-news,2026-10-02
f6f8bffecb488057,wiz,2026-10-02
f6faa10a4426e2f4,group-ib,2026-10-02
f6fb5e0edba6ea3c,datadog,2026-10-02
f7002052bc4b1e55,conifers,2026-10-02
f70476a370a3fef0,elastic-security-labs,2026-10-02
f7086b03acda3273,simbian,2026-10-02
f70b76d15573c9dd,group-ib,2026-10-02
f72cef933512054d,axoflow,2026-10-02
f738691480e9bb11,darktrace,2026-10-02
f7394a67680efa18,elastic-security-labs,2026-10-02
f74a260a32175f8a,msrc-update-guide,2026-10-02
f754f171392cfd2b,nebulock,2026-10-02
f755fa4f94639d2e,dropzone-ai,2026-10-02
f7561879484bb667,gurucul,2026-10-02
f75ef52960e167ac,dark-reading,2026-10-02
f76133baf9b37b49,ransomware-live,2026-10-02
f76cce8ce8388e35,cribl,2026-10-02
f77bb706b9c1b8a0,greynoise,2026-10-02
f7867327b279bfa9,elastic,2026-10-02
f788190585fcc64b,seculyze,2026-10-02
f79fba99bce3fb89,datadog,2026-10-02
f7b0b1fee6a586d6,greynoise,2026-10-02
f7cdd2ab140b4103,risky-business-news,2026-10-02
f7cea9b0df3d3aff,ncsc-uk,2026-10-02
f7de451454ccac85,dropzone-ai,2026-10-02
f7e5aeb28fbd3e51,priam-cyber-ai,2026-10-02
f7ead9f43a5a45bd,infosecurity-magazine,2026-10-02
f7ef33a64d77ab33,axoflow,2026-10-02
f7f516f4004f10b8,wiz,2026-10-02
f811d79486585e4b,group-ib,2026-10-02
f8195cc9d00a516e,wiz,2026-10-02
f8203afaf913fece,objective-see,2026-10-02
f8298e2791ad3a53,exaforce,2026-10-02
f82d70a0bfab3614,risky-business-news,2026-10-02
f8360164c5459970,deeptempo,2026-10-02
f84fedd72e9fe830,huntress,2026-10-02
f864e383edaeb89b,darktrace,2026-10-02
f86874fed386d7c7,cribl,2026-10-02
f872dfc9652a71ff,sentinellabs,2026-10-02
f8a01e53acf648e3,elastic-security-labs,2026-10-02
f8a4c37d24ab737c,zero-day-initiative,2026-10-02
f8a9369d6ae46a58,elastic-security-labs,2026-10-02
f8b5338a1a7666fe,simbian,2026-10-02
f8b83f41c87692f3,tuskira,2026-10-02
f8b8d56b83cbf98b,malwarebytes-labs,2026-10-02
f8c0e6ae76970a23,huntress,2026-10-02
f8ce6cef9ae7ea2e,deeptempo,2026-10-02
f8dd925302de4f5a,elastic-security-labs,2026-10-02
f8e1b2cc7fb7a5be,group-ib,2026-10-02
f8e96ec0be1960a9,huntress,2026-10-02
f8eb53a92b49a939,reversinglabs,2026-10-02
f8ebe5c69d9cac32,darktrace,2026-10-02
f8fcfa9232c7a37f,wiz,2026-10-02
f9042566e5647b97,google-threat-intelligence-mandiant,2026-10-02
f908af0da92cd88a,cribl,2026-10-02
f90cbc251ccaea5b,elastic-security-labs,2026-10-02
f9109ccd793cc290,infosecurity-magazine,2026-10-02
f91d2e23772d89c0,infosecurity-magazine,2026-10-02
f91dd77d54942b34,risky-business-news,2026-10-02
f92c911da6f11ff4,tenzir,2026-10-02
f9350fea3c951c3b,axoflow,2026-10-02
f93ad61da391d3b2,google-threat-intelligence-mandiant,2026-10-02
f93eda8f05b00b4b,group-ib,2026-10-02
f942e0c8c5d03b86,dropzone-ai,2026-10-02
f9654697d7e95dd6,huntress,2026-10-02
f9744f119e82c7be,huntress,2026-10-02
f97758c01bc3350f,dropzone-ai,2026-10-02
f97af358e65252a5,prophet-security,2026-10-02
f9d107169a627b99,datadog,2026-10-02
fa10db7c6ce9755a,group-ib,2026-10-02
fa125881b4952066,sentinellabs,2026-10-02
fa40e07ffdd2adc9,stellar-cyber,2026-10-02
fa423e1f291df367,msrc-update-guide,2026-10-02
fa4697f1365cec31,wiz,2026-10-02
fa5e5737707aa7b2,elastic-security-labs,2026-10-02
fa5f3fe1aec32524,extrahop,2026-10-02
fa69feaa7a5a2e17,infosecurity-magazine,2026-10-02
fa6e7c75c1cde211,group-ib,2026-10-02
fa737c7ef19029e5,cribl,2026-10-02
fa798e9f3ce02150,nebulock,2026-10-02
fa81b5434c7ba5aa,huntress,2026-10-02
fa891bc6d944f059,ransomware-live,2026-10-02
fa98e3dbd643cc47,zscaler,2026-10-02
fac05c44ce1cfa7c,zscaler,2026-10-02
fac2c2e2338cabaf,anvilogic,2026-10-02
fadfac20897cd439,greynoise,2026-10-02
fae8b66169d8dba0,simbian,2026-10-02
fae8c7212065997b,ransomware-live,2026-10-02
fb03d83a56c596ca,huntress,2026-10-02
fb0cf1c77d488ce3,huntress,2026-10-02
fb13878fbd980dae,group-ib,2026-10-02
fb18954d8000b4f9,msrc-update-guide,2026-10-02
fb214b688e83ebae,cribl,2026-10-02
fb33ca549a352ca6,jpcert-cc,2026-10-02
fb570bcbf5dcbc0b,zscaler,2026-10-02
fb5f1be410c260ec,greynoise,2026-10-02
fb652756ba9dbf94,elastic-security-labs,2026-10-02
fb763df66cbbd5ef,datadog,2026-10-02
fb7ae653fc61a0cd,huntress,2026-10-02
fb7d5f2bfdfdd4c3,ncsc-uk,2026-10-02
fb9603d9a08f2000,mitiga,2026-10-02
fbc1fddb91718282,sans-internet-storm-center,2026-10-02
fbc60dfc814ec6ec,ransomware-live,2026-10-02
fbcced02dadfbc6b,elastic-security-labs,2026-10-02
fbce3b1cf1cff353,cribl,2026-10-02
fbdb481d2c3c6de7,elastic-security-labs,2026-10-02
fbed877f14ae8abd,simbian,2026-10-02
fbf02843507d5e3c,deeptempo,2026-10-02
fc000e615271b35b,deeptempo,2026-10-02
fc1a697b00660072,group-ib,2026-10-02
fc1b400889d26804,elastic-security-labs,2026-10-02
fc2e75f02c157986,elastic-security-labs,2026-10-02
fc4703ae3d8784b9,cribl,2026-10-02
fc56c729b08eb1d3,anvilogic,2026-10-02
fc74ea0f7edabd4c,axoflow,2026-10-02
fc93383e52fabf06,group-ib,2026-10-02
fca2786899888511,objective-see,2026-10-02
fca5beefe46efc0b,huntress,2026-10-02
fcb397eb48c0d0cd,huntress,2026-10-02
fcbb0da9ce4ae210,cribl,2026-10-02
fcc3cdb630e859e8,risky-business-news,2026-10-02
fcd0466834c1b4c4,cribl,2026-10-02
fcdc504a96a74f38,wiz,2026-10-02
fce5182ac14435e6,ransomware-live,2026-10-02
fce7f6708468f27f,huntress,2026-10-02
fced099ea3eb130e,exploit-db,2026-10-02
fd02ce2b0415e269,cribl,2026-10-02
fd0bac01faadce21,cert-fr-alerts,2026-10-02
fd0f121ece650973,tenzir,2026-10-02
fd1160746fbac3ae,eset-welivesecurity,2026-10-02
fd32f7ce93f212de,msrc-update-guide,2026-10-02
fd393c73a7afc4cc,axoflow,2026-10-02
fd3ff9f07100ee7e,datadog,2026-10-02
fd472652fe8033af,prophet-security,2026-10-02
fd525cc8b80e9435,tuskira,2026-10-02
fd6607f6137f46fb,huntress,2026-10-02
fd69538221e431ad,reversinglabs,2026-10-02
fd695ed31b892d5d,trend-micro,2026-10-02
fd7a89da976997e5,huntress,2026-10-02
fd845030a66c1471,huntress,2026-10-02
fdb0dea9bccbba02,eset-welivesecurity,2026-10-02
fdb6a27ad13ef3ca,exabeam,2026-10-02
fdbb77a8f0960130,infosecurity-magazine,2026-10-02
fdbf2aaa1bba16f6,huntress,2026-10-02
fdf5b867287d17e0,axoflow,2026-10-02
fdfd53d37fe41446,wiz,2026-10-02
fe10f380f5768830,eset-welivesecurity,2026-10-02
fe2d7ea240b14f09,simbian,2026-10-02
fe44cea28b24f309,oss-security-seclists,2026-10-02
fe5594465880a677,tenable,2026-10-02
fe57179d0aecbe0c,tuskira,2026-10-02
fe5c79da774af6f1,msrc-update-guide,2026-10-02
fe81e8367ceea324,exaforce,2026-10-02
fe838eff9ae8fccf,deeptempo,2026-10-02
fe868b0471f92a82,recorded-future,2026-10-02
feaa633a2c116d2f,cribl,2026-10-02
fede098150b1c478,infosecurity-magazine,2026-10-02
fee6690d42650e84,nebulock,2026-10-02
fee9527ac5948e7f,canadian-centre-for-cyber-security,2026-10-02
ff0ca07482328d66,infosecurity-magazine,2026-10-02
ff18943a26c5e189,horizon3-ai,2026-10-02
ff222b64772e4e30,eset-welivesecurity,2026-10-02
ff3ae7a50ed941f4,datadog-security-labs,2026-10-02
ff3d991b3c2895a6,deeptempo,2026-10-02
ff537379c1265e3e,msrc-update-guide,2026-10-02
ff56403692995c4d,msrc-update-guide,2026-10-02
ff65a8b5e026a4fa,lab52,2026-10-02
ff67ed9b6f516991,group-ib,2026-10-02
ff7743007383cceb,ransomware-live,2026-10-02
ff7e17a6e953707b,extrahop,2026-10-02
ff81c2c843c940f9,extrahop,2026-10-02
ff8fbc7c220d3b8c,ransomware-live,2026-10-02
ffa35233a0ed20ae,exaforce,2026-10-02
ffae234e1d12658d,msrc-update-guide,2026-10-02
ffbcf19710032831,group-ib,2026-10-02
ffcedc57b03ba897,huntress,2026-10-02
ffdc29814736bdc4,trend-micro,2026-10-02
fff7a6b46d2a2f6d,google-project-zero,2026-10-02
00217aaa8123e7b8,msrc-update-guide,2026-10-05
00223ee7b37ab012,oss-security-seclists,2026-10-05
0068da75fdf8f27b,sekoia-tdr,2026-10-05
00ef47b679d554f1,sekoia-tdr,2026-10-05
018b9fb94e79b574,ransomware-live,2026-10-05
028b11ee27594c14,sans-internet-storm-center,2026-10-05
02b21d9d15a827d5,sekoia-tdr,2026-10-05
02e2e5149285ec52,oss-security-seclists,2026-10-05
02f1a906e860efbf,cvefeed-io,2026-10-05
0384caf800826825,ransomware-live,2026-10-05
03d6a3f562aa8e47,sekoia-tdr,2026-10-05
03f07bc9a4cf9fbc,sekoia-tdr,2026-10-05
04767f96f90a9e53,cvefeed-io,2026-10-05
0484835ddcc1d931,sekoia-tdr,2026-10-05
052bb390c59f2a69,sekoia-tdr,2026-10-05
0536bfa8ec7237b6,cloudflare,2026-10-05
070bf6a0416a5162,infosecurity-magazine,2026-10-05
07c85cd3316adffa,security-affairs,2026-10-05
07df089eeb3274b4,malwarebytes-labs,2026-10-05
07e41da69206360f,help-net-security,2026-10-05
09039b6a4362ed85,sekoia-tdr,2026-10-05
09a07f07e8908ad0,sekoia-tdr,2026-10-05
09aecb943e580cba,sc-media,2026-10-05
0bdbb542799d3ef7,ransomware-live,2026-10-05
0c8dfb68badd7427,the-hacker-news,2026-10-05
0cb3e5146bb88ca1,elastic,2026-10-05
0ce67ab7ae8b5b85,sekoia-tdr,2026-10-05
0ddcf8e9bd587962,sekoia-tdr,2026-10-05
0f3b7aa843076650,ransomware-live,2026-10-05
102b37ae9e1a5a4c,sekoia-tdr,2026-10-05
105ce3afa0334411,sekoia-tdr,2026-10-05
1256c7547f4e53ce,oss-security-seclists,2026-10-05
12a63e262220ec38,cvefeed-io,2026-10-05
132e1c9d07c80631,sekoia-tdr,2026-10-05
139c84bf5749e0d3,sekoia-tdr,2026-10-05
1411bf814cf944df,security-affairs,2026-10-05
14468298965e1c14,ransomware-live,2026-10-05
14ca1d1dbf3030d5,sekoia-tdr,2026-10-05
1674e84473754359,check-point-research,2026-10-05
1677656ca13b0f30,help-net-security,2026-10-05
171f450a80a9ec2d,sekoia-tdr,2026-10-05
1724164e6676818b,sekoia-tdr,2026-10-05
176beab7c03f4846,databreaches-net,2026-10-05
179f36c2e73f2561,bleepingcomputer,2026-10-05
1915d72e65a2fa5d,cvefeed-io,2026-10-05
199ef7dd7a5498cc,securityweek,2026-10-05
1b56ecca67bff61f,bleepingcomputer,2026-10-05
1b8095594ef74fe5,dark-reading,2026-10-05
1c06ce30d4bb6ce8,cybersecurity-dive,2026-10-05
1c25f75b0e33e9a0,ransomware-live,2026-10-05
1c4112382845393a,sekoia-tdr,2026-10-05
1ca5f966d2e8348d,sekoia-tdr,2026-10-05
1cee2663d828ac13,ransomware-live,2026-10-05
1d062f92f7d5e777,securityweek,2026-10-05
1dd2792b75ac7010,cvefeed-io,2026-10-05
1e2c9fba9001b0a1,sekoia-tdr,2026-10-05
1e814f39c097f93b,cvefeed-io,2026-10-05
1ef2a5ae5da38dda,sekoia-tdr,2026-10-05
20616b5d110d0e27,the-hacker-news,2026-10-05
20dd1284461deb95,sekoia-tdr,2026-10-05
22036833f2cb96f2,cyberscoop,2026-10-05
228c20336445cfa7,sekoia-tdr,2026-10-05
2410f2a9d86343c4,sekoia-tdr,2026-10-05
244a6d0fc4d9a696,sc-media,2026-10-05
24a3d596f84ed76a,ransomware-live,2026-10-05
26ccc74db3f6269a,huntress,2026-10-05
289771d56894fe92,the-hacker-news,2026-10-05
297337179a746325,sekoia-tdr,2026-10-05
2ac7eea862c8a8de,help-net-security,2026-10-05
2b6adb625a29b35c,sans-internet-storm-center,2026-10-05
2d024695f00e8dfc,sekoia-tdr,2026-10-05
2f537bbef75f0f07,sekoia-tdr,2026-10-05
3256538fdd85d9ea,lab52,2026-10-05
327145514c612bcd,cvefeed-io,2026-10-05
335aeeb6b42193b1,bleepingcomputer,2026-10-05
356db830ef3d9960,the-record-recorded-future-news,2026-10-05
36be69b8b1913273,sekoia-tdr,2026-10-05
373bd919efd9e16b,sekoia-tdr,2026-10-05
389ca694644ec9ad,oss-security-seclists,2026-10-05
3b1a2c20ea1ae848,sekoia-tdr,2026-10-05
3c0ca1a32d342f6b,msrc-update-guide,2026-10-05
3c123cbc067b70dd,cvefeed-io,2026-10-05
3c7087b93a4b1d07,ransomware-live,2026-10-05
3dc5273a31dff197,the-hacker-news,2026-10-05
3eb92c3d03faa2d4,datadog-security-labs,2026-10-05
40277ee826d43fbc,sekoia-tdr,2026-10-05
405ddec0181e4087,ransomware-live,2026-10-05
40e439f67f1c2c70,ransomware-live,2026-10-05
4133188a0a388526,ransomware-live,2026-10-05
417d981446e77931,ransomware-live,2026-10-05
4227bb483f5bf0aa,stellar-cyber,2026-10-05
42535caeb1ba5cb2,securityweek,2026-10-05
43031206ed7c78db,sekoia-tdr,2026-10-05
43adf16c6e8901cc,ransomware-live,2026-10-05
453d2c5398a1fe24,the-hacker-news,2026-10-05
48cebe3c643398c3,ransomware-live,2026-10-05
4974d53a9e75bb61,databreaches-net,2026-10-05
4a8712355bea80e4,the-hacker-news,2026-10-05
4ac529a85635bb63,sekoia-tdr,2026-10-05
4b3d3214c3fae92c,ransomware-live,2026-10-05
4bf5b4eea4be55a0,cvefeed-io,2026-10-05
4bf708f3255d49bf,cybersecurity-dive,2026-10-05
4c0fa751e64e4653,ransomware-live,2026-10-05
4c590c085ca76fdc,sekoia-tdr,2026-10-05
4e02b55eeaba3bfc,help-net-security,2026-10-05
4f8f306a0a9a9937,sekoia-tdr,2026-10-05
5058e2f27caa8c2c,bleepingcomputer,2026-10-05
51dccb3ca55995c6,bleepingcomputer,2026-10-05
523bb8b1058a0321,cloudflare,2026-10-05
5280a2b1323ba032,ransomware-live,2026-10-05
52f3df6a28eba5c1,help-net-security,2026-10-05
53192afbc270c06b,sekoia-tdr,2026-10-05
55a5adefa9191757,help-net-security,2026-10-05
5632ef0397d079d0,ransomware-live,2026-10-05
567f3a4f3f9fc35a,the-record-recorded-future-news,2026-10-05
57907ddcc7d5f2be,oss-security-seclists,2026-10-05
57e997bf677cf07b,sekoia-tdr,2026-10-05
58a81e7f660ffc50,cybersecurity-dive,2026-10-05
58e25db44d3a87b1,sekoia-tdr,2026-10-05
59717670c0153850,security-affairs,2026-10-05
5991f4b35e900c76,datadog,2026-10-05
59c834bb99fcc809,security-affairs,2026-10-05
5a363fa29330ebe7,sekoia-tdr,2026-10-05
5a467647d98c57ce,sekoia-tdr,2026-10-05
5b587e2212600fbc,elastic-security-labs,2026-10-05
5b5fdf9fb0be7869,sekoia-tdr,2026-10-05
5ba6a141e708d447,ransomware-live,2026-10-05
5bf11f486de543d4,ransomware-live,2026-10-05
5c07c8d6bc1c8800,databreaches-net,2026-10-05
5c694c56fe453cab,wiz,2026-10-05
5dcf7e05719b0747,ransomware-live,2026-10-05
5e04a59625d2d3fb,ransomware-live,2026-10-05
5e2f5e5d0c09af17,troy-hunt,2026-10-05
5f81e899f324faea,sekoia-tdr,2026-10-05
608206820f9e2329,securityweek,2026-10-05
6105c76b5101cd14,ransomware-live,2026-10-05
61bc3f38c50da8cc,sekoia-tdr,2026-10-05
62a60d9a52f323c9,sekoia-tdr,2026-10-05
62ab49fb08e1987c,cvefeed-io,2026-10-05
62cd5a03bf79ad6d,cvefeed-io,2026-10-05
6412cae07092aebd,ransomware-live,2026-10-05
667f5321ef44f49c,sekoia-tdr,2026-10-05
66d60c5eb5a1a2d4,ransomware-live,2026-10-05
671842a0adf66362,sekoia-tdr,2026-10-05
68acfff98094cf60,bleepingcomputer,2026-10-05
68db8daed7fd0b46,bleepingcomputer,2026-10-05
692f96aeae5e12d4,cvefeed-io,2026-10-05
698e205472ce6638,sekoia-tdr,2026-10-05
69c44135a2cf9a94,sc-media,2026-10-05
69de5f137fd526e8,ransomware-live,2026-10-05
6a61b4fe42733a1b,bleepingcomputer,2026-10-05
6d1223c7a39f4554,huntress,2026-10-05
6e6c22f0779485d3,sekoia-tdr,2026-10-05
6fc53aedac8722ca,sekoia-tdr,2026-10-05
70403e51785e5b8a,ransomware-live,2026-10-05
71f68485047e901d,bleepingcomputer,2026-10-05
7204633247106f0c,oss-security-seclists,2026-10-05
757892dd1da53502,ransomware-live,2026-10-05
772cc10f1233be14,sekoia-tdr,2026-10-05
776edd174383bb8a,cvefeed-io,2026-10-05
77a99ece4b623a0c,ransomware-live,2026-10-05
78051d46b6852979,sekoia-tdr,2026-10-05
79a7a408fadf1be6,sekoia-tdr,2026-10-05
7aea11ec54b2d690,securityweek,2026-10-05
7bd968f1913bb567,msrc-update-guide,2026-10-05
7c115c8fd892dd88,securityweek,2026-10-05
7d292d009c92a6ea,infosecurity-magazine,2026-10-05
7ebb9ff569ae8ee0,bleepingcomputer,2026-10-05
7ede34e8d6137688,cso-online,2026-10-05
7f062273e89e95d6,sekoia-tdr,2026-10-05
7f36d6fb9925f225,ransomware-live,2026-10-05
7ff6bbb2d6e7763e,cvefeed-io,2026-10-05
801d29d9a1e67728,cvefeed-io,2026-10-05
817fb13b1ccaf960,databreaches-net,2026-10-05
81dc6e519cd43dcb,stellar-cyber,2026-10-05
8257154f778b4643,sekoia-tdr,2026-10-05
8433e5dc8e43fda9,sekoia-tdr,2026-10-05
8451dd41320bd135,sekoia-tdr,2026-10-05
848f190d18cd02c0,sekoia-tdr,2026-10-05
8518910180a48e70,databricks,2026-10-05
864bc561fb516106,sekoia-tdr,2026-10-05
86737d219c9bd722,ransomware-live,2026-10-05
875077590ba6fbe9,the-hacker-news,2026-10-05
88089cc891b2b77d,secure-com,2026-10-05
895dc426119c4cca,sekoia-tdr,2026-10-05
89b43a224017ba75,sekoia-tdr,2026-10-05
8a494d145a3aae11,huntress,2026-10-05
8ba258d91a6599b6,soc-prime,2026-10-05
8c33a2e0808b6f3a,sekoia-tdr,2026-10-05
8c4e227088b5969a,security-affairs,2026-10-05
8c867f4279e90be0,cvefeed-io,2026-10-05
8cf035850fa8906d,canadian-centre-for-cyber-security,2026-10-05
8d7f21a0cbcf360b,sekoia-tdr,2026-10-05
8df4814de428f299,databricks,2026-10-05
8e5914b1891c9ecb,soc-prime,2026-10-05
8edc2979a4221706,cvefeed-io,2026-10-05
8f4d349e87c71fc3,sc-media,2026-10-05
90680378a580703f,infosecurity-magazine,2026-10-05
90a11d4ebb071320,ransomware-live,2026-10-05
9175dffcbfa42765,ransomware-live,2026-10-05
923147428b96af20,sekoia-tdr,2026-10-05
9240177894aaf87f,infosecurity-magazine,2026-10-05
94b302b33ba4ec85,citizen-lab,2026-10-05
950f19267ea0946d,sekoia-tdr,2026-10-05
9569100024819f44,securityweek,2026-10-05
95a24459119ec9a0,sc-media,2026-10-05
9824afb5bb9c0fab,the-record-recorded-future-news,2026-10-05
984946d5750a4e3a,the-hacker-news,2026-10-05
98556e3c93d758c0,ransomware-live,2026-10-05
9881d6bd7c4dcd2d,securityweek,2026-10-05
9a0ab446e9885f9f,securityweek,2026-10-05
9a1d3b54f453dbe9,oss-security-seclists,2026-10-05
9a2c5d578def198a,oss-security-seclists,2026-10-05
9b7c097e61a27683,help-net-security,2026-10-05
9c6db5e8b7d5229e,the-hacker-news,2026-10-05
9c966f73f01bad7a,bleepingcomputer,2026-10-05
9e761cdf74292555,the-hacker-news,2026-10-05
9f988e48263d16d4,cvefeed-io,2026-10-05
9fa12684e87cd875,sekoia-tdr,2026-10-05
a00a71d8f02bfebf,sekoia-tdr,2026-10-05
a10e1d0cacc30b0d,sekoia-tdr,2026-10-05
a138e6ce023dcfdd,sekoia-tdr,2026-10-05
a1773dc46b8217f6,ransomware-live,2026-10-05
a17ed4b60f115533,sekoia-tdr,2026-10-05
a38fefbaa98622ce,the-record-recorded-future-news,2026-10-05
a4f6c9a3e20b3239,cvefeed-io,2026-10-05
a6967aa4d873db83,sc-media,2026-10-05
a7059533678d7a81,ransomware-live,2026-10-05
a786e8516e479989,ransomware-live,2026-10-05
a8c0638d220ffccd,databricks,2026-10-05
aa78f4612cedea30,sekoia-tdr,2026-10-05
ab81b93aeff9807a,malwarebytes-labs,2026-10-05
acb8eca532ac9da6,ransomware-live,2026-10-05
acb91d74c1ac878c,the-hacker-news,2026-10-05
adb3a2cae43cc8d3,sekoia-tdr,2026-10-05
aebfa15a30ba58e7,sekoia-tdr,2026-10-05
aed63df653d78ca1,ransomware-live,2026-10-05
af57942f6a58094d,sekoia-tdr,2026-10-05
b061c6319c08c674,oss-security-seclists,2026-10-05
b0cfe5e21c538a93,sekoia-tdr,2026-10-05
b149160e3a3d18d6,securityweek,2026-10-05
b17130ef626b82c2,oss-security-seclists,2026-10-05
b19611fd87dac3fb,sekoia-tdr,2026-10-05
b2adf08a23e0d899,ransomware-live,2026-10-05
b40da04c6f18af22,sc-media,2026-10-05
b4540f9bac4f13f5,databreaches-net,2026-10-05
b45e8be63b662096,cvefeed-io,2026-10-05
b4d65c08c73a35c9,sekoia-tdr,2026-10-05
b562e1447305b7ac,sekoia-tdr,2026-10-05
b5f7ac5fb9225586,security-affairs,2026-10-05
b6a416fdb9062007,sekoia-tdr,2026-10-05
b828549ba2789b62,cisa-cybersecurity-advisories,2026-10-05
b83915fbf9e00ab4,cvefeed-io,2026-10-05
b8fbfeaa5b8caef9,sekoia-tdr,2026-10-05
bb888fd859e38eb1,sekoia-tdr,2026-10-05
bdab8a5d7c463341,infosecurity-magazine,2026-10-05
be0aa450f53ed1e8,sekoia-tdr,2026-10-05
bf55042f0a6dc1c0,ransomware-live,2026-10-05
bf778a27640fe062,expel,2026-10-05
bf8f046e2f1cbd3b,sc-media,2026-10-05
c0df9ab48e31dc65,sekoia-tdr,2026-10-05
c1697cc4799e15ad,sekoia-tdr,2026-10-05
c1bad441fd92017a,bleepingcomputer,2026-10-05
c205e9290629e0d4,sekoia-tdr,2026-10-05
c2acbf17a2c2666e,ransomware-live,2026-10-05
c39d4f8ec34d005b,sekoia-tdr,2026-10-05
c3a6cc149f7e76b6,tenex-ai,2026-10-05
c440fc01d26e6de0,ransomware-live,2026-10-05
c45b408e21ef0dad,sans-internet-storm-center,2026-10-05
c496bb790e4e9584,ransomware-live,2026-10-05
c4a324d45886d694,ransomware-live,2026-10-05
c4d0b66044d8fe33,sekoia-tdr,2026-10-05
c51ca18309330ae6,ransomware-live,2026-10-05
c627cf6a90e33bf3,cvefeed-io,2026-10-05
cb207012cadc4c9d,the-hacker-news,2026-10-05
cb2650ab1641b242,help-net-security,2026-10-05
cc101906bf055353,ransomware-live,2026-10-05
cebdd101841b0345,ransomware-live,2026-10-05
cef5f6d1d9e66397,help-net-security,2026-10-05
cf1e99d715af809e,ransomware-live,2026-10-05
cf2094d9cf90fbdb,sekoia-tdr,2026-10-05
d06671b1eb174edc,bleepingcomputer,2026-10-05
d0cdb296d9d3f4b9,databreaches-net,2026-10-05
d1cadad09d47b857,security-affairs,2026-10-05
d1d324a28863ddcb,sekoia-tdr,2026-10-05
d1e482a6b811255e,msrc-update-guide,2026-10-05
d38fcb4bad459133,help-net-security,2026-10-05
d52eed5e54464940,security-affairs,2026-10-05
d62025577f7d0d62,sekoia-tdr,2026-10-05
d631be46ee854c80,cvefeed-io,2026-10-05
d934d4a869c7e741,sekoia-tdr,2026-10-05
d95ee7b52d906805,oss-security-seclists,2026-10-05
d99309e5e026d551,oss-security-seclists,2026-10-05
da0c050162461071,cybersecurity-dive,2026-10-05
da13aa1d67602b9e,ransomware-live,2026-10-05
da1db94f3184aac3,malwarebytes-labs,2026-10-05
dd2fc8b302fcee9d,cso-online,2026-10-05
dd6710d148cb103e,tenzir,2026-10-05
deda64e494a62f80,sans-internet-storm-center,2026-10-05
df95575f580c8328,ransomware-live,2026-10-05
dff8ed5d0d607500,sc-media,2026-10-05
e0e317206793cccc,ransomware-live,2026-10-05
e46e5b7dc282f2aa,infosecurity-magazine,2026-10-05
e6dce8cb320f7dcb,ransomware-live,2026-10-05
e6f4d34c7c23c3e5,databreaches-net,2026-10-05
e7151645f7c8d1ef,sekoia-tdr,2026-10-05
e8afbb3e72b354b4,ransomware-live,2026-10-05
e8d7aea9fb54bbcd,databreaches-net,2026-10-05
e90d56921eab7ce0,the-record-recorded-future-news,2026-10-05
ead2b13d1a047208,oss-security-seclists,2026-10-05
eb79ba5c769a501b,ransomware-live,2026-10-05
ed769e7c016d2346,cvefeed-io,2026-10-05
eea28b235cf53b67,databreaches-net,2026-10-05
ef73042574d53ac9,sekoia-tdr,2026-10-05
f007c6fe5e441016,sekoia-tdr,2026-10-05
f075552fa7a9ec8b,ransomware-live,2026-10-05
f0ff0241ba5f311a,sekoia-tdr,2026-10-05
f2ac3cabf508f10b,canadian-centre-for-cyber-security,2026-10-05
f2c47b8c9ed0f2e2,sentinelone,2026-10-05
f45a7165e62f433f,sc-media,2026-10-05
f46c680de53371c5,nebulock,2026-10-05
f515286542c1786a,security-affairs,2026-10-05
f64e40e8a42769b9,dark-reading,2026-10-05
f66e772a68098b63,bleepingcomputer,2026-10-05
f6983daa4fc11783,ransomware-live,2026-10-05
f6bfd4f06bf25462,ransomware-live,2026-10-05
f6d554555b3d3430,sekoia-tdr,2026-10-05
f8c0eeb194d80129,sekoia-tdr,2026-10-05
f8d0a46d56f2a739,ransomware-live,2026-10-05
faa76317a094f000,cvefeed-io,2026-10-05
fab43d17bc281037,sekoia-tdr,2026-10-05
faf7570d7e71ae3c,schneier-on-security,2026-10-05
fb0b1c6f41095a2a,security-affairs,2026-10-05
fb640dd0e27cb44c,canadian-centre-for-cyber-security,2026-10-05
fbad828f4421a1fc,graham-cluley,2026-10-05
fc18f2e5fb99e756,sekoia-tdr,2026-10-05
fe1fd0d49c8d5312,databreaches-net,2026-10-05
fff4630ad6b07096,sekoia-tdr,2026-10-05
