tactic_id,tactic,priority,technique_id,technique,subtechnique_id,subtechnique,is_leaf,platforms,detection_strategies,analytics,data_components_required,data_components_missing,status,hypotheses,files
TA0001,Initial Access,,T1078,Valid Accounts,,,no,Containers; ESXi; IaaS; Identity Provider; Linux; macOS; Network Devices; Office Suite; SaaS; Windows,DET0560,AN1543; AN1544; AN1545; AN1546; AN1547,Logon Session Creation; Logon Session Metadata; Process Creation; User Account Authentication,,parent,0,
TA0001,Initial Access,,T1078,Valid Accounts,T1078.001,Default Accounts,yes,Containers; ESXi; IaaS; Identity Provider; Linux; macOS; Network Devices; Office Suite; SaaS; Windows,DET0465,AN1283; AN1284; AN1285; AN1286; AN1287,Logon Session Creation; Logon Session Metadata; User Account Authentication,,covered,1,techniques/T1078-valid-accounts/T1078.001-default-accounts/default-account-used-to-authenticate.yaml
TA0001,Initial Access,,T1078,Valid Accounts,T1078.002,Domain Accounts,yes,ESXi; Linux; macOS; Windows,DET0210,AN0590; AN0591; AN0592; AN0593,Logon Session Metadata; Network Connection Creation; Process Creation; User Account Authentication,,not-covered,0,
TA0001,Initial Access,,T1078,Valid Accounts,T1078.003,Local Accounts,yes,Containers; ESXi; Linux; macOS; Network Devices; Windows,DET0407,AN1137; AN1138; AN1139,Logon Session Creation; Logon Session Metadata; User Account Authentication,,not-covered,0,
TA0001,Initial Access,,T1078,Valid Accounts,T1078.004,Cloud Accounts,yes,IaaS; Identity Provider; Office Suite; SaaS,DET0546,AN1503; AN1504; AN1505; AN1506,Logon Session Creation; Logon Session Metadata; User Account Authentication,,out-of-scope,0,
TA0001,Initial Access,,T1091,Replication Through Removable Media,,,yes,Windows,DET0301,AN0841,Drive Creation; File Access; File Creation; Process Creation,Drive Creation,blocked-telemetry,0,
TA0001,Initial Access,,T1133,External Remote Services,,,yes,Containers; Linux; macOS; Windows,DET0354,AN1004; AN1005; AN1006; AN1007,Application Log Content; Logon Session Metadata; Network Connection Creation; Network Traffic Flow; User Account Authentication,,covered,1,techniques/T1133-external-remote-services/remote-access-service-exposed-for-reentry.yaml
TA0001,Initial Access,,T1189,Drive-by Compromise,,,yes,Identity Provider; Linux; macOS; Windows,DET0176,AN0498; AN0499; AN0500; AN0501,Application Log Content; File Creation; Logon Session Creation; Network Connection Creation; Network Traffic Content; Process Creation; Process Modification; User Account Authentication; User Account Metadata,Process Modification,not-covered,0,
TA0001,Initial Access,,T1190,Exploit Public-Facing Application,,,yes,Containers; ESXi; IaaS; Linux; macOS; Network Devices; Windows,DET0080,AN0219; AN0220; AN0221; AN0222; AN0223; AN0224; AN0225,Application Log Content; Module Load; Network Connection Creation; Network Traffic Content; Network Traffic Flow; Process Creation,Module Load,not-covered,0,
TA0001,Initial Access,,T1195,Supply Chain Compromise,,,no,Linux; Windows; macOS; SaaS,DET0537,AN1480; AN1481; AN1482,File Creation; File Metadata; File Modification; Module Load; Network Traffic Flow; Process Creation; Process Modification,Module Load; Process Modification,parent,0,
TA0001,Initial Access,,T1195,Supply Chain Compromise,T1195.001,Compromise Software Dependencies and Development Tools,yes,Linux; macOS; Windows,DET0009,AN0021; AN0022; AN0023,File Creation; File Metadata; Module Load; Network Traffic Flow; Process Creation; Process Modification; Windows Registry Key Modification,Module Load; Process Modification,not-covered,0,
TA0001,Initial Access,,T1195,Supply Chain Compromise,T1195.002,Compromise Software Supply Chain,yes,Linux; Windows; macOS,DET0309,AN0862; AN0863; AN0864,Driver Load; File Creation; File Metadata; Module Load; Network Connection Creation; Network Traffic Flow; Process Creation; Windows Registry Key Modification,Driver Load; Module Load,not-covered,0,
TA0001,Initial Access,,T1195,Supply Chain Compromise,T1195.003,Compromise Hardware Supply Chain,yes,Linux; macOS; Windows,DET0368,AN1035; AN1036; AN1037,Driver Load; File Metadata; Host Status; Module Load; Process Access,Driver Load; Host Status; Module Load; Process Access,blocked-telemetry,0,
TA0001,Initial Access,,T1199,Trusted Relationship,,,yes,IaaS; Identity Provider; Linux; macOS; Office Suite; SaaS; Windows,DET0488,AN1344; AN1345; AN1346; AN1347; AN1348; AN1349; AN1350,Application Log Content; Logon Session Creation; Logon Session Metadata; Network Connection Creation; Network Traffic Content,,not-covered,0,
TA0001,Initial Access,,T1200,Hardware Additions,,,yes,Windows; Linux; macOS,DET0069,AN0185; AN0186; AN0187,Application Log Content; Drive Creation; Driver Load; File Creation; Module Load; Network Connection Creation; Network Traffic Flow; Process Creation,Drive Creation; Driver Load; Module Load,blocked-telemetry,0,
TA0001,Initial Access,,T1566,Phishing,,,no,Identity Provider; Linux; macOS; Office Suite; SaaS; Windows,DET0070,AN0188; AN0189; AN0190; AN0191; AN0192; AN0193,Application Log Content; File Creation; Logon Session Creation; Process Creation,,parent,0,
TA0001,Initial Access,,T1566,Phishing,T1566.001,Spearphishing Attachment,yes,Linux; macOS; Windows,DET0236,AN0655; AN0656; AN0657,Application Log Content; File Creation; Network Connection Creation; Network Traffic Flow; Process Creation,,not-covered,0,
TA0001,Initial Access,,T1566,Phishing,T1566.002,Spearphishing Link,yes,Identity Provider; Linux; macOS; Office Suite; SaaS; Windows,DET0107,AN0298; AN0299; AN0300; AN0301,Application Log Content; Network Connection Creation; Network Traffic Content; Network Traffic Flow; Process Creation,,not-covered,0,
TA0001,Initial Access,,T1566,Phishing,T1566.003,Spearphishing via Service,yes,Linux; macOS; Windows,DET0115,AN0320; AN0321; AN0322,Application Log Content; File Creation; Network Connection Creation; Network Traffic Content; Network Traffic Flow; Process Creation,,not-covered,0,
TA0001,Initial Access,,T1566,Phishing,T1566.004,Spearphishing Voice,yes,Linux; macOS; Windows; Identity Provider,DET0245,AN0683; AN0684; AN0685; AN0686,Application Log Content,,not-covered,0,
TA0001,Initial Access,,T1659,Content Injection,,,yes,Linux; macOS; Windows,DET0349,AN0992; AN0993; AN0994,Command Execution; File Creation; Network Traffic Content; Process Creation,,not-covered,0,
TA0001,Initial Access,,T1669,Wi-Fi Networks,,,yes,Linux; Network Devices; Windows; macOS,DET0536,AN1476; AN1477; AN1478; AN1479,Firewall Rule Modification; Network Connection Creation; Network Traffic Content; Network Traffic Flow; User Account Authentication,Firewall Rule Modification,not-covered,0,
TA0002,Execution,1,T1047,Windows Management Instrumentation,,,yes,Windows,DET0364,AN1031,Network Connection Creation; Process Creation; WMI Creation,,covered,1,techniques/T1047-windows-management-instrumentation/wmi-remote-process-creation.yaml
TA0002,Execution,1,T1053,Scheduled Task/Job,,,no,Containers; ESXi; Linux; macOS; Network Devices; Windows,DET0094,AN0258; AN0259; AN0260; AN0261; AN0262,Command Execution; File Creation; File Modification; Process Creation; Scheduled Job Creation,,parent,0,
TA0002,Execution,1,T1053,Scheduled Task/Job,T1053.002,At,yes,Windows; Linux; macOS,DET0333,AN0943; AN0944; AN0945,Command Execution; File Modification; Process Creation; Scheduled Job Creation,,covered,1,techniques/T1053-scheduled-task-job/T1053.002-at/at-command-used-to-schedule-execution.yaml
TA0002,Execution,1,T1053,Scheduled Task/Job,T1053.003,Cron,yes,Linux; macOS; ESXi,DET0290,AN0805; AN0806; AN0807,File Modification; Process Creation; Scheduled Job Creation,,covered,1,techniques/T1053-scheduled-task-job/T1053.003-cron/cron-job-created-for-untrusted-payload.yaml
TA0002,Execution,1,T1053,Scheduled Task/Job,T1053.005,Scheduled Task,yes,Windows,DET0441,AN1221,File Creation; Process Creation; Scheduled Job Creation; Scheduled Job Modification; Windows Registry Key Modification,,covered,1,techniques/T1053-scheduled-task-job/T1053.005-scheduled-task/scheduled-task-created-for-untrusted-payload.yaml
TA0002,Execution,1,T1053,Scheduled Task/Job,T1053.006,Systemd Timers,yes,Linux,DET0231,AN0645,File Creation; Process Creation; Scheduled Job Creation,,covered,1,techniques/T1053-scheduled-task-job/T1053.006-systemd-timers/systemd-timer-created-for-untrusted-payload.yaml
TA0002,Execution,1,T1053,Scheduled Task/Job,T1053.007,Container Orchestration Job,yes,Containers,DET0206,AN0582,Container Creation; Network Traffic Content; Scheduled Job Creation,Container Creation,out-of-scope,0,
TA0002,Execution,1,T1059,Command and Scripting Interpreter,,,no,Containers; ESXi; IaaS; Identity Provider; Linux; macOS; Network Devices; Office Suite; SaaS; Windows,DET0516,AN1428; AN1429; AN1430; AN1431; AN1432,Command Execution; Process Creation; User Account Authentication,,parent,0,
TA0002,Execution,1,T1059,Command and Scripting Interpreter,T1059.001,PowerShell,yes,Windows,DET0455,AN1252,Command Execution; Module Load; Process Creation; Process Metadata,Module Load,covered,1,techniques/T1059-command-and-scripting-interpreter/T1059.001-powershell/powershell-download-cradle.yaml
TA0002,Execution,1,T1059,Command and Scripting Interpreter,T1059.002,AppleScript,yes,macOS,DET0414,AN1164,Process Creation,,not-covered,0,
TA0002,Execution,1,T1059,Command and Scripting Interpreter,T1059.003,Windows Command Shell,yes,Windows,DET0202,AN0578,Module Load; Process Creation; Script Execution,Module Load,covered,1,techniques/T1059-command-and-scripting-interpreter/T1059.003-windows-command-shell/chained-command-shell-one-liner.yaml
TA0002,Execution,1,T1059,Command and Scripting Interpreter,T1059.004,Unix Shell,yes,ESXi; Linux; macOS; Network Devices,DET0384,AN1081; AN1082; AN1083; AN1084,Command Execution; Logon Session Creation; Network Connection Creation; Network Traffic Flow; Process Creation; Script Execution,,not-covered,0,
TA0002,Execution,1,T1059,Command and Scripting Interpreter,T1059.005,Visual Basic,yes,Linux; macOS; Windows,DET0076,AN0209; AN0210; AN0211,Command Execution; Module Load; Process Creation; Script Execution,Module Load,covered,1,techniques/T1059-command-and-scripting-interpreter/T1059.005-visual-basic/vbscript-host-executing-delivered-script.yaml
TA0002,Execution,1,T1059,Command and Scripting Interpreter,T1059.006,Python,yes,ESXi; Linux; macOS; Windows,DET0063,AN0172; AN0173; AN0174; AN0175,Command Execution; Network Traffic Content; Process Creation; Script Execution,,covered,1,techniques/T1059-command-and-scripting-interpreter/T1059.006-python/python-interpreter-executing-delivered-code.yaml
TA0002,Execution,1,T1059,Command and Scripting Interpreter,T1059.007,JavaScript,yes,Linux; macOS; Windows,DET0264,AN0733; AN0734; AN0735,Command Execution; Module Load; Process Creation; Script Execution,Module Load,not-covered,0,
TA0002,Execution,1,T1059,Command and Scripting Interpreter,T1059.008,Network Device CLI,yes,Network Devices,DET0142,AN0399,Command Execution; Network Traffic Content; User Account Authentication,,out-of-scope,0,
TA0002,Execution,1,T1059,Command and Scripting Interpreter,T1059.009,Cloud API,yes,IaaS; Identity Provider; Office Suite; SaaS,DET0078,AN0215,Cloud Service Modification; Command Execution; User Account Authentication,Cloud Service Modification,out-of-scope,0,
TA0002,Execution,1,T1059,Command and Scripting Interpreter,T1059.010,AutoHotKey & AutoIT,yes,Windows,DET0332,AN0942,File Creation; Process Access; Process Creation,Process Access,blocked-telemetry,0,
TA0002,Execution,1,T1059,Command and Scripting Interpreter,T1059.011,Lua,yes,Linux; Network Devices; Windows; macOS,DET0101,AN0278; AN0279; AN0280; AN0281,Command Execution; File Creation; File Metadata; Process Creation; Script Execution,,not-covered,0,
TA0002,Execution,1,T1059,Command and Scripting Interpreter,T1059.012,Hypervisor CLI,yes,ESXi,DET0558,AN1537,Command Execution; User Account Authentication,,out-of-scope,0,
TA0002,Execution,1,T1059,Command and Scripting Interpreter,T1059.013,Container CLI/API,yes,Containers,DET0083,AN0233,Command Execution; Container Creation; Container Start; Pod Creation; Process Creation,Container Creation; Container Start; Pod Creation,out-of-scope,0,
TA0002,Execution,1,T1072,Software Deployment Tools,,,yes,Linux; macOS; Network Devices; SaaS; Windows,DET0223,AN0623; AN0624; AN0625; AN0626; AN0627,Application Log Content; Command Execution; Network Traffic Flow; Process Creation,,covered,1,techniques/T1072-software-deployment-tools/deployment-tool-used-to-push-untrusted-payload.yaml
TA0002,Execution,1,T1106,Native API,,,yes,Linux; macOS; Windows,DET0529,AN1465; AN1466; AN1467,Module Load; Process Access; Process Creation,Module Load; Process Access,blocked-telemetry,0,
TA0002,Execution,1,T1127,Trusted Developer Utilities Proxy Execution,,,no,Windows,DET0172,AN0488,File Creation; Module Load; Network Connection Creation; Process Creation; Process Metadata,Module Load,parent,0,
TA0002,Execution,1,T1127,Trusted Developer Utilities Proxy Execution,T1127.001,MSBuild,yes,Windows,DET0556,AN1535,File Creation; Module Load; Network Connection Creation; Process Access; Process Creation; Process Metadata; Process Modification; Script Execution,Module Load; Process Access; Process Modification,covered,1,techniques/T1127-trusted-developer-utilities-proxy-execution/T1127.001-msbuild/msbuild-inline-task-execution.yaml
TA0002,Execution,1,T1127,Trusted Developer Utilities Proxy Execution,T1127.002,ClickOnce,yes,Windows,DET0191,AN0550,Module Load; Process Creation; Process Metadata,Module Load,blocked-telemetry,0,
TA0002,Execution,1,T1127,Trusted Developer Utilities Proxy Execution,T1127.003,JamPlus,yes,Windows,DET0585,AN1610,File Creation; Network Connection Creation; Process Creation; Process Metadata,,not-covered,0,
TA0002,Execution,1,T1129,Shared Modules,,,yes,Linux; macOS; Windows,DET0018,AN0052; AN0053; AN0054,File Access; File Creation; Module Load; Network Connection Creation; Network Traffic Content; Process Creation; Process Metadata,Module Load,blocked-telemetry,0,
TA0002,Execution,1,T1197,BITS Jobs,,,yes,Windows,DET0098,AN0274,Command Execution; Network Connection Creation; Process Creation; Service Creation,,covered,1,techniques/T1197-bits-jobs/bits-job-payload-transfer.yaml
TA0002,Execution,1,T1203,Exploitation for Client Execution,,,yes,Linux; macOS; Windows,DET0287,AN0797; AN0798; AN0799,Application Log Content; File Access; File Creation; File Modification; Network Connection Creation; Network Traffic Flow; Process Creation,,not-covered,0,
TA0002,Execution,1,T1204,User Execution,,,no,Linux; Windows; macOS; IaaS; Containers,DET0478,AN1314; AN1315; AN1316; AN1317; AN1318,Application Log Content; Container Creation; Container Start; File Access; File Creation; File Modification; Instance Creation; Instance Start; Network Connection Creation; Network Traffic Content; Process Creation,Container Creation; Container Start; Instance Creation; Instance Start,parent,0,
TA0002,Execution,1,T1204,User Execution,T1204.001,Malicious Link,yes,Linux; macOS; Windows,DET0066,AN0178; AN0179; AN0180,File Creation; Network Connection Creation; Network Traffic Content; Process Creation,,covered,1,techniques/T1204-user-execution/T1204.001-malicious-link/link-opened-and-led-to-execution.yaml
TA0002,Execution,1,T1204,User Execution,T1204.002,Malicious File,yes,Linux; macOS; Windows,DET0294,AN0819; AN0820; AN0821,File Creation; File Metadata; Process Creation,,covered,1,techniques/T1204-user-execution/T1204.002-malicious-file/document-spawning-execution-chain.yaml
TA0002,Execution,1,T1204,User Execution,T1204.003,Malicious Image,yes,IaaS; Containers,DET0248,AN0691; AN0692,Command Execution; Container Creation; Container Start; Image Creation; Instance Creation; Instance Start; Network Traffic Content; Process Creation,Container Creation; Container Start; Image Creation; Instance Creation; Instance Start,out-of-scope,0,
TA0002,Execution,1,T1204,User Execution,T1204.004,Malicious Copy and Paste,yes,Linux; macOS; Windows,DET0340,AN0962; AN0963; AN0964,Command Execution; File Creation; Network Connection Creation; Network Traffic Content; Process Creation,,covered,1,techniques/T1204-user-execution/T1204.004-malicious-copy-and-paste/clipboard-delivered-command-executed.yaml
TA0002,Execution,1,T1204,User Execution,T1204.005,Malicious Library,yes,Linux; macOS; Windows,DET0252,AN0698; AN0699; AN0700,File Creation; File Metadata; Network Connection Creation; Network Traffic Content; Process Creation,,not-covered,0,
TA0002,Execution,1,T1559,Inter-Process Communication,,,no,Linux; macOS; Windows,DET0493,AN1357; AN1358; AN1359,File Access; Named Pipe Metadata; Process Access; Process Creation; Script Execution,Named Pipe Metadata; Process Access,parent,0,
TA0002,Execution,1,T1559,Inter-Process Communication,T1559.001,Component Object Model,yes,Windows,DET0224,AN0628,Module Load; Process Creation; Windows Registry Key Access,Module Load,blocked-telemetry,0,
TA0002,Execution,1,T1559,Inter-Process Communication,T1559.002,Dynamic Data Exchange,yes,Windows,DET0504,AN1393,Module Load; Process Creation; Windows Registry Key Access,Module Load,blocked-telemetry,0,
TA0002,Execution,1,T1559,Inter-Process Communication,T1559.003,XPC Services,yes,macOS,DET0335,AN0948,Named Pipe Metadata; Process Access; Process Creation,Named Pipe Metadata; Process Access,blocked-telemetry,0,
TA0002,Execution,1,T1569,System Services,,,no,Windows; macOS; Linux,DET0279,AN0778; AN0779; AN0780,File Modification; Process Creation; Service Creation; Windows Registry Key Modification,,parent,0,
TA0002,Execution,1,T1569,System Services,T1569.001,Launchctl,yes,macOS,DET0265,AN0736,Command Execution; File Modification; Process Creation; Service Creation,,not-covered,0,
TA0002,Execution,1,T1569,System Services,T1569.002,Service Execution,yes,Windows,DET0421,AN1185,Network Connection Creation; Process Creation; Service Creation; Windows Registry Key Modification,,covered,1,techniques/T1569-system-services/T1569.002-service-execution/service-created-to-execute-a-command.yaml
TA0002,Execution,1,T1569,System Services,T1569.003,Systemctl,yes,Linux,DET0073,AN0200,Command Execution; File Modification; Process Creation; Service Creation,,not-covered,0,
TA0002,Execution,1,T1574,Hijack Execution Flow,,,no,Linux; macOS; Windows,DET0218,AN0609; AN0610; AN0611,File Creation; File Modification; Module Load; Process Creation; Service Metadata; Windows Registry Key Modification,Module Load,parent,0,
TA0002,Execution,1,T1574,Hijack Execution Flow,T1574.001,DLL,yes,Windows,DET0201,AN0577,File Creation; File Metadata; Module Load; Process Creation; Windows Registry Key Modification,Module Load,covered,1,techniques/T1574-hijack-execution-flow/T1574.001-dll/dll-staged-beside-signed-application.yaml
TA0002,Execution,1,T1574,Hijack Execution Flow,T1574.004,Dylib Hijacking,yes,macOS,DET0152,AN0435,File Creation; File Modification; Module Load,Module Load,blocked-telemetry,0,
TA0002,Execution,1,T1574,Hijack Execution Flow,T1574.005,Executable Installer File Permissions Weakness,yes,Windows,DET0038,AN0108,File Creation; File Metadata; Module Load; Process Creation,Module Load,blocked-telemetry,0,
TA0002,Execution,1,T1574,Hijack Execution Flow,T1574.006,Dynamic Linker Hijacking,yes,Linux; macOS,DET0435,AN1209; AN1210,File Creation; File Modification; Module Load; Process Creation; Process Metadata,Module Load,not-covered,0,
TA0002,Execution,1,T1574,Hijack Execution Flow,T1574.007,Path Interception by PATH Environment Variable,yes,Linux; macOS; Windows,DET0004,AN0009; AN0010; AN0011,File Creation; File Modification; Process Creation; Windows Registry Key Modification,,not-covered,0,
TA0002,Execution,1,T1574,Hijack Execution Flow,T1574.008,Path Interception by Search Order Hijacking,yes,Windows,DET0564,AN1560,File Creation; File Metadata; Process Creation,,covered,1,techniques/T1574-hijack-execution-flow/T1574.008-path-interception-by-search-order-hijacking/binary-planted-earlier-in-the-search-order.yaml
TA0002,Execution,1,T1574,Hijack Execution Flow,T1574.009,Path Interception by Unquoted Path,yes,Windows,DET0064,AN0176,File Creation; File Metadata; Process Creation; Windows Registry Key Modification,,covered,1,techniques/T1574-hijack-execution-flow/T1574.009-path-interception-by-unquoted-path/unquoted-service-path-intercepted.yaml
TA0002,Execution,1,T1574,Hijack Execution Flow,T1574.010,Services File Permissions Weakness,yes,Windows,DET0436,AN1211,File Creation; File Metadata; Process Creation; Service Creation,,covered,1,techniques/T1574-hijack-execution-flow/T1574.010-services-file-permissions-weakness/service-binary-overwritten-through-weak-permissions.yaml
TA0002,Execution,1,T1574,Hijack Execution Flow,T1574.011,Services Registry Permissions Weakness,yes,Windows,DET0427,AN1195,Process Creation; Service Modification; Windows Registry Key Modification,Service Modification,blocked-telemetry,0,
TA0002,Execution,1,T1574,Hijack Execution Flow,T1574.012,COR_PROFILER,yes,Windows,DET0479,AN1319,File Creation; Module Load; Process Creation; Windows Registry Key Modification,Module Load,covered,1,techniques/T1574-hijack-execution-flow/T1574.012-cor-profiler/cor-profiler-environment-hijack.yaml
TA0002,Execution,1,T1574,Hijack Execution Flow,T1574.013,KernelCallbackTable,yes,Windows,DET0577,AN1593,OS API Execution; Process Access; Process Creation,OS API Execution; Process Access,blocked-telemetry,0,
TA0002,Execution,1,T1574,Hijack Execution Flow,T1574.014,AppDomainManager,yes,Windows,DET0517,AN1433,File Creation; Module Load; Process Creation,Module Load,blocked-telemetry,0,
TA0002,Execution,1,T1609,Container Administration Command,,,yes,Containers,DET0065,AN0177,Command Execution; Process Creation,,out-of-scope,0,
TA0002,Execution,1,T1610,Deploy Container,,,yes,Containers,DET0249,AN0693,Application Log Content; Container Start; Network Traffic Content; Process Creation,Container Start,out-of-scope,0,
TA0002,Execution,1,T1648,Serverless Execution,,,yes,SaaS; IaaS; Office Suite,DET0374,AN1053; AN1054; AN1055,Application Log Content; Cloud Service Modification,Cloud Service Modification,out-of-scope,0,
TA0002,Execution,1,T1651,Cloud Administration Command,,,yes,IaaS,DET0545,AN1502,Command Execution; Process Creation; Script Execution,,out-of-scope,0,
TA0002,Execution,1,T1674,Input Injection,,,yes,Windows; macOS; Linux,DET0568,AN1567; AN1568; AN1569,Command Execution; Drive Creation; Process Creation; Script Execution,Drive Creation,blocked-telemetry,0,
TA0002,Execution,1,T1675,ESXi Administration Command,,,yes,ESXi,DET0232,AN0646,Application Log Content,,out-of-scope,0,
TA0002,Execution,1,T1677,Poisoned Pipeline Execution,,,yes,SaaS,DET0533,AN1473,Cloud Service Metadata; Cloud Service Modification; Cloud Storage Access; Command Execution; File Metadata,Cloud Service Metadata; Cloud Service Modification; Cloud Storage Access,out-of-scope,0,
TA0003,Persistence,1,T1037,Boot or Logon Initialization Scripts,,,no,ESXi; Linux; macOS; Network Devices; Windows,DET0112,AN0311; AN0312; AN0313; AN0314; AN0315,File Access; File Metadata; File Modification; Process Creation; Scheduled Job Creation; Script Execution; Service Metadata; Windows Registry Key Modification,,parent,0,
TA0003,Persistence,1,T1037,Boot or Logon Initialization Scripts,T1037.001,Logon Script (Windows),yes,Windows,DET0072,AN0199,File Access; Logon Session Creation; Process Creation; Script Execution,,covered,1,techniques/T1037-boot-or-logon-initialization-scripts/T1037.001-logon-script-windows/logon-script-registered-in-the-user-hive.yaml
TA0003,Persistence,1,T1037,Boot or Logon Initialization Scripts,T1037.002,Login Hook,yes,macOS,DET0244,AN0682,File Modification; Process Creation,,not-covered,0,
TA0003,Persistence,1,T1037,Boot or Logon Initialization Scripts,T1037.003,Network Logon Script,yes,Windows,DET0367,AN1034,Network Share Access; Process Creation; Script Execution,,covered,1,techniques/T1037-boot-or-logon-initialization-scripts/T1037.003-network-logon-script/logon-script-served-from-a-network-share.yaml
TA0003,Persistence,1,T1037,Boot or Logon Initialization Scripts,T1037.004,RC Scripts,yes,macOS; Linux; Network Devices; ESXi,DET0237,AN0658; AN0659; AN0660; AN0661,Command Execution; File Creation; File Modification; Process Creation; Script Execution,,not-covered,0,
TA0003,Persistence,1,T1037,Boot or Logon Initialization Scripts,T1037.005,Startup Items,yes,macOS,DET0429,AN1197,File Creation; Process Creation,,not-covered,0,
TA0003,Persistence,1,T1053,Scheduled Task/Job,,,no,Containers; ESXi; Linux; macOS; Network Devices; Windows,DET0094,AN0258; AN0259; AN0260; AN0261; AN0262,Command Execution; File Creation; File Modification; Process Creation; Scheduled Job Creation,,parent,0,
TA0003,Persistence,1,T1053,Scheduled Task/Job,T1053.002,At,yes,Windows; Linux; macOS,DET0333,AN0943; AN0944; AN0945,Command Execution; File Modification; Process Creation; Scheduled Job Creation,,covered,1,techniques/T1053-scheduled-task-job/T1053.002-at/at-command-used-to-schedule-execution.yaml
TA0003,Persistence,1,T1053,Scheduled Task/Job,T1053.003,Cron,yes,Linux; macOS; ESXi,DET0290,AN0805; AN0806; AN0807,File Modification; Process Creation; Scheduled Job Creation,,covered,1,techniques/T1053-scheduled-task-job/T1053.003-cron/cron-job-created-for-untrusted-payload.yaml
TA0003,Persistence,1,T1053,Scheduled Task/Job,T1053.005,Scheduled Task,yes,Windows,DET0441,AN1221,File Creation; Process Creation; Scheduled Job Creation; Scheduled Job Modification; Windows Registry Key Modification,,covered,1,techniques/T1053-scheduled-task-job/T1053.005-scheduled-task/scheduled-task-created-for-untrusted-payload.yaml
TA0003,Persistence,1,T1053,Scheduled Task/Job,T1053.006,Systemd Timers,yes,Linux,DET0231,AN0645,File Creation; Process Creation; Scheduled Job Creation,,covered,1,techniques/T1053-scheduled-task-job/T1053.006-systemd-timers/systemd-timer-created-for-untrusted-payload.yaml
TA0003,Persistence,1,T1053,Scheduled Task/Job,T1053.007,Container Orchestration Job,yes,Containers,DET0206,AN0582,Container Creation; Network Traffic Content; Scheduled Job Creation,Container Creation,out-of-scope,0,
TA0003,Persistence,1,T1078,Valid Accounts,,,no,Containers; ESXi; IaaS; Identity Provider; Linux; macOS; Network Devices; Office Suite; SaaS; Windows,DET0560,AN1543; AN1544; AN1545; AN1546; AN1547,Logon Session Creation; Logon Session Metadata; Process Creation; User Account Authentication,,parent,0,
TA0003,Persistence,1,T1078,Valid Accounts,T1078.001,Default Accounts,yes,Containers; ESXi; IaaS; Identity Provider; Linux; macOS; Network Devices; Office Suite; SaaS; Windows,DET0465,AN1283; AN1284; AN1285; AN1286; AN1287,Logon Session Creation; Logon Session Metadata; User Account Authentication,,covered,1,techniques/T1078-valid-accounts/T1078.001-default-accounts/default-account-used-to-authenticate.yaml
TA0003,Persistence,1,T1078,Valid Accounts,T1078.002,Domain Accounts,yes,ESXi; Linux; macOS; Windows,DET0210,AN0590; AN0591; AN0592; AN0593,Logon Session Metadata; Network Connection Creation; Process Creation; User Account Authentication,,not-covered,0,
TA0003,Persistence,1,T1078,Valid Accounts,T1078.003,Local Accounts,yes,Containers; ESXi; Linux; macOS; Network Devices; Windows,DET0407,AN1137; AN1138; AN1139,Logon Session Creation; Logon Session Metadata; User Account Authentication,,not-covered,0,
TA0003,Persistence,1,T1078,Valid Accounts,T1078.004,Cloud Accounts,yes,IaaS; Identity Provider; Office Suite; SaaS,DET0546,AN1503; AN1504; AN1505; AN1506,Logon Session Creation; Logon Session Metadata; User Account Authentication,,out-of-scope,0,
TA0003,Persistence,1,T1098,Account Manipulation,,,no,Containers; ESXi; IaaS; Identity Provider; Linux; macOS; Network Devices; Office Suite; SaaS; Windows,DET0096,AN0265; AN0266; AN0267; AN0268; AN0269; AN0270,Active Directory Object Modification; File Modification; Process Creation; User Account Modification,,parent,0,
TA0003,Persistence,1,T1098,Account Manipulation,T1098.001,Additional Cloud Credentials,yes,IaaS; Identity Provider; SaaS,DET0531,AN1469; AN1470; AN1471,Active Directory Object Creation; Active Directory Object Modification; User Account Modification,,out-of-scope,0,
TA0003,Persistence,1,T1098,Account Manipulation,T1098.002,Additional Email Delegate Permissions,yes,Windows; Office Suite,DET0373,AN1051; AN1052,Application Log Content; Process Creation; User Account Modification,,not-covered,0,
TA0003,Persistence,1,T1098,Account Manipulation,T1098.003,Additional Cloud Roles,yes,IaaS; Identity Provider; Office Suite; SaaS,DET0277,AN0771; AN0772; AN0773,User Account Modification,,out-of-scope,0,
TA0003,Persistence,1,T1098,Account Manipulation,T1098.004,SSH Authorized Keys,yes,ESXi; IaaS; Linux; macOS; Network Devices,DET0126,AN0350; AN0351; AN0352; AN0353; AN0354,Command Execution; File Modification; Process Creation,,covered,1,techniques/T1098-account-manipulation/T1098.004-ssh-authorized-keys/authorized-keys-modified-for-persistence.yaml
TA0003,Persistence,1,T1098,Account Manipulation,T1098.005,Device Registration,yes,Windows; Identity Provider,DET0036,AN0103; AN0104,Active Directory Object Creation; Application Log Content; User Account Modification,,not-covered,0,
TA0003,Persistence,1,T1098,Account Manipulation,T1098.006,Additional Container Cluster Roles,yes,Containers,DET0572,AN1579,User Account Modification,,out-of-scope,0,
TA0003,Persistence,1,T1098,Account Manipulation,T1098.007,Additional Local or Domain Groups,yes,Windows; macOS; Linux,DET0310,AN0865; AN0866; AN0867,User Account Modification,,covered,1,techniques/T1098-account-manipulation/T1098.007-additional-local-or-domain-groups/privileged-group-membership-granted.yaml
TA0003,Persistence,1,T1112,Modify Registry,,,yes,Windows,DET0280,AN0781,Process Creation; Windows Registry Key Modification,,covered,1,techniques/T1112-modify-registry/security-control-registry-values-weakened.yaml
TA0003,Persistence,1,T1133,External Remote Services,,,yes,Containers; Linux; macOS; Windows,DET0354,AN1004; AN1005; AN1006; AN1007,Application Log Content; Logon Session Metadata; Network Connection Creation; Network Traffic Flow; User Account Authentication,,covered,1,techniques/T1133-external-remote-services/remote-access-service-exposed-for-reentry.yaml
TA0003,Persistence,1,T1136,Create Account,,,no,Windows; IaaS; Linux; macOS; Network Devices; Containers; SaaS; Office Suite; Identity Provider; ESXi,DET0583,AN1604; AN1605; AN1606; AN1607; AN1608,Command Execution; File Modification; Process Creation; User Account Creation; User Account Modification,,parent,0,
TA0003,Persistence,1,T1136,Create Account,T1136.001,Local Account,yes,Containers; ESXi; Linux; macOS; Network Devices; Windows,DET0447,AN1235; AN1236; AN1237; AN1238; AN1239; AN1240,Command Execution; File Modification; Process Creation; User Account Creation,,covered,1,techniques/T1136-create-account/T1136.001-local-account/local-account-created-and-privileged.yaml
TA0003,Persistence,1,T1136,Create Account,T1136.002,Domain Account,yes,Linux; macOS; Windows,DET0003,AN0006; AN0007; AN0008,Command Execution; Logon Session Creation; Process Creation; User Account Authentication; User Account Creation,,covered,1,techniques/T1136-create-account/T1136.002-domain-account/domain-account-created-from-an-endpoint.yaml
TA0003,Persistence,1,T1136,Create Account,T1136.003,Cloud Account,yes,IaaS; SaaS; Office Suite; Identity Provider,DET0319,AN0899; AN0900; AN0901; AN0902,Group Modification; User Account Authentication; User Account Creation; User Account Modification,Group Modification,out-of-scope,0,
TA0003,Persistence,1,T1137,Office Application Startup,,,no,Windows; Office Suite,DET0398,AN1116; AN1117,Application Log Content; File Creation; Process Creation; User Account Modification; Windows Registry Key Modification,,parent,0,
TA0003,Persistence,1,T1137,Office Application Startup,T1137.001,Office Template Macros,yes,Office Suite; Windows,DET0519,AN1436; AN1437,Command Execution; File Creation; File Metadata; Process Creation; Windows Registry Key Modification,,covered,1,techniques/T1137-office-application-startup/T1137.001-office-template-macros/office-template-armed-with-a-macro.yaml
TA0003,Persistence,1,T1137,Office Application Startup,T1137.002,Office Test,yes,Windows; Office Suite,DET0315,AN0880; AN0881,Command Execution; File Creation; Module Load; Process Creation; Windows Registry Key Modification,Module Load,blocked-telemetry,0,
TA0003,Persistence,1,T1137,Office Application Startup,T1137.003,Outlook Forms,yes,Windows; Office Suite,DET0029,AN0085; AN0086,Application Log Content; Command Execution; Module Load; Process Creation,Module Load,blocked-telemetry,0,
TA0003,Persistence,1,T1137,Office Application Startup,T1137.004,Outlook Home Page,yes,Windows; Office Suite,DET0177,AN0502; AN0503,Application Log Content; Command Execution; Module Load; Process Creation,Module Load,blocked-telemetry,0,
TA0003,Persistence,1,T1137,Office Application Startup,T1137.005,Outlook Rules,yes,Windows; Office Suite,DET0095,AN0263; AN0264,Application Log Content; Command Execution; Module Load; Process Creation,Module Load,blocked-telemetry,0,
TA0003,Persistence,1,T1137,Office Application Startup,T1137.006,Add-ins,yes,Windows; Office Suite,DET0050,AN0137; AN0138,Application Log Content; Command Execution; File Creation; File Modification; Process Creation; Windows Registry Key Modification,,covered,1,techniques/T1137-office-application-startup/T1137.006-add-ins/office-add-in-registered-for-persistence.yaml
TA0003,Persistence,1,T1176,Software Extensions,,,no,Linux; macOS; Windows,DET0092,AN0251; AN0252; AN0253,Command Execution; File Creation; Network Connection Creation; Network Traffic Flow; Process Creation; Windows Registry Key Modification,,parent,0,
TA0003,Persistence,1,T1176,Software Extensions,T1176.001,Browser Extensions,yes,Linux; Windows; macOS,DET0044,AN0123; AN0124; AN0125,Command Execution; File Access; File Creation; Network Connection Creation; Network Traffic Content; Process Creation; Windows Registry Key Modification,,covered,1,techniques/T1176-software-extensions/T1176.001-browser-extensions/browser-extension-force-installed.yaml
TA0003,Persistence,1,T1176,Software Extensions,T1176.002,IDE Extensions,yes,Linux; macOS; Windows,DET0561,AN1548; AN1549; AN1550,File Creation; Network Connection Creation; Network Traffic Flow; Process Creation,,covered,1,techniques/T1176-software-extensions/T1176.002-ide-extensions/ide-extension-installed-from-an-untrusted-source.yaml
TA0003,Persistence,1,T1197,BITS Jobs,,,yes,Windows,DET0098,AN0274,Command Execution; Network Connection Creation; Process Creation; Service Creation,,covered,1,techniques/T1197-bits-jobs/bits-job-payload-transfer.yaml
TA0003,Persistence,1,T1205,Traffic Signaling,,,no,Linux; macOS; Network Devices; Windows,DET0524,AN1448; AN1449; AN1450; AN1451,Command Execution; Network Connection Creation; Network Traffic Content; Network Traffic Flow; Process Creation,,parent,0,
TA0003,Persistence,1,T1205,Traffic Signaling,T1205.001,Port Knocking,yes,Linux; macOS; Network Devices; Windows,DET0302,AN0842; AN0843; AN0844; AN0845,Network Connection Creation; Network Traffic Flow; Process Creation,,not-covered,0,
TA0003,Persistence,1,T1205,Traffic Signaling,T1205.002,Socket Filters,yes,Linux; macOS; Windows,DET0162,AN0462; AN0463; AN0464,Driver Load; Module Load; Network Connection Creation; Network Traffic Content; Process Creation; Service Creation,Driver Load; Module Load,not-covered,0,
TA0003,Persistence,1,T1505,Server Software Component,,,no,Windows; Linux; macOS; Network Devices; ESXi,DET0547,AN1507; AN1508; AN1509; AN1510,Application Log Content; Command Execution; Network Traffic Content; Network Traffic Flow; Process Creation; Scheduled Job Creation,,parent,0,
TA0003,Persistence,1,T1505,Server Software Component,T1505.001,SQL Stored Procedures,yes,Windows; Linux,DET0181,AN0511; AN0512,Module Load; Process Creation; Script Execution,Module Load,not-covered,0,
TA0003,Persistence,1,T1505,Server Software Component,T1505.002,Transport Agent,yes,Linux; Windows,DET0166,AN0472; AN0473,Application Log Content; Command Execution; File Creation; File Modification; Module Load; Process Creation,Module Load,blocked-telemetry,0,
TA0003,Persistence,1,T1505,Server Software Component,T1505.003,Web Shell,yes,Linux; macOS; Network Devices; Windows,DET0394,AN1108; AN1109; AN1110,File Creation; File Modification; Logon Session Creation; Network Traffic Content; Process Creation,,covered,1,techniques/T1505-server-software-component/T1505.003-web-shell/web-server-spawning-interpreter.yaml
TA0003,Persistence,1,T1505,Server Software Component,T1505.004,IIS Components,yes,Windows,DET0068,AN0184,Application Log Content; File Creation; File Modification; Module Load; Process Creation; Service Modification,Module Load; Service Modification,blocked-telemetry,0,
TA0003,Persistence,1,T1505,Server Software Component,T1505.005,Terminal Services DLL,yes,Windows,DET0212,AN0595,File Creation; Module Load; Process Creation; Windows Registry Key Modification,Module Load,blocked-telemetry,0,
TA0003,Persistence,1,T1505,Server Software Component,T1505.006,vSphere Installation Bundles,yes,ESXi,DET0535,AN1475,Application Log Content; Command Execution; File Modification,,out-of-scope,0,
TA0003,Persistence,1,T1525,Implant Internal Image,,,yes,IaaS; Containers,DET0334,AN0946; AN0947,Image Creation; Image Modification; Instance Start,Image Creation; Image Modification; Instance Start,out-of-scope,0,
TA0003,Persistence,1,T1542,Pre-OS Boot,,,no,Linux; macOS; Network Devices; Windows,DET0278,AN0774; AN0775; AN0776; AN0777,Command Execution; Drive Access; Drive Modification; File Creation; File Modification; Firmware Modification; Process Creation,Drive Access; Drive Modification; Firmware Modification,parent,0,
TA0003,Persistence,1,T1542,Pre-OS Boot,T1542.001,System Firmware,yes,Network Devices; Windows,DET0099,AN0275; AN0276,Drive Access; Drive Modification; File Creation; Firmware Modification; Process Creation,Drive Access; Drive Modification; Firmware Modification,blocked-telemetry,0,
TA0003,Persistence,1,T1542,Pre-OS Boot,T1542.002,Component Firmware,yes,Windows; Linux; macOS,DET0323,AN0916; AN0917; AN0918,Driver Load; Firmware Modification,Driver Load; Firmware Modification,blocked-telemetry,0,
TA0003,Persistence,1,T1542,Pre-OS Boot,T1542.003,Bootkit,yes,Linux; Windows,DET0150,AN0428; AN0429,Drive Access; Drive Modification; File Creation; File Modification,Drive Access; Drive Modification,blocked-telemetry,0,
TA0003,Persistence,1,T1542,Pre-OS Boot,T1542.004,ROMMONkit,yes,Network Devices,DET0175,AN0497,Firmware Modification; Network Connection Creation; OS API Execution,Firmware Modification; OS API Execution,out-of-scope,0,
TA0003,Persistence,1,T1542,Pre-OS Boot,T1542.005,TFTP Boot,yes,Network Devices,DET0582,AN1603,Command Execution; Firmware Modification; Network Connection Creation,Firmware Modification,out-of-scope,0,
TA0003,Persistence,1,T1543,Create or Modify System Process,,,no,Containers; Linux; macOS; Windows,DET0571,AN1575; AN1576; AN1577; AN1578,Command Execution; Container Creation; File Modification; Process Creation; Service Creation; Windows Registry Key Modification,Container Creation,parent,0,
TA0003,Persistence,1,T1543,Create or Modify System Process,T1543.001,Launch Agent,yes,macOS,DET0434,AN1208,Command Execution; File Creation; File Modification; Service Creation,,not-covered,0,
TA0003,Persistence,1,T1543,Create or Modify System Process,T1543.002,Systemd Service,yes,Linux,DET0253,AN0701,Command Execution; File Creation; File Modification; Process Creation; Service Creation,,covered,1,techniques/T1543-create-or-modify-system-process/T1543.002-systemd-service/systemd-unit-installed-for-untrusted-binary.yaml
TA0003,Persistence,1,T1543,Create or Modify System Process,T1543.003,Windows Service,yes,Windows,DET0552,AN1527,Driver Load; Process Creation; Service Creation; Windows Registry Key Modification,Driver Load,covered,1,techniques/T1543-create-or-modify-system-process/T1543.003-windows-service/service-created-for-untrusted-binary.yaml
TA0003,Persistence,1,T1543,Create or Modify System Process,T1543.004,Launch Daemon,yes,macOS,DET0401,AN1126,File Creation; File Modification; Process Creation; Service Creation,,not-covered,0,
TA0003,Persistence,1,T1543,Create or Modify System Process,T1543.005,Container Service,yes,Containers,DET0473,AN1304,Container Creation; Pod Creation; Process Creation; Service Creation,Container Creation; Pod Creation,out-of-scope,0,
TA0003,Persistence,1,T1546,Event Triggered Execution,,,no,Linux; macOS; Windows; SaaS; IaaS; Office Suite,DET0010,AN0024; AN0025; AN0026; AN0027; AN0028; AN0029,Cloud Service Modification; Command Execution; File Metadata; File Modification; Network Traffic Content; Process Creation; Scheduled Job Creation; Script Execution; WMI Creation; Windows Registry Key Modification,Cloud Service Modification,parent,0,
TA0003,Persistence,1,T1546,Event Triggered Execution,T1546.001,Change Default File Association,yes,Windows,DET0061,AN0170,Logon Session Metadata; Process Creation; Windows Registry Key Modification,,covered,1,techniques/T1546-event-triggered-execution/T1546.001-change-default-file-association/file-association-redirected-to-an-interpreter.yaml
TA0003,Persistence,1,T1546,Event Triggered Execution,T1546.002,Screensaver,yes,Windows,DET0154,AN0441,Process Creation; Windows Registry Key Modification,,not-covered,0,
TA0003,Persistence,1,T1546,Event Triggered Execution,T1546.003,Windows Management Instrumentation Event Subscription,yes,Windows,DET0086,AN0236,Module Load; Process Creation; WMI Creation,Module Load,covered,1,techniques/T1546-event-triggered-execution/T1546.003-wmi-event-subscription/wmi-event-subscription-persistence.yaml
TA0003,Persistence,1,T1546,Event Triggered Execution,T1546.004,Unix Shell Configuration Modification,yes,Linux; macOS,DET0020,AN0059; AN0060,File Modification; Network Traffic Content; Process Creation,,covered,1,techniques/T1546-event-triggered-execution/T1546.004-unix-shell-configuration-modification/shell-profile-modified-for-persistence.yaml
TA0003,Persistence,1,T1546,Event Triggered Execution,T1546.005,Trap,yes,macOS; Linux,DET0369,AN1038; AN1039,File Access; File Modification; Process Creation,,not-covered,0,
TA0003,Persistence,1,T1546,Event Triggered Execution,T1546.006,LC_LOAD_DYLIB Addition,yes,macOS,DET0216,AN0607,File Metadata; File Modification; Module Load,Module Load,blocked-telemetry,0,
TA0003,Persistence,1,T1546,Event Triggered Execution,T1546.007,Netsh Helper DLL,yes,Windows,DET0575,AN1588,Module Load; Process Creation; Windows Registry Key Modification,Module Load,blocked-telemetry,0,
TA0003,Persistence,1,T1546,Event Triggered Execution,T1546.008,Accessibility Features,yes,Windows,DET0033,AN0094,File Creation; File Metadata; Process Creation; Windows Registry Key Modification,,covered,1,techniques/T1546-event-triggered-execution/T1546.008-accessibility-features/accessibility-binary-replaced-or-debugged.yaml
TA0003,Persistence,1,T1546,Event Triggered Execution,T1546.009,AppCert DLLs,yes,Windows,DET0362,AN1029,Module Load; Process Creation; Windows Registry Key Modification,Module Load,blocked-telemetry,0,
TA0003,Persistence,1,T1546,Event Triggered Execution,T1546.010,AppInit DLLs,yes,Windows,DET0557,AN1536,Module Load; Process Creation; Windows Registry Key Modification,Module Load,blocked-telemetry,0,
TA0003,Persistence,1,T1546,Event Triggered Execution,T1546.011,Application Shimming,yes,Windows,DET0017,AN0051,File Creation; Module Load; Process Creation; Windows Registry Key Modification,Module Load,blocked-telemetry,0,
TA0003,Persistence,1,T1546,Event Triggered Execution,T1546.012,Image File Execution Options Injection,yes,Windows,DET0422,AN1186,Process Access; Process Creation; Windows Registry Key Creation; Windows Registry Key Modification,Process Access,blocked-telemetry,0,
TA0003,Persistence,1,T1546,Event Triggered Execution,T1546.013,PowerShell Profile,yes,Windows,DET0451,AN1245,Command Execution; File Creation; File Modification; Process Creation,,covered,1,techniques/T1546-event-triggered-execution/T1546.013-powershell-profile/powershell-profile-modified-for-persistence.yaml
TA0003,Persistence,1,T1546,Event Triggered Execution,T1546.014,Emond,yes,macOS,DET0555,AN1534,Command Execution; File Creation; File Modification; Process Creation,,not-covered,0,
TA0003,Persistence,1,T1546,Event Triggered Execution,T1546.015,Component Object Model Hijacking,yes,Windows,DET0481,AN1323,Module Load; Process Creation; Windows Registry Key Modification,Module Load,blocked-telemetry,0,
TA0003,Persistence,1,T1546,Event Triggered Execution,T1546.016,Installer Packages,yes,Linux; macOS; Windows,DET0330,AN0938; AN0939; AN0940,File Creation; Process Creation,,covered,1,techniques/T1546-event-triggered-execution/T1546.016-installer-packages/installer-package-used-for-triggered-execution.yaml
TA0003,Persistence,1,T1546,Event Triggered Execution,T1546.017,Udev Rules,yes,Linux,DET0375,AN1056,Command Execution; File Modification; Process Creation,,not-covered,0,
TA0003,Persistence,1,T1546,Event Triggered Execution,T1546.018,Python Startup Hooks,yes,Linux; macOS; Windows,DET0258,AN0713,File Metadata; File Modification; Network Traffic Content; Process Creation,,not-covered,0,
TA0003,Persistence,1,T1547,Boot or Logon Autostart Execution,,,no,Linux; macOS; Windows; Network Devices,DET0274,AN0764; AN0765; AN0766,File Creation; File Modification; Process Creation; Service Metadata; Windows Registry Key Modification,,parent,0,
TA0003,Persistence,1,T1547,Boot or Logon Autostart Execution,T1547.001,Registry Run Keys / Startup Folder,yes,Windows,DET0365,AN1032,File Creation; Process Creation; Windows Registry Key Modification,,covered,1,techniques/T1547-boot-or-logon-autostart-execution/T1547.001-registry-run-keys-startup-folder/run-key-pointing-to-user-writable-payload.yaml
TA0003,Persistence,1,T1547,Boot or Logon Autostart Execution,T1547.002,Authentication Package,yes,Windows,DET0207,AN0583,Module Load; Windows Registry Key Modification,Module Load,blocked-telemetry,0,
TA0003,Persistence,1,T1547,Boot or Logon Autostart Execution,T1547.003,Time Providers,yes,Windows,DET0122,AN0341,File Creation; Module Load; Process Creation; Windows Registry Key Modification,Module Load,blocked-telemetry,0,
TA0003,Persistence,1,T1547,Boot or Logon Autostart Execution,T1547.004,Winlogon Helper DLL,yes,Windows,DET0404,AN1133,Module Load; Process Creation; Windows Registry Key Access; Windows Registry Key Modification,Module Load,blocked-telemetry,0,
TA0003,Persistence,1,T1547,Boot or Logon Autostart Execution,T1547.005,Security Support Provider,yes,Windows,DET0542,AN1495,Module Load; Process Creation; Windows Registry Key Modification,Module Load,blocked-telemetry,0,
TA0003,Persistence,1,T1547,Boot or Logon Autostart Execution,T1547.006,Kernel Modules and Extensions,yes,macOS; Linux,DET0450,AN1243; AN1244,Command Execution; File Creation; File Modification; Kernel Module Load; Process Creation,Kernel Module Load,not-covered,0,
TA0003,Persistence,1,T1547,Boot or Logon Autostart Execution,T1547.007,Re-opened Applications,yes,macOS,DET0125,AN0349,File Metadata; File Modification; Logon Session Metadata; Process Creation,,not-covered,0,
TA0003,Persistence,1,T1547,Boot or Logon Autostart Execution,T1547.008,LSASS Driver,yes,Windows,DET0225,AN0629,Driver Load; File Creation; File Modification; Module Load; Windows Registry Key Creation; Windows Registry Key Modification,Driver Load; Module Load,blocked-telemetry,0,
TA0003,Persistence,1,T1547,Boot or Logon Autostart Execution,T1547.009,Shortcut Modification,yes,Windows,DET0180,AN0510,File Creation; File Metadata; File Modification; Process Creation,,covered,1,techniques/T1547-boot-or-logon-autostart-execution/T1547.009-shortcut-modification/startup-shortcut-repointed-to-payload.yaml
TA0003,Persistence,1,T1547,Boot or Logon Autostart Execution,T1547.010,Port Monitors,yes,Windows,DET0204,AN0580,File Creation; Module Load; OS API Execution; Process Creation; Windows Registry Key Modification,Module Load; OS API Execution,blocked-telemetry,0,
TA0003,Persistence,1,T1547,Boot or Logon Autostart Execution,T1547.012,Print Processors,yes,Windows,DET0026,AN0074,File Creation; Module Load; Process Access; Windows Registry Key Modification,Module Load; Process Access,blocked-telemetry,0,
TA0003,Persistence,1,T1547,Boot or Logon Autostart Execution,T1547.013,XDG Autostart Entries,yes,Linux,DET0390,AN1096,File Access; File Creation; File Metadata; Logon Session Creation; Process Creation,,not-covered,0,
TA0003,Persistence,1,T1547,Boot or Logon Autostart Execution,T1547.014,Active Setup,yes,Windows,DET0312,AN0871,Logon Session Metadata; Process Creation; Windows Registry Key Creation; Windows Registry Key Modification,,covered,1,techniques/T1547-boot-or-logon-autostart-execution/T1547.014-active-setup/active-setup-command-registered.yaml
TA0003,Persistence,1,T1547,Boot or Logon Autostart Execution,T1547.015,Login Items,yes,macOS,DET0121,AN0340,File Modification; OS API Execution; Process Creation; Script Execution,OS API Execution,blocked-telemetry,0,
TA0003,Persistence,1,T1554,Compromise Host Software Binary,,,yes,ESXi; Linux; macOS; Windows,DET0336,AN0949; AN0950; AN0951; AN0952,File Creation; File Modification; Module Load; Process Creation,Module Load,not-covered,0,
TA0003,Persistence,1,T1556,Modify Authentication Process,,,no,IaaS; Identity Provider; Linux; macOS; Network Devices; Office Suite; SaaS; Windows,DET0104,AN0287; AN0288; AN0289; AN0290; AN0291,Cloud Service Modification; File Modification; Module Load; Process Access; Process Creation; User Account Modification; Windows Registry Key Modification,Cloud Service Modification; Module Load; Process Access,parent,0,
TA0003,Persistence,1,T1556,Modify Authentication Process,T1556.001,Domain Controller Authentication,yes,Windows,DET0271,AN0757,File Modification; Logon Session Creation; Module Load; Process Access,Module Load; Process Access,blocked-telemetry,0,
TA0003,Persistence,1,T1556,Modify Authentication Process,T1556.002,Password Filter DLL,yes,Windows,DET0472,AN1303,File Creation; Module Load; Windows Registry Key Modification,Module Load,blocked-telemetry,0,
TA0003,Persistence,1,T1556,Modify Authentication Process,T1556.003,Pluggable Authentication Modules,yes,Linux; macOS,DET0454,AN1250; AN1251,File Modification; Logon Session Creation; Process Creation,,not-covered,0,
TA0003,Persistence,1,T1556,Modify Authentication Process,T1556.004,Network Device Authentication,yes,Network Devices,DET0272,AN0758,File Modification; User Account Authentication,,out-of-scope,0,
TA0003,Persistence,1,T1556,Modify Authentication Process,T1556.005,Reversible Encryption,yes,Windows,DET0589,AN1621,Active Directory Object Modification; Command Execution; Process Creation,,not-covered,0,
TA0003,Persistence,1,T1556,Modify Authentication Process,T1556.006,Multi-Factor Authentication,yes,IaaS; Identity Provider; Linux; macOS; Office Suite; SaaS; Windows,DET0190,AN0543; AN0544; AN0545; AN0546; AN0547; AN0548; AN0549,Active Directory Object Modification; Application Log Content; Cloud Service Modification; File Modification; Script Execution; User Account Authentication; User Account Modification,Cloud Service Modification,not-covered,0,
TA0003,Persistence,1,T1556,Modify Authentication Process,T1556.007,Hybrid Identity,yes,IaaS; Identity Provider; Office Suite; SaaS; Windows,DET0293,AN0814; AN0815; AN0816; AN0817; AN0818,Active Directory Object Modification; Application Log Content; Cloud Service Modification; Logon Session Creation; Module Load; User Account Modification,Cloud Service Modification; Module Load,blocked-telemetry,0,
TA0003,Persistence,1,T1556,Modify Authentication Process,T1556.008,Network Provider DLL,yes,Windows,DET0580,AN1598,File Creation; Module Load; Process Access; Windows Registry Key Modification,Module Load; Process Access,blocked-telemetry,0,
TA0003,Persistence,1,T1556,Modify Authentication Process,T1556.009,Conditional Access Policies,yes,IaaS; Identity Provider,DET0030,AN0087; AN0088,Active Directory Object Modification; Application Log Content; Cloud Service Modification,Cloud Service Modification,out-of-scope,0,
TA0003,Persistence,1,T1653,Power Settings,,,yes,Windows; Linux; macOS; Network Devices,DET0417,AN1174; AN1175; AN1176,Command Execution; File Modification; Process Creation,,not-covered,0,
TA0003,Persistence,1,T1668,Exclusive Control,,,yes,Linux; macOS; Windows,DET0015,AN0045; AN0046; AN0047,Command Execution; Process Creation; Process Termination,Process Termination,blocked-telemetry,0,
TA0003,Persistence,1,T1671,Cloud Application Integration,,,yes,Office Suite; SaaS,DET0539,AN1487; AN1488,Active Directory Object Modification; Application Log Content; Cloud Service Modification,Cloud Service Modification,out-of-scope,0,
TA0004,Privilege Escalation,1,T1037,Boot or Logon Initialization Scripts,,,no,ESXi; Linux; macOS; Network Devices; Windows,DET0112,AN0311; AN0312; AN0313; AN0314; AN0315,File Access; File Metadata; File Modification; Process Creation; Scheduled Job Creation; Script Execution; Service Metadata; Windows Registry Key Modification,,parent,0,
TA0004,Privilege Escalation,1,T1037,Boot or Logon Initialization Scripts,T1037.001,Logon Script (Windows),yes,Windows,DET0072,AN0199,File Access; Logon Session Creation; Process Creation; Script Execution,,covered,1,techniques/T1037-boot-or-logon-initialization-scripts/T1037.001-logon-script-windows/logon-script-registered-in-the-user-hive.yaml
TA0004,Privilege Escalation,1,T1037,Boot or Logon Initialization Scripts,T1037.002,Login Hook,yes,macOS,DET0244,AN0682,File Modification; Process Creation,,not-covered,0,
TA0004,Privilege Escalation,1,T1037,Boot or Logon Initialization Scripts,T1037.003,Network Logon Script,yes,Windows,DET0367,AN1034,Network Share Access; Process Creation; Script Execution,,covered,1,techniques/T1037-boot-or-logon-initialization-scripts/T1037.003-network-logon-script/logon-script-served-from-a-network-share.yaml
TA0004,Privilege Escalation,1,T1037,Boot or Logon Initialization Scripts,T1037.004,RC Scripts,yes,macOS; Linux; Network Devices; ESXi,DET0237,AN0658; AN0659; AN0660; AN0661,Command Execution; File Creation; File Modification; Process Creation; Script Execution,,not-covered,0,
TA0004,Privilege Escalation,1,T1037,Boot or Logon Initialization Scripts,T1037.005,Startup Items,yes,macOS,DET0429,AN1197,File Creation; Process Creation,,not-covered,0,
TA0004,Privilege Escalation,1,T1053,Scheduled Task/Job,,,no,Containers; ESXi; Linux; macOS; Network Devices; Windows,DET0094,AN0258; AN0259; AN0260; AN0261; AN0262,Command Execution; File Creation; File Modification; Process Creation; Scheduled Job Creation,,parent,0,
TA0004,Privilege Escalation,1,T1053,Scheduled Task/Job,T1053.002,At,yes,Windows; Linux; macOS,DET0333,AN0943; AN0944; AN0945,Command Execution; File Modification; Process Creation; Scheduled Job Creation,,covered,1,techniques/T1053-scheduled-task-job/T1053.002-at/at-command-used-to-schedule-execution.yaml
TA0004,Privilege Escalation,1,T1053,Scheduled Task/Job,T1053.003,Cron,yes,Linux; macOS; ESXi,DET0290,AN0805; AN0806; AN0807,File Modification; Process Creation; Scheduled Job Creation,,covered,1,techniques/T1053-scheduled-task-job/T1053.003-cron/cron-job-created-for-untrusted-payload.yaml
TA0004,Privilege Escalation,1,T1053,Scheduled Task/Job,T1053.005,Scheduled Task,yes,Windows,DET0441,AN1221,File Creation; Process Creation; Scheduled Job Creation; Scheduled Job Modification; Windows Registry Key Modification,,covered,1,techniques/T1053-scheduled-task-job/T1053.005-scheduled-task/scheduled-task-created-for-untrusted-payload.yaml
TA0004,Privilege Escalation,1,T1053,Scheduled Task/Job,T1053.006,Systemd Timers,yes,Linux,DET0231,AN0645,File Creation; Process Creation; Scheduled Job Creation,,covered,1,techniques/T1053-scheduled-task-job/T1053.006-systemd-timers/systemd-timer-created-for-untrusted-payload.yaml
TA0004,Privilege Escalation,1,T1053,Scheduled Task/Job,T1053.007,Container Orchestration Job,yes,Containers,DET0206,AN0582,Container Creation; Network Traffic Content; Scheduled Job Creation,Container Creation,out-of-scope,0,
TA0004,Privilege Escalation,1,T1055,Process Injection,,,no,Linux; macOS; Windows,DET0508,AN1399; AN1400; AN1401,File Access; Module Load; OS API Execution; Process Access; Process Creation; Process Metadata; Process Modification,Module Load; OS API Execution; Process Access; Process Modification,parent,0,
TA0004,Privilege Escalation,1,T1055,Process Injection,T1055.001,Dynamic-link Library Injection,yes,Windows,DET0389,AN1095,Module Load; Named Pipe Metadata; Process Access; Process Creation,Module Load; Named Pipe Metadata; Process Access,blocked-telemetry,0,
TA0004,Privilege Escalation,1,T1055,Process Injection,T1055.002,Portable Executable Injection,yes,Windows,DET0106,AN0297,File Creation; Process Access; Process Creation; Process Modification,Process Access; Process Modification,blocked-telemetry,0,
TA0004,Privilege Escalation,1,T1055,Process Injection,T1055.003,Thread Execution Hijacking,yes,Windows,DET0295,AN0822,OS API Execution; Process Access; Process Creation; Process Modification,OS API Execution; Process Access; Process Modification,blocked-telemetry,0,
TA0004,Privilege Escalation,1,T1055,Process Injection,T1055.004,Asynchronous Procedure Call,yes,Windows,DET0100,AN0277,OS API Execution; Process Access; Process Creation; Process Modification,OS API Execution; Process Access; Process Modification,blocked-telemetry,0,
TA0004,Privilege Escalation,1,T1055,Process Injection,T1055.005,Thread Local Storage,yes,Windows,DET0467,AN1289,Module Load; OS API Execution; Process Access; Process Modification,Module Load; OS API Execution; Process Access; Process Modification,blocked-telemetry,0,
TA0004,Privilege Escalation,1,T1055,Process Injection,T1055.008,Ptrace System Calls,yes,Linux,DET0203,AN0579,OS API Execution; Process Creation; Process Metadata,OS API Execution,blocked-telemetry,0,
TA0004,Privilege Escalation,1,T1055,Process Injection,T1055.009,Proc Memory,yes,Linux,DET0541,AN1494,File Access; File Modification; OS API Execution,OS API Execution,blocked-telemetry,0,
TA0004,Privilege Escalation,1,T1055,Process Injection,T1055.011,Extra Window Memory Injection,yes,Windows,DET0217,AN0608,OS API Execution; Process Access; Process Creation,OS API Execution; Process Access,blocked-telemetry,0,
TA0004,Privilege Escalation,1,T1055,Process Injection,T1055.012,Process Hollowing,yes,Windows,DET0382,AN1076,OS API Execution; Process Access; Process Creation; Process Modification,OS API Execution; Process Access; Process Modification,blocked-telemetry,0,
TA0004,Privilege Escalation,1,T1055,Process Injection,T1055.013,Process Doppelgänging,yes,Windows,DET0544,AN1501,File Creation; OS API Execution; Process Access; Process Creation,OS API Execution; Process Access,blocked-telemetry,0,
TA0004,Privilege Escalation,1,T1055,Process Injection,T1055.014,VDSO Hijacking,yes,Linux,DET0448,AN1241,Module Load; OS API Execution; Process Creation; Process Modification,Module Load; OS API Execution; Process Modification,blocked-telemetry,0,
TA0004,Privilege Escalation,1,T1055,Process Injection,T1055.015,ListPlanting,yes,Windows,DET0331,AN0941,OS API Execution; Process Access; Process Creation; Process Modification,OS API Execution; Process Access; Process Modification,blocked-telemetry,0,
TA0004,Privilege Escalation,1,T1068,Exploitation for Privilege Escalation,,,yes,Containers; Linux; macOS; Windows,DET0514,AN1419; AN1420; AN1421; AN1422,Container Enumeration; Driver Load; Logon Session Creation; Logon Session Metadata; Module Load; Process Access; Process Creation,Container Enumeration; Driver Load; Module Load; Process Access,blocked-telemetry,0,
TA0004,Privilege Escalation,1,T1078,Valid Accounts,,,no,Containers; ESXi; IaaS; Identity Provider; Linux; macOS; Network Devices; Office Suite; SaaS; Windows,DET0560,AN1543; AN1544; AN1545; AN1546; AN1547,Logon Session Creation; Logon Session Metadata; Process Creation; User Account Authentication,,parent,0,
TA0004,Privilege Escalation,1,T1078,Valid Accounts,T1078.001,Default Accounts,yes,Containers; ESXi; IaaS; Identity Provider; Linux; macOS; Network Devices; Office Suite; SaaS; Windows,DET0465,AN1283; AN1284; AN1285; AN1286; AN1287,Logon Session Creation; Logon Session Metadata; User Account Authentication,,covered,1,techniques/T1078-valid-accounts/T1078.001-default-accounts/default-account-used-to-authenticate.yaml
TA0004,Privilege Escalation,1,T1078,Valid Accounts,T1078.002,Domain Accounts,yes,ESXi; Linux; macOS; Windows,DET0210,AN0590; AN0591; AN0592; AN0593,Logon Session Metadata; Network Connection Creation; Process Creation; User Account Authentication,,not-covered,0,
TA0004,Privilege Escalation,1,T1078,Valid Accounts,T1078.003,Local Accounts,yes,Containers; ESXi; Linux; macOS; Network Devices; Windows,DET0407,AN1137; AN1138; AN1139,Logon Session Creation; Logon Session Metadata; User Account Authentication,,not-covered,0,
TA0004,Privilege Escalation,1,T1078,Valid Accounts,T1078.004,Cloud Accounts,yes,IaaS; Identity Provider; Office Suite; SaaS,DET0546,AN1503; AN1504; AN1505; AN1506,Logon Session Creation; Logon Session Metadata; User Account Authentication,,out-of-scope,0,
TA0004,Privilege Escalation,1,T1098,Account Manipulation,,,no,Containers; ESXi; IaaS; Identity Provider; Linux; macOS; Network Devices; Office Suite; SaaS; Windows,DET0096,AN0265; AN0266; AN0267; AN0268; AN0269; AN0270,Active Directory Object Modification; File Modification; Process Creation; User Account Modification,,parent,0,
TA0004,Privilege Escalation,1,T1098,Account Manipulation,T1098.001,Additional Cloud Credentials,yes,IaaS; Identity Provider; SaaS,DET0531,AN1469; AN1470; AN1471,Active Directory Object Creation; Active Directory Object Modification; User Account Modification,,out-of-scope,0,
TA0004,Privilege Escalation,1,T1098,Account Manipulation,T1098.002,Additional Email Delegate Permissions,yes,Windows; Office Suite,DET0373,AN1051; AN1052,Application Log Content; Process Creation; User Account Modification,,not-covered,0,
TA0004,Privilege Escalation,1,T1098,Account Manipulation,T1098.003,Additional Cloud Roles,yes,IaaS; Identity Provider; Office Suite; SaaS,DET0277,AN0771; AN0772; AN0773,User Account Modification,,out-of-scope,0,
TA0004,Privilege Escalation,1,T1098,Account Manipulation,T1098.004,SSH Authorized Keys,yes,ESXi; IaaS; Linux; macOS; Network Devices,DET0126,AN0350; AN0351; AN0352; AN0353; AN0354,Command Execution; File Modification; Process Creation,,covered,1,techniques/T1098-account-manipulation/T1098.004-ssh-authorized-keys/authorized-keys-modified-for-persistence.yaml
TA0004,Privilege Escalation,1,T1098,Account Manipulation,T1098.005,Device Registration,yes,Windows; Identity Provider,DET0036,AN0103; AN0104,Active Directory Object Creation; Application Log Content; User Account Modification,,not-covered,0,
TA0004,Privilege Escalation,1,T1098,Account Manipulation,T1098.006,Additional Container Cluster Roles,yes,Containers,DET0572,AN1579,User Account Modification,,out-of-scope,0,
TA0004,Privilege Escalation,1,T1098,Account Manipulation,T1098.007,Additional Local or Domain Groups,yes,Windows; macOS; Linux,DET0310,AN0865; AN0866; AN0867,User Account Modification,,covered,1,techniques/T1098-account-manipulation/T1098.007-additional-local-or-domain-groups/privileged-group-membership-granted.yaml
TA0004,Privilege Escalation,1,T1134,Access Token Manipulation,,,no,Windows,DET0283,AN0786,Active Directory Object Modification; Logon Session Metadata; OS API Execution; Process Access; Process Creation,OS API Execution; Process Access,parent,0,
TA0004,Privilege Escalation,1,T1134,Access Token Manipulation,T1134.001,Token Impersonation/Theft,yes,Windows,DET0482,AN1324,OS API Execution; Process Access; Process Creation,OS API Execution; Process Access,blocked-telemetry,0,
TA0004,Privilege Escalation,1,T1134,Access Token Manipulation,T1134.002,Create Process with Token,yes,Windows,DET0456,AN1253,Active Directory Object Modification; Logon Session Metadata; OS API Execution; Process Access; Process Creation,OS API Execution; Process Access,blocked-telemetry,0,
TA0004,Privilege Escalation,1,T1134,Access Token Manipulation,T1134.003,Make and Impersonate Token,yes,Windows,DET0498,AN1375,Logon Session Metadata; OS API Execution; Process Creation,OS API Execution,blocked-telemetry,0,
TA0004,Privilege Escalation,1,T1134,Access Token Manipulation,T1134.004,Parent PID Spoofing,yes,Windows,DET0489,AN1351,OS API Execution; Process Creation; Process Metadata,OS API Execution,blocked-telemetry,0,
TA0004,Privilege Escalation,1,T1134,Access Token Manipulation,T1134.005,SID-History Injection,yes,Windows,DET0136,AN0383,Active Directory Object Modification; OS API Execution; User Account Metadata,OS API Execution,blocked-telemetry,0,
TA0004,Privilege Escalation,1,T1484,Domain or Tenant Policy Modification,,,no,Windows; Identity Provider,DET0270,AN0755; AN0756,Active Directory Object Modification; Application Log Content; File Modification; Process Creation; User Account Authentication,,parent,0,
TA0004,Privilege Escalation,1,T1484,Domain or Tenant Policy Modification,T1484.001,Group Policy Modification,yes,Windows,DET0305,AN0854,Active Directory Object Modification; File Creation; File Modification; Process Creation; User Account Modification,,covered,1,techniques/T1484-domain-or-tenant-policy-modification/T1484.001-group-policy-modification/group-policy-modified-to-distribute-execution.yaml
TA0004,Privilege Escalation,1,T1484,Domain or Tenant Policy Modification,T1484.002,Trust Modification,yes,Identity Provider; Windows,DET0458,AN1259; AN1260,Active Directory Object Modification; Application Log Content; Command Execution; Process Creation; User Account Modification,,not-covered,0,
TA0004,Privilege Escalation,1,T1543,Create or Modify System Process,,,no,Containers; Linux; macOS; Windows,DET0571,AN1575; AN1576; AN1577; AN1578,Command Execution; Container Creation; File Modification; Process Creation; Service Creation; Windows Registry Key Modification,Container Creation,parent,0,
TA0004,Privilege Escalation,1,T1543,Create or Modify System Process,T1543.001,Launch Agent,yes,macOS,DET0434,AN1208,Command Execution; File Creation; File Modification; Service Creation,,not-covered,0,
TA0004,Privilege Escalation,1,T1543,Create or Modify System Process,T1543.002,Systemd Service,yes,Linux,DET0253,AN0701,Command Execution; File Creation; File Modification; Process Creation; Service Creation,,covered,1,techniques/T1543-create-or-modify-system-process/T1543.002-systemd-service/systemd-unit-installed-for-untrusted-binary.yaml
TA0004,Privilege Escalation,1,T1543,Create or Modify System Process,T1543.003,Windows Service,yes,Windows,DET0552,AN1527,Driver Load; Process Creation; Service Creation; Windows Registry Key Modification,Driver Load,covered,1,techniques/T1543-create-or-modify-system-process/T1543.003-windows-service/service-created-for-untrusted-binary.yaml
TA0004,Privilege Escalation,1,T1543,Create or Modify System Process,T1543.004,Launch Daemon,yes,macOS,DET0401,AN1126,File Creation; File Modification; Process Creation; Service Creation,,not-covered,0,
TA0004,Privilege Escalation,1,T1543,Create or Modify System Process,T1543.005,Container Service,yes,Containers,DET0473,AN1304,Container Creation; Pod Creation; Process Creation; Service Creation,Container Creation; Pod Creation,out-of-scope,0,
TA0004,Privilege Escalation,1,T1546,Event Triggered Execution,,,no,Linux; macOS; Windows; SaaS; IaaS; Office Suite,DET0010,AN0024; AN0025; AN0026; AN0027; AN0028; AN0029,Cloud Service Modification; Command Execution; File Metadata; File Modification; Network Traffic Content; Process Creation; Scheduled Job Creation; Script Execution; WMI Creation; Windows Registry Key Modification,Cloud Service Modification,parent,0,
TA0004,Privilege Escalation,1,T1546,Event Triggered Execution,T1546.001,Change Default File Association,yes,Windows,DET0061,AN0170,Logon Session Metadata; Process Creation; Windows Registry Key Modification,,covered,1,techniques/T1546-event-triggered-execution/T1546.001-change-default-file-association/file-association-redirected-to-an-interpreter.yaml
TA0004,Privilege Escalation,1,T1546,Event Triggered Execution,T1546.002,Screensaver,yes,Windows,DET0154,AN0441,Process Creation; Windows Registry Key Modification,,not-covered,0,
TA0004,Privilege Escalation,1,T1546,Event Triggered Execution,T1546.003,Windows Management Instrumentation Event Subscription,yes,Windows,DET0086,AN0236,Module Load; Process Creation; WMI Creation,Module Load,covered,1,techniques/T1546-event-triggered-execution/T1546.003-wmi-event-subscription/wmi-event-subscription-persistence.yaml
TA0004,Privilege Escalation,1,T1546,Event Triggered Execution,T1546.004,Unix Shell Configuration Modification,yes,Linux; macOS,DET0020,AN0059; AN0060,File Modification; Network Traffic Content; Process Creation,,covered,1,techniques/T1546-event-triggered-execution/T1546.004-unix-shell-configuration-modification/shell-profile-modified-for-persistence.yaml
TA0004,Privilege Escalation,1,T1546,Event Triggered Execution,T1546.005,Trap,yes,macOS; Linux,DET0369,AN1038; AN1039,File Access; File Modification; Process Creation,,not-covered,0,
TA0004,Privilege Escalation,1,T1546,Event Triggered Execution,T1546.006,LC_LOAD_DYLIB Addition,yes,macOS,DET0216,AN0607,File Metadata; File Modification; Module Load,Module Load,blocked-telemetry,0,
TA0004,Privilege Escalation,1,T1546,Event Triggered Execution,T1546.007,Netsh Helper DLL,yes,Windows,DET0575,AN1588,Module Load; Process Creation; Windows Registry Key Modification,Module Load,blocked-telemetry,0,
TA0004,Privilege Escalation,1,T1546,Event Triggered Execution,T1546.008,Accessibility Features,yes,Windows,DET0033,AN0094,File Creation; File Metadata; Process Creation; Windows Registry Key Modification,,covered,1,techniques/T1546-event-triggered-execution/T1546.008-accessibility-features/accessibility-binary-replaced-or-debugged.yaml
TA0004,Privilege Escalation,1,T1546,Event Triggered Execution,T1546.009,AppCert DLLs,yes,Windows,DET0362,AN1029,Module Load; Process Creation; Windows Registry Key Modification,Module Load,blocked-telemetry,0,
TA0004,Privilege Escalation,1,T1546,Event Triggered Execution,T1546.010,AppInit DLLs,yes,Windows,DET0557,AN1536,Module Load; Process Creation; Windows Registry Key Modification,Module Load,blocked-telemetry,0,
TA0004,Privilege Escalation,1,T1546,Event Triggered Execution,T1546.011,Application Shimming,yes,Windows,DET0017,AN0051,File Creation; Module Load; Process Creation; Windows Registry Key Modification,Module Load,blocked-telemetry,0,
TA0004,Privilege Escalation,1,T1546,Event Triggered Execution,T1546.012,Image File Execution Options Injection,yes,Windows,DET0422,AN1186,Process Access; Process Creation; Windows Registry Key Creation; Windows Registry Key Modification,Process Access,blocked-telemetry,0,
TA0004,Privilege Escalation,1,T1546,Event Triggered Execution,T1546.013,PowerShell Profile,yes,Windows,DET0451,AN1245,Command Execution; File Creation; File Modification; Process Creation,,covered,1,techniques/T1546-event-triggered-execution/T1546.013-powershell-profile/powershell-profile-modified-for-persistence.yaml
TA0004,Privilege Escalation,1,T1546,Event Triggered Execution,T1546.014,Emond,yes,macOS,DET0555,AN1534,Command Execution; File Creation; File Modification; Process Creation,,not-covered,0,
TA0004,Privilege Escalation,1,T1546,Event Triggered Execution,T1546.015,Component Object Model Hijacking,yes,Windows,DET0481,AN1323,Module Load; Process Creation; Windows Registry Key Modification,Module Load,blocked-telemetry,0,
TA0004,Privilege Escalation,1,T1546,Event Triggered Execution,T1546.016,Installer Packages,yes,Linux; macOS; Windows,DET0330,AN0938; AN0939; AN0940,File Creation; Process Creation,,covered,1,techniques/T1546-event-triggered-execution/T1546.016-installer-packages/installer-package-used-for-triggered-execution.yaml
TA0004,Privilege Escalation,1,T1546,Event Triggered Execution,T1546.017,Udev Rules,yes,Linux,DET0375,AN1056,Command Execution; File Modification; Process Creation,,not-covered,0,
TA0004,Privilege Escalation,1,T1546,Event Triggered Execution,T1546.018,Python Startup Hooks,yes,Linux; macOS; Windows,DET0258,AN0713,File Metadata; File Modification; Network Traffic Content; Process Creation,,not-covered,0,
TA0004,Privilege Escalation,1,T1547,Boot or Logon Autostart Execution,,,no,Linux; macOS; Windows; Network Devices,DET0274,AN0764; AN0765; AN0766,File Creation; File Modification; Process Creation; Service Metadata; Windows Registry Key Modification,,parent,0,
TA0004,Privilege Escalation,1,T1547,Boot or Logon Autostart Execution,T1547.001,Registry Run Keys / Startup Folder,yes,Windows,DET0365,AN1032,File Creation; Process Creation; Windows Registry Key Modification,,covered,1,techniques/T1547-boot-or-logon-autostart-execution/T1547.001-registry-run-keys-startup-folder/run-key-pointing-to-user-writable-payload.yaml
TA0004,Privilege Escalation,1,T1547,Boot or Logon Autostart Execution,T1547.002,Authentication Package,yes,Windows,DET0207,AN0583,Module Load; Windows Registry Key Modification,Module Load,blocked-telemetry,0,
TA0004,Privilege Escalation,1,T1547,Boot or Logon Autostart Execution,T1547.003,Time Providers,yes,Windows,DET0122,AN0341,File Creation; Module Load; Process Creation; Windows Registry Key Modification,Module Load,blocked-telemetry,0,
TA0004,Privilege Escalation,1,T1547,Boot or Logon Autostart Execution,T1547.004,Winlogon Helper DLL,yes,Windows,DET0404,AN1133,Module Load; Process Creation; Windows Registry Key Access; Windows Registry Key Modification,Module Load,blocked-telemetry,0,
TA0004,Privilege Escalation,1,T1547,Boot or Logon Autostart Execution,T1547.005,Security Support Provider,yes,Windows,DET0542,AN1495,Module Load; Process Creation; Windows Registry Key Modification,Module Load,blocked-telemetry,0,
TA0004,Privilege Escalation,1,T1547,Boot or Logon Autostart Execution,T1547.006,Kernel Modules and Extensions,yes,macOS; Linux,DET0450,AN1243; AN1244,Command Execution; File Creation; File Modification; Kernel Module Load; Process Creation,Kernel Module Load,not-covered,0,
TA0004,Privilege Escalation,1,T1547,Boot or Logon Autostart Execution,T1547.007,Re-opened Applications,yes,macOS,DET0125,AN0349,File Metadata; File Modification; Logon Session Metadata; Process Creation,,not-covered,0,
TA0004,Privilege Escalation,1,T1547,Boot or Logon Autostart Execution,T1547.008,LSASS Driver,yes,Windows,DET0225,AN0629,Driver Load; File Creation; File Modification; Module Load; Windows Registry Key Creation; Windows Registry Key Modification,Driver Load; Module Load,blocked-telemetry,0,
TA0004,Privilege Escalation,1,T1547,Boot or Logon Autostart Execution,T1547.009,Shortcut Modification,yes,Windows,DET0180,AN0510,File Creation; File Metadata; File Modification; Process Creation,,covered,1,techniques/T1547-boot-or-logon-autostart-execution/T1547.009-shortcut-modification/startup-shortcut-repointed-to-payload.yaml
TA0004,Privilege Escalation,1,T1547,Boot or Logon Autostart Execution,T1547.010,Port Monitors,yes,Windows,DET0204,AN0580,File Creation; Module Load; OS API Execution; Process Creation; Windows Registry Key Modification,Module Load; OS API Execution,blocked-telemetry,0,
TA0004,Privilege Escalation,1,T1547,Boot or Logon Autostart Execution,T1547.012,Print Processors,yes,Windows,DET0026,AN0074,File Creation; Module Load; Process Access; Windows Registry Key Modification,Module Load; Process Access,blocked-telemetry,0,
TA0004,Privilege Escalation,1,T1547,Boot or Logon Autostart Execution,T1547.013,XDG Autostart Entries,yes,Linux,DET0390,AN1096,File Access; File Creation; File Metadata; Logon Session Creation; Process Creation,,not-covered,0,
TA0004,Privilege Escalation,1,T1547,Boot or Logon Autostart Execution,T1547.014,Active Setup,yes,Windows,DET0312,AN0871,Logon Session Metadata; Process Creation; Windows Registry Key Creation; Windows Registry Key Modification,,covered,1,techniques/T1547-boot-or-logon-autostart-execution/T1547.014-active-setup/active-setup-command-registered.yaml
TA0004,Privilege Escalation,1,T1547,Boot or Logon Autostart Execution,T1547.015,Login Items,yes,macOS,DET0121,AN0340,File Modification; OS API Execution; Process Creation; Script Execution,OS API Execution,blocked-telemetry,0,
TA0004,Privilege Escalation,1,T1548,Abuse Elevation Control Mechanism,,,no,Linux; macOS; Windows; IaaS; Office Suite; Identity Provider,DET0345,AN0975; AN0976; AN0977; AN0978; AN0979,File Metadata; Logon Session Metadata; OS API Execution; Process Creation; Process Metadata; User Account Modification; Windows Registry Key Modification,OS API Execution,parent,0,
TA0004,Privilege Escalation,1,T1548,Abuse Elevation Control Mechanism,T1548.001,Setuid and Setgid,yes,Linux; macOS,DET0110,AN0307; AN0308,Command Execution; Process Creation; Process Metadata,,not-covered,0,
TA0004,Privilege Escalation,1,T1548,Abuse Elevation Control Mechanism,T1548.002,Bypass User Account Control,yes,Windows,DET0388,AN1094,Logon Session Metadata; Module Load; Process Access; Process Creation; Windows Registry Key Modification,Module Load; Process Access,covered,1,techniques/T1548-abuse-elevation-control-mechanism/T1548.002-bypass-user-account-control/uac-bypass-via-auto-elevated-binary.yaml
TA0004,Privilege Escalation,1,T1548,Abuse Elevation Control Mechanism,T1548.003,Sudo and Sudo Caching,yes,Linux; macOS,DET0052,AN0142; AN0143,Command Execution; File Modification; Process Metadata; Process Termination,Process Termination,covered,1,techniques/T1548-abuse-elevation-control-mechanism/T1548.003-sudo-and-sudo-caching/sudo-configuration-weakened.yaml
TA0004,Privilege Escalation,1,T1548,Abuse Elevation Control Mechanism,T1548.004,Elevated Execution with Prompt,yes,macOS,DET0395,AN1111,OS API Execution; Process Creation; User Account Authentication,OS API Execution,blocked-telemetry,0,
TA0004,Privilege Escalation,1,T1548,Abuse Elevation Control Mechanism,T1548.005,Temporary Elevated Cloud Access,yes,IaaS; Office Suite; Identity Provider,DET0393,AN1105; AN1106; AN1107,Application Log Content; User Account Authentication; User Account Metadata,,out-of-scope,0,
TA0004,Privilege Escalation,1,T1548,Abuse Elevation Control Mechanism,T1548.006,TCC Manipulation,yes,macOS,DET0534,AN1474,Command Execution; File Modification; Host Status; Process Creation,Host Status,blocked-telemetry,0,
TA0004,Privilege Escalation,1,T1611,Escape to Host,,,yes,Windows; Linux; Containers; ESXi,DET0219,AN0612; AN0613; AN0614; AN0615,Container Creation; File Creation; Kernel Module Load; OS API Execution; Process Creation; Volume Modification,Container Creation; Kernel Module Load; OS API Execution; Volume Modification,not-covered,0,
TA0005,Stealth,1,T1006,Direct Volume Access,,,yes,Network Devices; Windows,DET0426,AN1193; AN1194,Command Execution; Process Access; Process Creation,Process Access,blocked-telemetry,0,
TA0005,Stealth,1,T1014,Rootkit,,,yes,Linux; macOS; Windows,DET0377,AN1061; AN1062; AN1063,Driver Load; File Creation; File Modification; Module Load; Process Creation; Service Creation,Driver Load; Module Load,blocked-telemetry,0,
TA0005,Stealth,1,T1027,Obfuscated Files or Information,,,no,ESXi; Linux; macOS; Network Devices; Windows,DET0378,AN1064; AN1065; AN1066; AN1067; AN1068,Command Execution; File Creation; File Metadata; File Modification; Network Traffic Content; OS API Execution; Process Creation,OS API Execution,parent,0,
TA0005,Stealth,1,T1027,Obfuscated Files or Information,T1027.001,Binary Padding,yes,Linux; macOS; Windows,DET0553,AN1528; AN1529; AN1530,File Access; File Creation; Process Creation,,not-covered,0,
TA0005,Stealth,1,T1027,Obfuscated Files or Information,T1027.002,Software Packing,yes,Linux; macOS; Windows,DET0023,AN0066; AN0067; AN0068,Process Access; Process Creation; Process Modification,Process Access; Process Modification,blocked-telemetry,0,
TA0005,Stealth,1,T1027,Obfuscated Files or Information,T1027.003,Steganography,yes,Linux; macOS; Windows,DET0119,AN0331; AN0332; AN0333,File Access; Network Connection Creation; Process Creation,,not-covered,0,
TA0005,Stealth,1,T1027,Obfuscated Files or Information,T1027.004,Compile After Delivery,yes,Linux; macOS; Windows,DET0501,AN1381; AN1382; AN1383,File Creation; Network Connection Creation; Process Creation,,covered,1,techniques/T1027-obfuscated-files-or-information/T1027.004-compile-after-delivery/source-compiled-on-the-endpoint.yaml
TA0005,Stealth,1,T1027,Obfuscated Files or Information,T1027.005,Indicator Removal from Tools,yes,Linux; macOS; Windows,DET0189,AN0540; AN0541; AN0542,Application Log Content; File Creation; File Metadata; Process Creation; Process Modification,Process Modification,covered,1,techniques/T1027-obfuscated-files-or-information/T1027.005-indicator-removal-from-tools/tooling-rebuilt-after-detection.yaml
TA0005,Stealth,1,T1027,Obfuscated Files or Information,T1027.006,HTML Smuggling,yes,Linux; macOS; Windows,DET0313,AN0872; AN0873; AN0874,File Creation; File Metadata; Network Traffic Content; Process Creation,,covered,1,techniques/T1027-obfuscated-files-or-information/T1027.006-html-smuggling/html-smuggled-payload-assembled-locally.yaml
TA0005,Stealth,1,T1027,Obfuscated Files or Information,T1027.007,Dynamic API Resolution,yes,Windows,DET0091,AN0250,Module Load; OS API Execution; Process Creation,Module Load; OS API Execution,blocked-telemetry,0,
TA0005,Stealth,1,T1027,Obfuscated Files or Information,T1027.008,Stripped Payloads,yes,Linux; macOS; Network Devices; Windows,DET0019,AN0055; AN0056; AN0057; AN0058,File Creation; File Metadata; File Modification; Network Traffic Content; Process Creation,,not-covered,0,
TA0005,Stealth,1,T1027,Obfuscated Files or Information,T1027.009,Embedded Payloads,yes,Linux; macOS; Windows,DET0214,AN0599; AN0600; AN0601,File Access; File Creation; File Metadata; File Modification; Process Creation,,covered,1,techniques/T1027-obfuscated-files-or-information/T1027.009-embedded-payloads/payload-carved-out-of-a-carrier-file.yaml
TA0005,Stealth,1,T1027,Obfuscated Files or Information,T1027.010,Command Obfuscation,yes,Linux; macOS; Windows,DET0505,AN1394; AN1395; AN1396,Command Execution; Process Creation,,covered,2,techniques/T1027-obfuscated-files-or-information/T1027.010-command-obfuscation/character-substitution-obfuscated-command.yaml; techniques/T1027-obfuscated-files-or-information/T1027.010-command-obfuscation/encoded-powershell-command.yaml
TA0005,Stealth,1,T1027,Obfuscated Files or Information,T1027.011,Fileless Storage,yes,Linux; Windows,DET0344,AN0973; AN0974,File Creation; File Metadata; WMI Creation; Windows Registry Key Modification,,covered,1,techniques/T1027-obfuscated-files-or-information/T1027.011-fileless-storage/payload-stored-in-registry-value.yaml
TA0005,Stealth,1,T1027,Obfuscated Files or Information,T1027.012,LNK Icon Smuggling,yes,Windows,DET0405,AN1134,File Metadata; Network Connection Creation; Process Creation,,covered,1,techniques/T1027-obfuscated-files-or-information/T1027.012-lnk-icon-smuggling/shortcut-disguised-by-borrowed-icon.yaml
TA0005,Stealth,1,T1027,Obfuscated Files or Information,T1027.013,Encrypted/Encoded File,yes,Linux; macOS; Windows,DET0087,AN0237; AN0238; AN0239,Command Execution; Module Load; Network Connection Creation; Process Access; Process Creation; Process Modification,Module Load; Process Access; Process Modification,not-covered,0,
TA0005,Stealth,1,T1027,Obfuscated Files or Information,T1027.014,Polymorphic Code,yes,Linux; macOS; Windows,DET0324,AN0919; AN0920; AN0921,File Creation; File Modification; Module Load; Process Access; Process Creation; Process Metadata; Process Modification,Module Load; Process Access; Process Modification,blocked-telemetry,0,
TA0005,Stealth,1,T1027,Obfuscated Files or Information,T1027.015,Compression,yes,Linux; macOS; Windows,DET0281,AN0782; AN0783; AN0784,File Access; File Creation; File Metadata; File Modification; Process Creation,,covered,1,techniques/T1027-obfuscated-files-or-information/T1027.015-compression/payload-compressed-to-evade-inspection.yaml
TA0005,Stealth,1,T1027,Obfuscated Files or Information,T1027.016,Junk Code Insertion,yes,Linux; macOS; Windows,DET0322,AN0913; AN0914; AN0915,File Creation; Process Access; Process Creation; Process Modification,Process Access; Process Modification,blocked-telemetry,0,
TA0005,Stealth,1,T1027,Obfuscated Files or Information,T1027.017,SVG Smuggling,yes,Linux; macOS; Windows,DET0510,AN1407; AN1408; AN1409,File Creation; File Modification; Network Connection Creation; Network Traffic Content; Process Creation,,covered,1,techniques/T1027-obfuscated-files-or-information/T1027.017-svg-smuggling/svg-delivered-payload-assembled-locally.yaml
TA0005,Stealth,1,T1027,Obfuscated Files or Information,T1027.018,Invisible Unicode,yes,Linux; macOS; Windows,DET0920,AN2063; AN2064; AN2065,Command Execution; File Access; File Creation; File Metadata; Module Load; Network Connection Creation; Process Creation; Script Execution,Module Load,not-covered,0,
TA0005,Stealth,1,T1036,Masquerading,,,no,Containers; ESXi; Linux; macOS; Windows,DET0127,AN0355; AN0356; AN0357; AN0358; AN0359,Command Execution; File Metadata; File Modification; Image Metadata; Process Creation; Process Metadata; Service Creation; Service Metadata,,parent,0,
TA0005,Stealth,1,T1036,Masquerading,T1036.001,Invalid Code Signature,yes,macOS; Windows,DET0031,AN0089; AN0090,Command Execution; File Metadata; File Modification; Process Creation,,covered,1,techniques/T1036-masquerading/T1036.001-invalid-code-signature/invalid-or-copied-code-signature-executed.yaml
TA0005,Stealth,1,T1036,Masquerading,T1036.002,Right-to-Left Override,yes,Linux; macOS; Windows,DET0527,AN1461; AN1462; AN1463,Command Execution; File Access; File Metadata; Process Creation,,covered,1,techniques/T1036-masquerading/T1036.002-right-to-left-override/right-to-left-override-in-filename.yaml
TA0005,Stealth,1,T1036,Masquerading,T1036.003,Rename Legitimate Utilities,yes,Linux; macOS; Windows,DET0005,AN0012; AN0013; AN0014,Command Execution; File Creation; File Metadata; File Modification; Process Creation; Process Metadata,,covered,1,techniques/T1036-masquerading/T1036.003-rename-legitimate-utilities/renamed-system-utility-execution.yaml
TA0005,Stealth,1,T1036,Masquerading,T1036.004,Masquerade Task or Service,yes,Linux; macOS; Windows,DET0117,AN0324; AN0325; AN0326,Process Creation; Scheduled Job Creation; Scheduled Job Metadata; Scheduled Job Modification; Service Creation; Service Metadata,Scheduled Job Metadata,covered,1,techniques/T1036-masquerading/T1036.004-masquerade-task-or-service/scheduled-task-or-service-masquerading-as-system.yaml
TA0005,Stealth,1,T1036,Masquerading,T1036.005,Match Legitimate Resource Name or Location,yes,Containers; ESXi; Linux; macOS; Windows,DET0347,AN0983; AN0984; AN0985; AN0986; AN0987,File Access; File Creation; File Metadata; Image Metadata; Module Load; Process Creation; Process Metadata; Process Modification; Scheduled Job Creation; Service Metadata,Module Load; Process Modification,covered,1,techniques/T1036-masquerading/T1036.005-match-legitimate-resource-name-or-location/system-binary-name-outside-system-path.yaml
TA0005,Stealth,1,T1036,Masquerading,T1036.006,Space after Filename,yes,Linux; macOS,DET0292,AN0812; AN0813,File Access; File Metadata; Process Creation,,not-covered,0,
TA0005,Stealth,1,T1036,Masquerading,T1036.007,Double File Extension,yes,Windows,DET0366,AN1033,File Creation; Process Creation,,covered,1,techniques/T1036-masquerading/T1036.007-double-file-extension/double-extension-executable-launched.yaml
TA0005,Stealth,1,T1036,Masquerading,T1036.008,Masquerade File Type,yes,Linux; macOS; Windows,DET0226,AN0630; AN0631; AN0632,File Creation; File Metadata; Process Creation,,covered,1,techniques/T1036-masquerading/T1036.008-masquerade-file-type/executable-carrying-a-document-file-type.yaml
TA0005,Stealth,1,T1036,Masquerading,T1036.009,Break Process Trees,yes,Linux; macOS,DET0443,AN1223; AN1224,OS API Execution; Process Creation,OS API Execution,blocked-telemetry,0,
TA0005,Stealth,1,T1036,Masquerading,T1036.010,Masquerade Account Name,yes,Containers; IaaS; Identity Provider; Linux; macOS; Office Suite; SaaS; Windows,DET0383,AN1077; AN1078; AN1079; AN1080,User Account Creation; User Account Metadata; User Account Modification,,not-covered,0,
TA0005,Stealth,1,T1036,Masquerading,T1036.011,Overwrite Process Arguments,yes,Linux,DET0164,AN0466,Process Metadata; Process Modification,Process Modification,blocked-telemetry,0,
TA0005,Stealth,1,T1036,Masquerading,T1036.012,Browser Fingerprint,yes,Linux; macOS; Windows,DET0898,AN2029; AN2031; AN2032,Network Connection Creation; Network Traffic Content; OS API Execution; Process Creation,OS API Execution,not-covered,0,
TA0005,Stealth,1,T1055,Process Injection,,,no,Linux; macOS; Windows,DET0508,AN1399; AN1400; AN1401,File Access; Module Load; OS API Execution; Process Access; Process Creation; Process Metadata; Process Modification,Module Load; OS API Execution; Process Access; Process Modification,parent,0,
TA0005,Stealth,1,T1055,Process Injection,T1055.001,Dynamic-link Library Injection,yes,Windows,DET0389,AN1095,Module Load; Named Pipe Metadata; Process Access; Process Creation,Module Load; Named Pipe Metadata; Process Access,blocked-telemetry,0,
TA0005,Stealth,1,T1055,Process Injection,T1055.002,Portable Executable Injection,yes,Windows,DET0106,AN0297,File Creation; Process Access; Process Creation; Process Modification,Process Access; Process Modification,blocked-telemetry,0,
TA0005,Stealth,1,T1055,Process Injection,T1055.003,Thread Execution Hijacking,yes,Windows,DET0295,AN0822,OS API Execution; Process Access; Process Creation; Process Modification,OS API Execution; Process Access; Process Modification,blocked-telemetry,0,
TA0005,Stealth,1,T1055,Process Injection,T1055.004,Asynchronous Procedure Call,yes,Windows,DET0100,AN0277,OS API Execution; Process Access; Process Creation; Process Modification,OS API Execution; Process Access; Process Modification,blocked-telemetry,0,
TA0005,Stealth,1,T1055,Process Injection,T1055.005,Thread Local Storage,yes,Windows,DET0467,AN1289,Module Load; OS API Execution; Process Access; Process Modification,Module Load; OS API Execution; Process Access; Process Modification,blocked-telemetry,0,
TA0005,Stealth,1,T1055,Process Injection,T1055.008,Ptrace System Calls,yes,Linux,DET0203,AN0579,OS API Execution; Process Creation; Process Metadata,OS API Execution,blocked-telemetry,0,
TA0005,Stealth,1,T1055,Process Injection,T1055.009,Proc Memory,yes,Linux,DET0541,AN1494,File Access; File Modification; OS API Execution,OS API Execution,blocked-telemetry,0,
TA0005,Stealth,1,T1055,Process Injection,T1055.011,Extra Window Memory Injection,yes,Windows,DET0217,AN0608,OS API Execution; Process Access; Process Creation,OS API Execution; Process Access,blocked-telemetry,0,
TA0005,Stealth,1,T1055,Process Injection,T1055.012,Process Hollowing,yes,Windows,DET0382,AN1076,OS API Execution; Process Access; Process Creation; Process Modification,OS API Execution; Process Access; Process Modification,blocked-telemetry,0,
TA0005,Stealth,1,T1055,Process Injection,T1055.013,Process Doppelgänging,yes,Windows,DET0544,AN1501,File Creation; OS API Execution; Process Access; Process Creation,OS API Execution; Process Access,blocked-telemetry,0,
TA0005,Stealth,1,T1055,Process Injection,T1055.014,VDSO Hijacking,yes,Linux,DET0448,AN1241,Module Load; OS API Execution; Process Creation; Process Modification,Module Load; OS API Execution; Process Modification,blocked-telemetry,0,
TA0005,Stealth,1,T1055,Process Injection,T1055.015,ListPlanting,yes,Windows,DET0331,AN0941,OS API Execution; Process Access; Process Creation; Process Modification,OS API Execution; Process Access; Process Modification,blocked-telemetry,0,
TA0005,Stealth,1,T1070,Indicator Removal,,,no,Containers; ESXi; Linux; macOS; Network Devices; Office Suite; Windows,DET0184,AN0520; AN0521; AN0522; AN0523; AN0524; AN0525,Application Log Content; File Deletion; File Metadata; File Modification; Scheduled Job Modification; Windows Registry Key Modification,,parent,0,
TA0005,Stealth,1,T1070,Indicator Removal,T1070.003,Clear Command History,yes,ESXi; Linux; macOS; Network Devices; Windows,DET0165,AN0467; AN0468; AN0469; AN0470; AN0471,Command Execution; File Deletion; File Modification; Process Creation,,covered,1,techniques/T1070-indicator-removal/T1070.003-clear-command-history/shell-history-cleared-or-disabled.yaml
TA0005,Stealth,1,T1070,Indicator Removal,T1070.004,File Deletion,yes,ESXi; Linux; macOS; Windows,DET0140,AN0392; AN0393; AN0394; AN0395,Command Execution; File Access; File Deletion; File Modification; Process Creation,,covered,1,techniques/T1070-indicator-removal/T1070.004-file-deletion/payload-and-artefacts-deleted-after-use.yaml
TA0005,Stealth,1,T1070,Indicator Removal,T1070.005,Network Share Connection Removal,yes,Windows,DET0103,AN0286,Command Execution; Logon Session Creation; Network Traffic Content; Process Creation,,covered,1,techniques/T1070-indicator-removal/T1070.005-network-share-connection-removal/share-connections-removed-after-access.yaml
TA0005,Stealth,1,T1070,Indicator Removal,T1070.006,Timestomp,yes,ESXi; Linux; macOS; Windows,DET0591,AN1626; AN1627; AN1628; AN1629,Command Execution; File Access; File Metadata; File Modification; OS API Execution; Process Creation,OS API Execution,covered,1,techniques/T1070-indicator-removal/T1070.006-timestomp/timestomp-after-payload-write.yaml
TA0005,Stealth,1,T1070,Indicator Removal,T1070.007,Clear Network Connection History and Configurations,yes,Linux; macOS; Windows; Network Devices,DET0049,AN0133; AN0134; AN0135; AN0136,Command Execution; File Modification; Firewall Rule Modification; Network Traffic Content; Process Creation; Windows Registry Key Modification,Firewall Rule Modification,not-covered,0,
TA0005,Stealth,1,T1070,Indicator Removal,T1070.008,Clear Mailbox Data,yes,Linux; macOS; Office Suite; Windows,DET0266,AN0737; AN0738; AN0739; AN0740,Application Log Content; Command Execution; File Deletion; File Modification; Process Creation,,covered,1,techniques/T1070-indicator-removal/T1070.008-clear-mailbox-data/mailbox-contents-deleted-to-hide-delivery.yaml
TA0005,Stealth,1,T1070,Indicator Removal,T1070.009,Clear Persistence,yes,ESXi; Linux; macOS; Windows,DET0040,AN0113; AN0114; AN0115; AN0116,Command Execution; File Deletion; Process Creation; Scheduled Job Creation; User Account Deletion; Windows Registry Key Modification,User Account Deletion,not-covered,0,
TA0005,Stealth,1,T1070,Indicator Removal,T1070.010,Relocate Malware,yes,Linux; macOS; Network Devices; Windows,DET0439,AN1216; AN1217; AN1218; AN1219,Command Execution; File Creation; File Deletion; File Modification,,not-covered,0,
TA0005,Stealth,1,T1078,Valid Accounts,,,no,Containers; ESXi; IaaS; Identity Provider; Linux; macOS; Network Devices; Office Suite; SaaS; Windows,DET0560,AN1543; AN1544; AN1545; AN1546; AN1547,Logon Session Creation; Logon Session Metadata; Process Creation; User Account Authentication,,parent,0,
TA0005,Stealth,1,T1078,Valid Accounts,T1078.001,Default Accounts,yes,Containers; ESXi; IaaS; Identity Provider; Linux; macOS; Network Devices; Office Suite; SaaS; Windows,DET0465,AN1283; AN1284; AN1285; AN1286; AN1287,Logon Session Creation; Logon Session Metadata; User Account Authentication,,covered,1,techniques/T1078-valid-accounts/T1078.001-default-accounts/default-account-used-to-authenticate.yaml
TA0005,Stealth,1,T1078,Valid Accounts,T1078.002,Domain Accounts,yes,ESXi; Linux; macOS; Windows,DET0210,AN0590; AN0591; AN0592; AN0593,Logon Session Metadata; Network Connection Creation; Process Creation; User Account Authentication,,not-covered,0,
TA0005,Stealth,1,T1078,Valid Accounts,T1078.003,Local Accounts,yes,Containers; ESXi; Linux; macOS; Network Devices; Windows,DET0407,AN1137; AN1138; AN1139,Logon Session Creation; Logon Session Metadata; User Account Authentication,,not-covered,0,
TA0005,Stealth,1,T1078,Valid Accounts,T1078.004,Cloud Accounts,yes,IaaS; Identity Provider; Office Suite; SaaS,DET0546,AN1503; AN1504; AN1505; AN1506,Logon Session Creation; Logon Session Metadata; User Account Authentication,,out-of-scope,0,
TA0005,Stealth,1,T1127,Trusted Developer Utilities Proxy Execution,,,no,Windows,DET0172,AN0488,File Creation; Module Load; Network Connection Creation; Process Creation; Process Metadata,Module Load,parent,0,
TA0005,Stealth,1,T1127,Trusted Developer Utilities Proxy Execution,T1127.001,MSBuild,yes,Windows,DET0556,AN1535,File Creation; Module Load; Network Connection Creation; Process Access; Process Creation; Process Metadata; Process Modification; Script Execution,Module Load; Process Access; Process Modification,covered,1,techniques/T1127-trusted-developer-utilities-proxy-execution/T1127.001-msbuild/msbuild-inline-task-execution.yaml
TA0005,Stealth,1,T1127,Trusted Developer Utilities Proxy Execution,T1127.002,ClickOnce,yes,Windows,DET0191,AN0550,Module Load; Process Creation; Process Metadata,Module Load,blocked-telemetry,0,
TA0005,Stealth,1,T1127,Trusted Developer Utilities Proxy Execution,T1127.003,JamPlus,yes,Windows,DET0585,AN1610,File Creation; Network Connection Creation; Process Creation; Process Metadata,,not-covered,0,
TA0005,Stealth,1,T1134,Access Token Manipulation,,,no,Windows,DET0283,AN0786,Active Directory Object Modification; Logon Session Metadata; OS API Execution; Process Access; Process Creation,OS API Execution; Process Access,parent,0,
TA0005,Stealth,1,T1134,Access Token Manipulation,T1134.001,Token Impersonation/Theft,yes,Windows,DET0482,AN1324,OS API Execution; Process Access; Process Creation,OS API Execution; Process Access,blocked-telemetry,0,
TA0005,Stealth,1,T1134,Access Token Manipulation,T1134.002,Create Process with Token,yes,Windows,DET0456,AN1253,Active Directory Object Modification; Logon Session Metadata; OS API Execution; Process Access; Process Creation,OS API Execution; Process Access,blocked-telemetry,0,
TA0005,Stealth,1,T1134,Access Token Manipulation,T1134.003,Make and Impersonate Token,yes,Windows,DET0498,AN1375,Logon Session Metadata; OS API Execution; Process Creation,OS API Execution,blocked-telemetry,0,
TA0005,Stealth,1,T1134,Access Token Manipulation,T1134.004,Parent PID Spoofing,yes,Windows,DET0489,AN1351,OS API Execution; Process Creation; Process Metadata,OS API Execution,blocked-telemetry,0,
TA0005,Stealth,1,T1134,Access Token Manipulation,T1134.005,SID-History Injection,yes,Windows,DET0136,AN0383,Active Directory Object Modification; OS API Execution; User Account Metadata,OS API Execution,blocked-telemetry,0,
TA0005,Stealth,1,T1140,Deobfuscate/Decode Files or Information,,,yes,ESXi; Linux; macOS; Windows,DET0275,AN0767; AN0768; AN0769,Command Execution; File Creation; Process Access; Process Creation,Process Access,covered,1,techniques/T1140-deobfuscate-decode-files-or-information/certutil-decode-to-executable.yaml
TA0005,Stealth,1,T1197,BITS Jobs,,,yes,Windows,DET0098,AN0274,Command Execution; Network Connection Creation; Process Creation; Service Creation,,covered,1,techniques/T1197-bits-jobs/bits-job-payload-transfer.yaml
TA0005,Stealth,1,T1202,Indirect Command Execution,,,yes,Windows,DET0200,AN0576,File Creation; Network Connection Creation; Process Creation,,covered,1,techniques/T1202-indirect-command-execution/indirect-execution-via-utility-proxy.yaml
TA0005,Stealth,1,T1205,Traffic Signaling,,,no,Linux; macOS; Network Devices; Windows,DET0524,AN1448; AN1449; AN1450; AN1451,Command Execution; Network Connection Creation; Network Traffic Content; Network Traffic Flow; Process Creation,,parent,0,
TA0005,Stealth,1,T1205,Traffic Signaling,T1205.001,Port Knocking,yes,Linux; macOS; Network Devices; Windows,DET0302,AN0842; AN0843; AN0844; AN0845,Network Connection Creation; Network Traffic Flow; Process Creation,,not-covered,0,
TA0005,Stealth,1,T1205,Traffic Signaling,T1205.002,Socket Filters,yes,Linux; macOS; Windows,DET0162,AN0462; AN0463; AN0464,Driver Load; Module Load; Network Connection Creation; Network Traffic Content; Process Creation; Service Creation,Driver Load; Module Load,not-covered,0,
TA0005,Stealth,1,T1211,Exploitation for Stealth,,,yes,Linux; Windows; macOS; SaaS; IaaS,DET0595,AN1633; AN1634; AN1635; AN1636; AN1637,Application Log Content; Module Load; Process Creation,Module Load,not-covered,0,
TA0005,Stealth,1,T1216,System Script Proxy Execution,,,no,Windows,DET0466,AN1288,Command Execution; File Creation; Module Load; Process Access; Process Creation,Module Load; Process Access,parent,0,
TA0005,Stealth,1,T1216,System Script Proxy Execution,T1216.001,PubPrn,yes,Windows,DET0528,AN1464,Command Execution; Module Load; Network Connection Creation; Process Creation,Module Load,covered,1,techniques/T1216-system-script-proxy-execution/T1216.001-pubprn/pubprn-script-moniker-execution.yaml
TA0005,Stealth,1,T1216,System Script Proxy Execution,T1216.002,SyncAppvPublishingServer,yes,Windows,DET0440,AN1220,Command Execution; Module Load; Process Access; Process Creation,Module Load; Process Access,covered,1,techniques/T1216-system-script-proxy-execution/T1216.002-syncappvpublishingserver/syncappv-appended-expression.yaml
TA0005,Stealth,1,T1218,System Binary Proxy Execution,,,no,Linux; macOS; Windows,DET0081,AN0226; AN0227; AN0228,Module Load; Network Connection Creation; Process Creation,Module Load,parent,0,
TA0005,Stealth,1,T1218,System Binary Proxy Execution,T1218.001,Compiled HTML File,yes,Windows,DET0342,AN0968,File Creation; Module Load; Network Connection Creation; Process Creation,Module Load,covered,1,techniques/T1218-system-binary-proxy-execution/T1218.001-compiled-html-file/chm-file-executing-script.yaml
TA0005,Stealth,1,T1218,System Binary Proxy Execution,T1218.002,Control Panel,yes,Windows,DET0194,AN0558,File Creation; Module Load; Process Creation; Windows Registry Key Creation,Module Load,blocked-telemetry,0,
TA0005,Stealth,1,T1218,System Binary Proxy Execution,T1218.003,CMSTP,yes,Windows,DET0328,AN0932,Command Execution; File Creation; Network Connection Creation; Process Access; Process Creation; Windows Registry Key Creation; Windows Registry Key Modification,Process Access,blocked-telemetry,0,
TA0005,Stealth,1,T1218,System Binary Proxy Execution,T1218.004,InstallUtil,yes,Windows,DET0138,AN0388,Command Execution; File Creation; Module Load; Process Creation,Module Load,covered,1,techniques/T1218-system-binary-proxy-execution/T1218.004-installutil/installutil-uninstall-method-execution.yaml
TA0005,Stealth,1,T1218,System Binary Proxy Execution,T1218.005,Mshta,yes,Windows,DET0506,AN1397,File Creation; Network Connection Creation; Process Creation,,covered,1,techniques/T1218-system-binary-proxy-execution/T1218.005-mshta/mshta-remote-or-inline-script.yaml
TA0005,Stealth,1,T1218,System Binary Proxy Execution,T1218.007,Msiexec,yes,Windows,DET0158,AN0445,Module Load; Network Connection Creation; Process Creation,Module Load,covered,1,techniques/T1218-system-binary-proxy-execution/T1218.007-msiexec/msiexec-remote-package-install.yaml
TA0005,Stealth,1,T1218,System Binary Proxy Execution,T1218.008,Odbcconf,yes,Windows,DET0486,AN1335,Module Load; Network Connection Creation; Process Creation,Module Load,blocked-telemetry,0,
TA0005,Stealth,1,T1218,System Binary Proxy Execution,T1218.009,Regsvcs/Regasm,yes,Windows,DET0361,AN1028,Command Execution; File Creation; Module Load; Network Connection Creation; Process Creation; Windows Registry Key Creation; Windows Registry Key Modification,Module Load,blocked-telemetry,0,
TA0005,Stealth,1,T1218,System Binary Proxy Execution,T1218.010,Regsvr32,yes,Windows,DET0282,AN0785,Module Load; Network Connection Creation; Process Creation,Module Load,covered,1,techniques/T1218-system-binary-proxy-execution/T1218.010-regsvr32/regsvr32-remote-scriptlet.yaml
TA0005,Stealth,1,T1218,System Binary Proxy Execution,T1218.011,Rundll32,yes,Windows,DET0475,AN1308,File Creation; Module Load; Network Connection Creation; Process Creation,Module Load,covered,2,techniques/T1218-system-binary-proxy-execution/T1218.011-rundll32/rundll32-script-protocol-handler.yaml; techniques/T1218-system-binary-proxy-execution/T1218.011-rundll32/rundll32-user-writable-dll.yaml
TA0005,Stealth,1,T1218,System Binary Proxy Execution,T1218.012,Verclsid,yes,Windows,DET0042,AN0118,Module Load; Network Connection Creation; Process Creation; Windows Registry Key Modification,Module Load,blocked-telemetry,0,
TA0005,Stealth,1,T1218,System Binary Proxy Execution,T1218.013,Mavinject,yes,Windows,DET0433,AN1207,Command Execution; File Creation; Module Load; Network Connection Creation; Process Access; Process Creation,Module Load; Process Access,blocked-telemetry,0,
TA0005,Stealth,1,T1218,System Binary Proxy Execution,T1218.014,MMC,yes,Windows,DET0222,AN0622,Command Execution; File Creation; Module Load; Network Connection Creation; OS API Execution; Process Creation; Windows Registry Key Creation; Windows Registry Key Modification,Module Load; OS API Execution,blocked-telemetry,0,
TA0005,Stealth,1,T1218,System Binary Proxy Execution,T1218.015,Electron Applications,yes,Linux; macOS; Windows,DET0025,AN0071; AN0072; AN0073,File Creation; Module Load; Network Connection Creation; Process Creation,Module Load,not-covered,0,
TA0005,Stealth,1,T1220,XSL Script Processing,,,yes,Windows,DET0205,AN0581,Module Load; Process Creation,Module Load,covered,1,techniques/T1220-xsl-script-processing/xsl-transform-script-execution.yaml
TA0005,Stealth,1,T1221,Template Injection,,,yes,Windows,DET0566,AN1564,Network Connection Creation; Process Creation,,covered,1,techniques/T1221-template-injection/document-template-fetched-from-a-remote-host.yaml
TA0005,Stealth,1,T1480,Execution Guardrails,,,no,ESXi; Linux; macOS; Windows,DET0562,AN1551; AN1552; AN1553; AN1554,Command Execution; File Access; File Creation; Logon Session Creation; Module Load; Network Connection Creation; Process Creation; Process Modification; User Account Authentication; WMI Creation; Windows Registry Key Modification,Module Load; Process Modification,parent,0,
TA0005,Stealth,1,T1480,Execution Guardrails,T1480.001,Environmental Keying,yes,Linux; Windows; macOS,DET0474,AN1305; AN1306; AN1307,Command Execution; File Access; Logon Session Creation; Module Load; Network Connection Creation; Process Access; Process Creation; WMI Creation,Module Load; Process Access,not-covered,0,
TA0005,Stealth,1,T1480,Execution Guardrails,T1480.002,Mutual Exclusion,yes,Linux; macOS; Windows,DET0132,AN0372; AN0373; AN0374,File Access; File Creation; OS API Execution; Process Creation; Process Termination,OS API Execution; Process Termination,not-covered,0,
TA0005,Stealth,1,T1497,Virtualization/Sandbox Evasion,,,no,Linux; macOS; Windows,DET0046,AN0127; AN0128; AN0129,Command Execution; Module Load; Process Creation,Module Load,parent,0,
TA0005,Stealth,1,T1497,Virtualization/Sandbox Evasion,T1497.001,System Checks,yes,Linux; macOS; Windows,DET0168,AN0478; AN0479; AN0480,Module Load; Process Access; Process Creation,Module Load; Process Access,covered,1,techniques/T1497-virtualization-sandbox-evasion/T1497.001-system-checks/virtual-machine-artifact-enumeration.yaml
TA0005,Stealth,1,T1497,Virtualization/Sandbox Evasion,T1497.002,User Activity Based Checks,yes,Linux; macOS; Windows,DET0420,AN1182; AN1183; AN1184,Command Execution; File Access; Logon Session Metadata; OS API Execution; Process Access; Process Creation,OS API Execution; Process Access,not-covered,0,
TA0005,Stealth,1,T1497,Virtualization/Sandbox Evasion,T1497.003,Time Based Checks,yes,Linux; macOS; Windows,DET0141,AN0396; AN0397; AN0398,File Metadata; Module Load; OS API Execution; Process Creation,Module Load; OS API Execution,not-covered,0,
TA0005,Stealth,1,T1535,Unused/Unsupported Cloud Regions,,,yes,IaaS,DET0247,AN0690,Cloud Storage Creation; Instance Start; Network Connection Creation; User Account Metadata,Cloud Storage Creation; Instance Start,out-of-scope,0,
TA0005,Stealth,1,T1542,Pre-OS Boot,,,no,Linux; macOS; Network Devices; Windows,DET0278,AN0774; AN0775; AN0776; AN0777,Command Execution; Drive Access; Drive Modification; File Creation; File Modification; Firmware Modification; Process Creation,Drive Access; Drive Modification; Firmware Modification,parent,0,
TA0005,Stealth,1,T1542,Pre-OS Boot,T1542.001,System Firmware,yes,Network Devices; Windows,DET0099,AN0275; AN0276,Drive Access; Drive Modification; File Creation; Firmware Modification; Process Creation,Drive Access; Drive Modification; Firmware Modification,blocked-telemetry,0,
TA0005,Stealth,1,T1542,Pre-OS Boot,T1542.002,Component Firmware,yes,Windows; Linux; macOS,DET0323,AN0916; AN0917; AN0918,Driver Load; Firmware Modification,Driver Load; Firmware Modification,blocked-telemetry,0,
TA0005,Stealth,1,T1542,Pre-OS Boot,T1542.003,Bootkit,yes,Linux; Windows,DET0150,AN0428; AN0429,Drive Access; Drive Modification; File Creation; File Modification,Drive Access; Drive Modification,blocked-telemetry,0,
TA0005,Stealth,1,T1542,Pre-OS Boot,T1542.004,ROMMONkit,yes,Network Devices,DET0175,AN0497,Firmware Modification; Network Connection Creation; OS API Execution,Firmware Modification; OS API Execution,out-of-scope,0,
TA0005,Stealth,1,T1542,Pre-OS Boot,T1542.005,TFTP Boot,yes,Network Devices,DET0582,AN1603,Command Execution; Firmware Modification; Network Connection Creation,Firmware Modification,out-of-scope,0,
TA0005,Stealth,1,T1564,Hide Artifacts,,,no,ESXi; Linux; macOS; Office Suite; Windows,DET0502,AN1384; AN1385; AN1386; AN1387; AN1388,Application Log Content; Command Execution; File Creation; File Metadata; Process Creation; Windows Registry Key Modification,,parent,0,
TA0005,Stealth,1,T1564,Hide Artifacts,T1564.001,Hidden Files and Directories,yes,Linux; macOS; Windows,DET0032,AN0091; AN0092; AN0093,Command Execution; File Creation; File Metadata; Process Creation,,covered,1,techniques/T1564-hide-artifacts/T1564.001-hidden-files-and-directories/hidden-attribute-applied-to-payload.yaml
TA0005,Stealth,1,T1564,Hide Artifacts,T1564.002,Hidden Users,yes,Linux; macOS; Windows,DET0353,AN1001; AN1002; AN1003,Command Execution; File Modification; User Account Creation; User Account Metadata; Windows Registry Key Modification,,covered,1,techniques/T1564-hide-artifacts/T1564.002-hidden-users/account-hidden-from-the-logon-screen.yaml
TA0005,Stealth,1,T1564,Hide Artifacts,T1564.003,Hidden Window,yes,Linux; macOS; Windows,DET0128,AN0360; AN0361; AN0362,Command Execution; File Modification; Process Creation; Process Metadata; Windows Registry Key Modification,,covered,1,techniques/T1564-hide-artifacts/T1564.003-hidden-window/hidden-window-script-execution.yaml
TA0005,Stealth,1,T1564,Hide Artifacts,T1564.004,NTFS File Attributes,yes,Windows,DET0432,AN1206,File Creation; File Metadata; OS API Execution; Process Creation,OS API Execution,covered,1,techniques/T1564-hide-artifacts/T1564.004-ntfs-file-attributes/alternate-data-stream-execution.yaml
TA0005,Stealth,1,T1564,Hide Artifacts,T1564.005,Hidden File System,yes,Linux; macOS; Windows,DET0461,AN1271; AN1272; AN1273,Command Execution; File Modification; Firmware Modification; Process Creation; Windows Registry Key Modification,Firmware Modification,not-covered,0,
TA0005,Stealth,1,T1564,Hide Artifacts,T1564.006,Run Virtual Instance,yes,ESXi; Linux; macOS; Windows,DET0321,AN0909; AN0910; AN0911; AN0912,Command Execution; File Creation; File Modification; Image Metadata; Process Creation; Service Creation; Windows Registry Key Modification,,covered,1,techniques/T1564-hide-artifacts/T1564.006-run-virtual-instance/virtual-machine-run-to-host-activity.yaml
TA0005,Stealth,1,T1564,Hide Artifacts,T1564.007,VBA Stomping,yes,Linux; macOS; Windows,DET0012,AN0034; AN0035; AN0036,File Creation; File Metadata; Process Creation,,not-covered,0,
TA0005,Stealth,1,T1564,Hide Artifacts,T1564.008,Email Hiding Rules,yes,Windows; Linux; macOS; Office Suite,DET0192,AN0551; AN0552; AN0553; AN0554,Application Log Content; Command Execution; File Modification; Process Creation,,not-covered,0,
TA0005,Stealth,1,T1564,Hide Artifacts,T1564.009,Resource Forking,yes,macOS,DET0584,AN1609,Command Execution; File Metadata; Process Creation,,not-covered,0,
TA0005,Stealth,1,T1564,Hide Artifacts,T1564.010,Process Argument Spoofing,yes,Windows,DET0045,AN0126,Process Access; Process Creation,Process Access,blocked-telemetry,0,
TA0005,Stealth,1,T1564,Hide Artifacts,T1564.011,Ignore Process Interrupts,yes,Linux; macOS; Windows,DET0067,AN0181; AN0182; AN0183,Command Execution; Process Creation,,covered,1,techniques/T1564-hide-artifacts/T1564.011-ignore-process-interrupts/process-detached-to-survive-session-end.yaml
TA0005,Stealth,1,T1564,Hide Artifacts,T1564.012,File/Path Exclusions,yes,Linux; macOS; Windows,DET0051,AN0139; AN0140; AN0141,File Access; File Creation; File Metadata; Process Creation,,covered,1,techniques/T1564-hide-artifacts/T1564.012-file-path-exclusions/payload-staged-inside-a-scanner-exclusion.yaml
TA0005,Stealth,1,T1564,Hide Artifacts,T1564.013,Bind Mounts,yes,Linux,DET0428,AN1196,File Creation; OS API Execution; Process Metadata,OS API Execution,blocked-telemetry,0,
TA0005,Stealth,1,T1564,Hide Artifacts,T1564.014,Extended Attributes,yes,Linux; macOS,DET0406,AN1135; AN1136,Command Execution; File Metadata,,not-covered,0,
TA0005,Stealth,1,T1574,Hijack Execution Flow,,,no,Linux; macOS; Windows,DET0218,AN0609; AN0610; AN0611,File Creation; File Modification; Module Load; Process Creation; Service Metadata; Windows Registry Key Modification,Module Load,parent,0,
TA0005,Stealth,1,T1574,Hijack Execution Flow,T1574.001,DLL,yes,Windows,DET0201,AN0577,File Creation; File Metadata; Module Load; Process Creation; Windows Registry Key Modification,Module Load,covered,1,techniques/T1574-hijack-execution-flow/T1574.001-dll/dll-staged-beside-signed-application.yaml
TA0005,Stealth,1,T1574,Hijack Execution Flow,T1574.004,Dylib Hijacking,yes,macOS,DET0152,AN0435,File Creation; File Modification; Module Load,Module Load,blocked-telemetry,0,
TA0005,Stealth,1,T1574,Hijack Execution Flow,T1574.005,Executable Installer File Permissions Weakness,yes,Windows,DET0038,AN0108,File Creation; File Metadata; Module Load; Process Creation,Module Load,blocked-telemetry,0,
TA0005,Stealth,1,T1574,Hijack Execution Flow,T1574.006,Dynamic Linker Hijacking,yes,Linux; macOS,DET0435,AN1209; AN1210,File Creation; File Modification; Module Load; Process Creation; Process Metadata,Module Load,not-covered,0,
TA0005,Stealth,1,T1574,Hijack Execution Flow,T1574.007,Path Interception by PATH Environment Variable,yes,Linux; macOS; Windows,DET0004,AN0009; AN0010; AN0011,File Creation; File Modification; Process Creation; Windows Registry Key Modification,,not-covered,0,
TA0005,Stealth,1,T1574,Hijack Execution Flow,T1574.008,Path Interception by Search Order Hijacking,yes,Windows,DET0564,AN1560,File Creation; File Metadata; Process Creation,,covered,1,techniques/T1574-hijack-execution-flow/T1574.008-path-interception-by-search-order-hijacking/binary-planted-earlier-in-the-search-order.yaml
TA0005,Stealth,1,T1574,Hijack Execution Flow,T1574.009,Path Interception by Unquoted Path,yes,Windows,DET0064,AN0176,File Creation; File Metadata; Process Creation; Windows Registry Key Modification,,covered,1,techniques/T1574-hijack-execution-flow/T1574.009-path-interception-by-unquoted-path/unquoted-service-path-intercepted.yaml
TA0005,Stealth,1,T1574,Hijack Execution Flow,T1574.010,Services File Permissions Weakness,yes,Windows,DET0436,AN1211,File Creation; File Metadata; Process Creation; Service Creation,,covered,1,techniques/T1574-hijack-execution-flow/T1574.010-services-file-permissions-weakness/service-binary-overwritten-through-weak-permissions.yaml
TA0005,Stealth,1,T1574,Hijack Execution Flow,T1574.011,Services Registry Permissions Weakness,yes,Windows,DET0427,AN1195,Process Creation; Service Modification; Windows Registry Key Modification,Service Modification,blocked-telemetry,0,
TA0005,Stealth,1,T1574,Hijack Execution Flow,T1574.012,COR_PROFILER,yes,Windows,DET0479,AN1319,File Creation; Module Load; Process Creation; Windows Registry Key Modification,Module Load,covered,1,techniques/T1574-hijack-execution-flow/T1574.012-cor-profiler/cor-profiler-environment-hijack.yaml
TA0005,Stealth,1,T1574,Hijack Execution Flow,T1574.013,KernelCallbackTable,yes,Windows,DET0577,AN1593,OS API Execution; Process Access; Process Creation,OS API Execution; Process Access,blocked-telemetry,0,
TA0005,Stealth,1,T1574,Hijack Execution Flow,T1574.014,AppDomainManager,yes,Windows,DET0517,AN1433,File Creation; Module Load; Process Creation,Module Load,blocked-telemetry,0,
TA0005,Stealth,1,T1612,Build Image on Host,,,yes,Containers,DET0459,AN1261,Image Creation; Network Connection Creation,Image Creation,out-of-scope,0,
TA0005,Stealth,1,T1620,Reflective Code Loading,,,yes,Linux; macOS; Windows,DET0300,AN0838; AN0839; AN0840,Module Load; OS API Execution; Process Access; Process Creation; Script Execution,Module Load; OS API Execution; Process Access,blocked-telemetry,0,
TA0005,Stealth,1,T1622,Debugger Evasion,,,yes,Linux; macOS; Windows,DET0371,AN1045; AN1046; AN1047,File Access; OS API Execution; Process Creation,OS API Execution,not-covered,0,
TA0005,Stealth,1,T1678,Delay Execution,,,yes,Linux; macOS; Windows,DET0372,AN1048; AN1049; AN1050,Module Load; Process Creation; Script Execution,Module Load,not-covered,0,
TA0005,Stealth,1,T1679,Selective Exclusion,,,yes,Windows,DET0897,AN2030,Command Execution; File Modification; Process Creation,,not-covered,0,
TA0005,Stealth,1,T1684,Social Engineering,,,no,Linux; macOS; Office Suite; SaaS; Windows,DET0899,AN2033; AN2034; AN2035; AN2036; AN2037,Application Log Content; Command Execution; File Access; File Creation; File Modification; Logon Session Creation; Network Connection Creation; Process Creation; User Account Authentication,,parent,0,
TA0005,Stealth,1,T1684,Social Engineering,T1684.001,Impersonation,yes,Linux; macOS; Office Suite; SaaS; Windows,DET0286,AN0792; AN0793; AN0794; AN0795; AN0796,Application Log Content; Command Execution; Logon Session Creation,,not-covered,0,
TA0005,Stealth,1,T1684,Social Engineering,T1684.002,Email Spoofing,yes,Linux; macOS; Office Suite; Windows,DET0431,AN1202; AN1203; AN1204; AN1205,Application Log Content,,not-covered,0,
TA0006,Credential Access,1,T1003,OS Credential Dumping,,,no,Linux; macOS; Windows,DET0234,AN0648; AN0649; AN0650,Active Directory Object Access; File Access; Process Access; Process Creation; Process Metadata,Process Access,parent,0,
TA0006,Credential Access,1,T1003,OS Credential Dumping,T1003.001,LSASS Memory,yes,Windows,DET0363,AN1030,File Creation; Process Access; Process Creation; User Account Metadata; Windows Registry Key Modification,Process Access,covered,1,techniques/T1003-os-credential-dumping/T1003.001-lsass-memory/lsass-memory-dumped-to-disk.yaml
TA0006,Credential Access,1,T1003,OS Credential Dumping,T1003.002,Security Account Manager,yes,Windows,DET0085,AN0235,File Creation; File Modification; Process Creation; Windows Registry Key Modification,,covered,1,techniques/T1003-os-credential-dumping/T1003.002-security-account-manager/sam-and-system-hives-exported.yaml
TA0006,Credential Access,1,T1003,OS Credential Dumping,T1003.003,NTDS,yes,Windows,DET0586,AN1611,File Creation; File Modification; Process Creation; Volume Creation,,covered,1,techniques/T1003-os-credential-dumping/T1003.003-ntds/ntds-extracted-via-shadow-copy.yaml
TA0006,Credential Access,1,T1003,OS Credential Dumping,T1003.004,LSA Secrets,yes,Windows,DET0437,AN1212,File Modification; Module Load; Process Access; Process Creation,Module Load; Process Access,blocked-telemetry,0,
TA0006,Credential Access,1,T1003,OS Credential Dumping,T1003.005,Cached Domain Credentials,yes,Windows; Linux,DET0513,AN1417; AN1418,File Access; Process Access; Process Creation,Process Access,blocked-telemetry,0,
TA0006,Credential Access,1,T1003,OS Credential Dumping,T1003.006,DCSync,yes,Windows,DET0594,AN1632,Active Directory Object Access; Active Directory Object Deletion; Network Traffic Content,,covered,1,techniques/T1003-os-credential-dumping/T1003.006-dcsync/directory-replication-requested-by-a-non-controller.yaml
TA0006,Credential Access,1,T1003,OS Credential Dumping,T1003.007,Proc Filesystem,yes,Linux,DET0593,AN1631,File Access; File Modification; Process Access; Process Creation,Process Access,blocked-telemetry,0,
TA0006,Credential Access,1,T1003,OS Credential Dumping,T1003.008,/etc/passwd and /etc/shadow,yes,Linux,DET0446,AN1234,File Access; Process Creation,,covered,1,techniques/T1003-os-credential-dumping/T1003.008-etc-passwd-and-etc-shadow/shadow-file-read-or-copied.yaml
TA0006,Credential Access,1,T1040,Network Sniffing,,,yes,IaaS; Linux; macOS; Network Devices; Windows,DET0314,AN0875; AN0876; AN0877; AN0878; AN0879,Cloud Service Modification; Command Execution; Network Traffic Content; Process Creation; Service Creation; User Account Authentication,Cloud Service Modification,covered,1,techniques/T1040-network-sniffing/packet-capture-started-on-an-endpoint.yaml
TA0006,Credential Access,1,T1056,Input Capture,,,no,Linux; macOS; Network Devices; Windows,DET0102,AN0282; AN0283; AN0284; AN0285,File Access; File Modification; Network Connection Creation; Network Traffic Content; OS API Execution; Process Access; Process Creation; Process Metadata,OS API Execution; Process Access,parent,0,
TA0006,Credential Access,1,T1056,Input Capture,T1056.001,Keylogging,yes,Linux; macOS; Network Devices; Windows,DET0089,AN0243; AN0244; AN0245; AN0246,File Access; Firmware Modification; Network Traffic Content; OS API Execution; Process Access; Process Creation; Process Metadata; Service Creation; Windows Registry Key Modification,Firmware Modification; OS API Execution; Process Access,not-covered,0,
TA0006,Credential Access,1,T1056,Input Capture,T1056.002,GUI Input Capture,yes,Linux; macOS; Windows,DET0521,AN1440; AN1441; AN1442,Command Execution; Process Creation; Script Execution,,covered,1,techniques/T1056-input-capture/T1056.002-gui-input-capture/credential-prompt-presented-by-a-script.yaml
TA0006,Credential Access,1,T1056,Input Capture,T1056.003,Web Portal Capture,yes,Linux; macOS; Windows,DET0480,AN1320; AN1321; AN1322,File Creation; File Modification; Network Traffic Content,,covered,1,techniques/T1056-input-capture/T1056.003-web-portal-capture/authentication-page-modified-to-capture-credentials.yaml
TA0006,Credential Access,1,T1056,Input Capture,T1056.004,Credential API Hooking,yes,Windows; Linux; macOS,DET0139,AN0389; AN0390; AN0391,File Access; Module Load; Process Access; Process Creation; Process Modification,Module Load; Process Access; Process Modification,blocked-telemetry,0,
TA0006,Credential Access,1,T1110,Brute Force,,,no,Containers; ESXi; IaaS; Identity Provider; Linux; macOS; Network Devices; Office Suite; SaaS; Windows,DET0463,AN1275; AN1276; AN1277; AN1278; AN1279,User Account Authentication,,parent,0,
TA0006,Credential Access,1,T1110,Brute Force,T1110.001,Password Guessing,yes,Containers; ESXi; IaaS; Identity Provider; Linux; macOS; Network Devices; Office Suite; SaaS; Windows,DET0551,AN1521; AN1522; AN1523; AN1524; AN1525; AN1526,User Account Authentication,,not-covered,0,
TA0006,Credential Access,1,T1110,Brute Force,T1110.002,Password Cracking,yes,Identity Provider; Linux; macOS; Network Devices; Office Suite; Windows,DET0105,AN0292; AN0293; AN0294; AN0295; AN0296,File Access; File Creation; Process Access; Process Creation; User Account Authentication,Process Access,not-covered,0,
TA0006,Credential Access,1,T1110,Brute Force,T1110.003,Password Spraying,yes,Containers; ESXi; IaaS; Identity Provider; Linux; Network Devices; Office Suite; SaaS; Windows; macOS,DET0487,AN1336; AN1337; AN1338; AN1339; AN1340; AN1341; AN1342; AN1343,User Account Authentication,,not-covered,0,
TA0006,Credential Access,1,T1110,Brute Force,T1110.004,Credential Stuffing,yes,Containers; ESXi; IaaS; Identity Provider; Linux; macOS; Network Devices; Office Suite; SaaS; Windows,DET0460,AN1262; AN1263; AN1264; AN1265; AN1266; AN1267; AN1268; AN1269; AN1270,User Account Authentication,,not-covered,0,
TA0006,Credential Access,1,T1111,Multi-Factor Authentication Interception,,,yes,Linux; macOS; Windows,DET0246,AN0687; AN0688; AN0689,Driver Load; Logon Session Creation; OS API Execution; Process Access; Process Creation; Windows Registry Key Modification,Driver Load; OS API Execution; Process Access,blocked-telemetry,0,
TA0006,Credential Access,1,T1187,Forced Authentication,,,yes,Windows,DET0022,AN0065,File Creation; File Modification; Network Traffic Content; Network Traffic Flow,,covered,1,techniques/T1187-forced-authentication/forced-authentication-triggered-over-smb-or-webdav.yaml
TA0006,Credential Access,1,T1212,Exploitation for Credential Access,,,yes,Linux; Windows; macOS; Identity Provider,DET0174,AN0493; AN0494; AN0495; AN0496,Application Log Content; Process Access; Process Creation; User Account Authentication,Process Access,not-covered,0,
TA0006,Credential Access,1,T1528,Steal Application Access Token,,,yes,Containers; IaaS; Identity Provider; Office Suite; SaaS,DET0515,AN1423; AN1424; AN1425; AN1426; AN1427,Application Log Content; Cloud Service Enumeration; Cloud Service Modification; Cloud Storage Access; File Access; User Account Authentication,Cloud Service Enumeration; Cloud Service Modification; Cloud Storage Access,out-of-scope,0,
TA0006,Credential Access,1,T1539,Steal Web Session Cookie,,,yes,Linux; macOS; Office Suite; SaaS; Windows,DET0509,AN1402; AN1403; AN1404; AN1405; AN1406,Application Log Content; File Access; File Modification; Logon Session Creation; Process Access; Process Creation; User Account Authentication,Process Access,blocked-telemetry,0,
TA0006,Credential Access,1,T1552,Unsecured Credentials,,,no,Windows; SaaS; IaaS; Linux; macOS; Containers; Network Devices; Office Suite; Identity Provider,DET0412,AN1153; AN1154; AN1155; AN1156; AN1157; AN1158; AN1159,Application Log Content; Cloud Service Metadata; Command Execution; File Access; File Creation; Network Traffic Content; Process Creation; User Account Authentication; Windows Registry Key Modification,Cloud Service Metadata,parent,0,
TA0006,Credential Access,1,T1552,Unsecured Credentials,T1552.001,Credentials In Files,yes,Containers; IaaS; Linux; macOS; Windows,DET0307,AN0856; AN0857; AN0858; AN0859; AN0860,Command Execution; File Access; File Creation; Logon Session Creation; Network Connection Creation; Process Creation,,covered,1,techniques/T1552-unsecured-credentials/T1552.001-credentials-in-files/credential-bearing-files-searched.yaml
TA0006,Credential Access,1,T1552,Unsecured Credentials,T1552.002,Credentials in Registry,yes,Windows,DET0250,AN0694,Process Creation; Windows Registry Key Access; Windows Registry Key Modification,,not-covered,0,
TA0006,Credential Access,1,T1552,Unsecured Credentials,T1552.003,Shell History,yes,Linux; macOS; Windows,DET0385,AN1085; AN1086,File Access; File Creation; Process Creation; Process Metadata,,not-covered,0,
TA0006,Credential Access,1,T1552,Unsecured Credentials,T1552.004,Private Keys,yes,Linux; macOS; Network Devices; Windows,DET0549,AN1516; AN1517; AN1518; AN1519,Command Execution; File Access; File Creation; Network Share Access; Process Creation,,covered,1,techniques/T1552-unsecured-credentials/T1552.004-private-keys/private-key-material-collected.yaml
TA0006,Credential Access,1,T1552,Unsecured Credentials,T1552.005,Cloud Instance Metadata API,yes,IaaS,DET0001,AN0001,Cloud Service Metadata; Network Connection Creation; Network Traffic Content,Cloud Service Metadata,out-of-scope,0,
TA0006,Credential Access,1,T1552,Unsecured Credentials,T1552.006,Group Policy Preferences,yes,Windows,DET0381,AN1075,File Creation; Network Share Access; Process Creation; Script Execution,,not-covered,0,
TA0006,Credential Access,1,T1552,Unsecured Credentials,T1552.007,Container API,yes,Containers,DET0198,AN0571,Application Log Content; Command Execution; Process Creation; User Account Authentication,,out-of-scope,0,
TA0006,Credential Access,1,T1552,Unsecured Credentials,T1552.008,Chat Messages,yes,SaaS; Office Suite,DET0111,AN0309; AN0310,Application Log Content; User Account Authentication,,out-of-scope,0,
TA0006,Credential Access,1,T1555,Credentials from Password Stores,,,no,IaaS; Linux; macOS; Windows,DET0430,AN1198; AN1199; AN1200; AN1201,Cloud Service Enumeration; File Access; OS API Execution; Process Access; Process Creation,Cloud Service Enumeration; OS API Execution; Process Access,parent,0,
TA0006,Credential Access,1,T1555,Credentials from Password Stores,T1555.001,Keychain,yes,macOS,DET0396,AN1112,File Access; OS API Execution; Process Creation,OS API Execution,blocked-telemetry,0,
TA0006,Credential Access,1,T1555,Credentials from Password Stores,T1555.002,Securityd Memory,yes,Linux; macOS,DET0057,AN0156; AN0157,Command Execution; File Access; Process Access; Process Creation,Process Access,blocked-telemetry,0,
TA0006,Credential Access,1,T1555,Credentials from Password Stores,T1555.003,Credentials from Web Browsers,yes,Linux; macOS; Windows,DET0037,AN0105; AN0106; AN0107,File Access; Process Access; Process Creation,Process Access,covered,1,techniques/T1555-credentials-from-password-stores/T1555.003-credentials-from-web-browsers/browser-credential-store-accessed.yaml
TA0006,Credential Access,1,T1555,Credentials from Password Stores,T1555.004,Windows Credential Manager,yes,Windows,DET0134,AN0378,File Metadata; Process Access; Process Creation,Process Access,covered,1,techniques/T1555-credentials-from-password-stores/T1555.004-windows-credential-manager/credential-manager-vault-accessed.yaml
TA0006,Credential Access,1,T1555,Credentials from Password Stores,T1555.005,Password Managers,yes,Linux; macOS; Windows,DET0597,AN1641; AN1642; AN1643,File Access; File Metadata; Process Access; Process Creation,Process Access,blocked-telemetry,0,
TA0006,Credential Access,1,T1555,Credentials from Password Stores,T1555.006,Cloud Secrets Management Stores,yes,IaaS,DET0130,AN0366,Cloud Service Enumeration,Cloud Service Enumeration,out-of-scope,0,
TA0006,Credential Access,1,T1556,Modify Authentication Process,,,no,IaaS; Identity Provider; Linux; macOS; Network Devices; Office Suite; SaaS; Windows,DET0104,AN0287; AN0288; AN0289; AN0290; AN0291,Cloud Service Modification; File Modification; Module Load; Process Access; Process Creation; User Account Modification; Windows Registry Key Modification,Cloud Service Modification; Module Load; Process Access,parent,0,
TA0006,Credential Access,1,T1556,Modify Authentication Process,T1556.001,Domain Controller Authentication,yes,Windows,DET0271,AN0757,File Modification; Logon Session Creation; Module Load; Process Access,Module Load; Process Access,blocked-telemetry,0,
TA0006,Credential Access,1,T1556,Modify Authentication Process,T1556.002,Password Filter DLL,yes,Windows,DET0472,AN1303,File Creation; Module Load; Windows Registry Key Modification,Module Load,blocked-telemetry,0,
TA0006,Credential Access,1,T1556,Modify Authentication Process,T1556.003,Pluggable Authentication Modules,yes,Linux; macOS,DET0454,AN1250; AN1251,File Modification; Logon Session Creation; Process Creation,,not-covered,0,
TA0006,Credential Access,1,T1556,Modify Authentication Process,T1556.004,Network Device Authentication,yes,Network Devices,DET0272,AN0758,File Modification; User Account Authentication,,out-of-scope,0,
TA0006,Credential Access,1,T1556,Modify Authentication Process,T1556.005,Reversible Encryption,yes,Windows,DET0589,AN1621,Active Directory Object Modification; Command Execution; Process Creation,,not-covered,0,
TA0006,Credential Access,1,T1556,Modify Authentication Process,T1556.006,Multi-Factor Authentication,yes,IaaS; Identity Provider; Linux; macOS; Office Suite; SaaS; Windows,DET0190,AN0543; AN0544; AN0545; AN0546; AN0547; AN0548; AN0549,Active Directory Object Modification; Application Log Content; Cloud Service Modification; File Modification; Script Execution; User Account Authentication; User Account Modification,Cloud Service Modification,not-covered,0,
TA0006,Credential Access,1,T1556,Modify Authentication Process,T1556.007,Hybrid Identity,yes,IaaS; Identity Provider; Office Suite; SaaS; Windows,DET0293,AN0814; AN0815; AN0816; AN0817; AN0818,Active Directory Object Modification; Application Log Content; Cloud Service Modification; Logon Session Creation; Module Load; User Account Modification,Cloud Service Modification; Module Load,blocked-telemetry,0,
TA0006,Credential Access,1,T1556,Modify Authentication Process,T1556.008,Network Provider DLL,yes,Windows,DET0580,AN1598,File Creation; Module Load; Process Access; Windows Registry Key Modification,Module Load; Process Access,blocked-telemetry,0,
TA0006,Credential Access,1,T1556,Modify Authentication Process,T1556.009,Conditional Access Policies,yes,IaaS; Identity Provider,DET0030,AN0087; AN0088,Active Directory Object Modification; Application Log Content; Cloud Service Modification,Cloud Service Modification,out-of-scope,0,
TA0006,Credential Access,1,T1557,Adversary-in-the-Middle,,,no,Linux; macOS; Network Devices; Windows,DET0296,AN0823; AN0824; AN0825; AN0826,Application Log Content; File Modification; Network Connection Creation; Network Traffic Content; Network Traffic Flow; Windows Registry Key Modification,,parent,0,
TA0006,Credential Access,1,T1557,Adversary-in-the-Middle,T1557.001,Name Resolution Poisoning and SMB Relay,yes,Windows,DET0462,AN1274,Network Traffic Content; Network Traffic Flow; Service Creation; Windows Registry Key Modification,,not-covered,0,
TA0006,Credential Access,1,T1557,Adversary-in-the-Middle,T1557.002,ARP Cache Poisoning,yes,Linux; Windows; macOS,DET0387,AN1091; AN1092; AN1093,Network Connection Creation; Network Traffic Content; Network Traffic Flow,,not-covered,0,
TA0006,Credential Access,1,T1557,Adversary-in-the-Middle,T1557.003,DHCP Spoofing,yes,Linux; Windows; macOS,DET0468,AN1290; AN1291; AN1292,Application Log Content; Network Traffic Content; Network Traffic Flow,,not-covered,0,
TA0006,Credential Access,1,T1557,Adversary-in-the-Middle,T1557.004,Evil Twin,yes,Network Devices,DET0379,AN1069,Application Log Content; Network Traffic Content; Network Traffic Flow,,out-of-scope,0,
TA0006,Credential Access,1,T1558,Steal or Forge Kerberos Tickets,,,no,Linux; macOS; Windows,DET0522,AN1443; AN1444; AN1445,Active Directory Credential Request; File Access; Logon Session Metadata; Process Access,Process Access,parent,0,
TA0006,Credential Access,1,T1558,Steal or Forge Kerberos Tickets,T1558.001,Golden Ticket,yes,Windows,DET0144,AN0405,Active Directory Credential Request; Logon Session Metadata; Process Access,Process Access,blocked-telemetry,0,
TA0006,Credential Access,1,T1558,Steal or Forge Kerberos Tickets,T1558.002,Silver Ticket,yes,Windows,DET0241,AN0675,Active Directory Credential Request; Logon Session Metadata; Process Access,Process Access,blocked-telemetry,0,
TA0006,Credential Access,1,T1558,Steal or Forge Kerberos Tickets,T1558.003,Kerberoasting,yes,Windows,DET0157,AN0444,Active Directory Credential Request; Logon Session Creation; Logon Session Metadata; Process Access,Process Access,covered,1,techniques/T1558-steal-or-forge-kerberos-tickets/T1558.003-kerberoasting/service-ticket-harvesting.yaml
TA0006,Credential Access,1,T1558,Steal or Forge Kerberos Tickets,T1558.004,AS-REP Roasting,yes,Windows,DET0113,AN0316,Active Directory Credential Request; Process Creation,,covered,1,techniques/T1558-steal-or-forge-kerberos-tickets/T1558.004-as-rep-roasting/as-rep-roastable-accounts-harvested.yaml
TA0006,Credential Access,1,T1558,Steal or Forge Kerberos Tickets,T1558.005,Ccache Files,yes,Linux; macOS,DET0024,AN0069; AN0070,File Access; Process Creation,,not-covered,0,
TA0006,Credential Access,1,T1606,Forge Web Credentials,,,no,SaaS; Windows; macOS; Linux; IaaS; Office Suite; Identity Provider,DET0260,AN0717; AN0718; AN0719; AN0720; AN0721; AN0722; AN0723,File Access; Logon Session Creation; Network Traffic Content; Process Access; Web Credential Creation; Web Credential Usage,Process Access; Web Credential Creation; Web Credential Usage,parent,0,
TA0006,Credential Access,1,T1606,Forge Web Credentials,T1606.001,Web Cookies,yes,Linux; macOS; Windows; SaaS; IaaS,DET0171,AN0483; AN0484; AN0485; AN0486; AN0487,File Access; File Creation; Logon Session Creation; Network Connection Creation; Web Credential Usage,Web Credential Usage,not-covered,0,
TA0006,Credential Access,1,T1606,Forge Web Credentials,T1606.002,SAML Tokens,yes,SaaS; Windows; IaaS; Office Suite; Identity Provider,DET0148,AN0418; AN0419; AN0420; AN0421; AN0422,Logon Session Creation; Logon Session Metadata; User Account Authentication; Web Credential Creation; Web Credential Usage,Web Credential Creation; Web Credential Usage,blocked-telemetry,0,
TA0006,Credential Access,1,T1621,Multi-Factor Authentication Request Generation,,,yes,Windows; Linux; macOS; IaaS; SaaS; Office Suite; Identity Provider,DET0160,AN0449; AN0450; AN0451; AN0452; AN0453; AN0454,Application Log Content; Logon Session Metadata; User Account Authentication,,not-covered,0,
TA0006,Credential Access,1,T1649,Steal or Forge Authentication Certificates,,,yes,Windows; Linux; macOS; Identity Provider,DET0240,AN0671; AN0672; AN0673; AN0674,Active Directory Credential Request; Active Directory Object Modification; Application Log Content; Command Execution; File Access; Windows Registry Key Access,,not-covered,0,
TA0007,Discovery,2,T1007,System Service Discovery,,,yes,Linux; macOS; Windows,DET0483,AN1325; AN1326; AN1327,Command Execution; Process Creation,,not-covered,0,
TA0007,Discovery,2,T1010,Application Window Discovery,,,yes,Linux; macOS; Windows,DET0097,AN0271; AN0272; AN0273,Command Execution; OS API Execution; Process Access; Process Creation,OS API Execution; Process Access,not-covered,0,
TA0007,Discovery,2,T1012,Query Registry,,,yes,Windows,DET0209,AN0589,Command Execution; Process Creation; Windows Registry Key Modification,,not-covered,0,
TA0007,Discovery,2,T1016,System Network Configuration Discovery,,,no,ESXi; Linux; macOS; Network Devices; Windows,DET0195,AN0559; AN0560; AN0561; AN0562; AN0563,Command Execution; Process Creation,,parent,0,
TA0007,Discovery,2,T1016,System Network Configuration Discovery,T1016.001,Internet Connection Discovery,yes,Windows; Linux; macOS; ESXi,DET0357,AN1015; AN1016; AN1017; AN1018,Command Execution; Network Connection Creation; Process Creation; Script Execution,,not-covered,0,
TA0007,Discovery,2,T1016,System Network Configuration Discovery,T1016.002,Wi-Fi Discovery,yes,Linux; Windows; macOS,DET0464,AN1280; AN1281; AN1282,Command Execution; File Access; Process Creation,,not-covered,0,
TA0007,Discovery,2,T1018,Remote System Discovery,,,yes,ESXi; Linux; macOS; Network Devices; Windows,DET0574,AN1583; AN1584; AN1585; AN1586; AN1587,Command Execution; File Access; Network Connection Creation; Process Creation,,not-covered,0,
TA0007,Discovery,2,T1033,System Owner/User Discovery,,,yes,Linux; macOS; Network Devices; Windows,DET0093,AN0254; AN0255; AN0256; AN0257,Command Execution; OS API Execution; Process Creation,OS API Execution,not-covered,0,
TA0007,Discovery,2,T1040,Network Sniffing,,,yes,IaaS; Linux; macOS; Network Devices; Windows,DET0314,AN0875; AN0876; AN0877; AN0878; AN0879,Cloud Service Modification; Command Execution; Network Traffic Content; Process Creation; Service Creation; User Account Authentication,Cloud Service Modification,covered,1,techniques/T1040-network-sniffing/packet-capture-started-on-an-endpoint.yaml
TA0007,Discovery,2,T1046,Network Service Discovery,,,yes,Containers; IaaS; Linux; macOS; Network Devices; Windows,DET0376,AN1057; AN1058; AN1059; AN1060,Network Connection Creation; Network Traffic Content; Network Traffic Flow; Process Creation,,not-covered,0,
TA0007,Discovery,2,T1049,System Network Connections Discovery,,,yes,ESXi; IaaS; Linux; macOS; Network Devices; Windows,DET0320,AN0903; AN0904; AN0905; AN0906; AN0907; AN0908,Command Execution; Network Traffic Content; OS API Execution; Process Creation,OS API Execution,not-covered,0,
TA0007,Discovery,2,T1057,Process Discovery,,,yes,ESXi; Linux; macOS; Network Devices; Windows,DET0034,AN0095; AN0096; AN0097; AN0098; AN0099,Command Execution; File Access; Process Access; Process Creation; Process Metadata,Process Access,not-covered,0,
TA0007,Discovery,2,T1069,Permission Groups Discovery,,,no,Containers; IaaS; Identity Provider; Linux; macOS; Office Suite; SaaS; Windows,DET0179,AN0507; AN0508; AN0509,Command Execution; Process Creation,,parent,0,
TA0007,Discovery,2,T1069,Permission Groups Discovery,T1069.001,Local Groups,yes,Linux; macOS; Windows,DET0114,AN0317; AN0318; AN0319,Process Creation,,not-covered,0,
TA0007,Discovery,2,T1069,Permission Groups Discovery,T1069.002,Domain Groups,yes,Linux; macOS; Windows,DET0360,AN1025; AN1026; AN1027,Command Execution; Network Traffic Content; Process Creation,,not-covered,0,
TA0007,Discovery,2,T1069,Permission Groups Discovery,T1069.003,Cloud Groups,yes,SaaS; IaaS; Office Suite; Identity Provider,DET0251,AN0695; AN0696; AN0697,Command Execution; Group Enumeration; Group Metadata,Group Enumeration; Group Metadata,out-of-scope,0,
TA0007,Discovery,2,T1082,System Information Discovery,,,yes,ESXi; IaaS; Linux; macOS; Network Devices; Windows,DET0525,AN1452; AN1453; AN1454; AN1455; AN1456; AN1457,Command Execution; Instance Enumeration; Process Creation; Windows Registry Key Modification,Instance Enumeration,not-covered,0,
TA0007,Discovery,2,T1083,File and Directory Discovery,,,yes,ESXi; Linux; macOS; Network Devices; Windows,DET0370,AN1040; AN1041; AN1042; AN1043; AN1044,Command Execution; File Access; File Creation; Process Creation,,not-covered,0,
TA0007,Discovery,2,T1087,Account Discovery,,,no,ESXi; IaaS; Identity Provider; Linux; macOS; Office Suite; SaaS; Windows,DET0587,AN1612; AN1613; AN1614; AN1615; AN1616; AN1617; AN1618; AN1619,Cloud Service Enumeration; Command Execution; File Access; Group Enumeration; Process Creation; Script Execution; User Account Metadata,Cloud Service Enumeration; Group Enumeration,parent,0,
TA0007,Discovery,2,T1087,Account Discovery,T1087.001,Local Account,yes,ESXi; Linux; macOS; Windows,DET0303,AN0846; AN0847; AN0848; AN0849,File Access; Process Creation; User Account Metadata,,not-covered,0,
TA0007,Discovery,2,T1087,Account Discovery,T1087.002,Domain Account,yes,Linux; macOS; Windows,DET0129,AN0363; AN0364; AN0365,Command Execution; Network Traffic Content; Process Creation,,not-covered,0,
TA0007,Discovery,2,T1087,Account Discovery,T1087.003,Email Account,yes,Windows; Office Suite,DET0229,AN0641; AN0642,Application Log Content; Command Execution; Process Creation; User Account Authentication; User Account Metadata,,not-covered,0,
TA0007,Discovery,2,T1087,Account Discovery,T1087.004,Cloud Account,yes,IaaS; Identity Provider; Office Suite; SaaS,DET0386,AN1087; AN1088; AN1089; AN1090,Application Log Content; Command Execution; User Account Authentication; User Account Metadata,,out-of-scope,0,
TA0007,Discovery,2,T1120,Peripheral Device Discovery,,,yes,Linux; macOS; Windows,DET0491,AN1353; AN1354; AN1355,Drive Access; File Access; Process Access; Process Creation,Drive Access; Process Access,blocked-telemetry,0,
TA0007,Discovery,2,T1124,System Time Discovery,,,yes,ESXi; Linux; macOS; Network Devices; Windows,DET0151,AN0430; AN0431; AN0432; AN0433; AN0434,Command Execution; File Creation; File Modification; Module Load; OS API Execution; Process Access; Process Creation; Process Metadata; Scheduled Job Creation; Scheduled Job Metadata; User Account Authentication,Module Load; OS API Execution; Process Access; Scheduled Job Metadata,blocked-telemetry,0,
TA0007,Discovery,2,T1135,Network Share Discovery,,,yes,Linux; macOS; Windows,DET0182,AN0513; AN0514; AN0515,Command Execution; Named Pipe Metadata; Network Connection Creation; Network Traffic Flow; OS API Execution; Process Creation,Named Pipe Metadata; OS API Execution,not-covered,0,
TA0007,Discovery,2,T1201,Password Policy Discovery,,,yes,Windows; Linux; macOS; IaaS; Network Devices; Identity Provider; SaaS; Office Suite,DET0161,AN0455; AN0456; AN0457; AN0458; AN0459; AN0460; AN0461,Active Directory Object Access; Command Execution; Process Creation; User Account Metadata,,not-covered,0,
TA0007,Discovery,2,T1217,Browser Information Discovery,,,yes,Linux; macOS; Windows,DET0013,AN0037; AN0038; AN0039,Command Execution; File Access; File Creation; Process Creation,,not-covered,0,
TA0007,Discovery,2,T1482,Domain Trust Discovery,,,yes,Windows,DET0007,AN0016,Active Directory Object Access; Command Execution; Module Load; Process Access; Process Creation,Module Load; Process Access,blocked-telemetry,0,
TA0007,Discovery,2,T1497,Virtualization/Sandbox Evasion,,,no,Linux; macOS; Windows,DET0046,AN0127; AN0128; AN0129,Command Execution; Module Load; Process Creation,Module Load,parent,0,
TA0007,Discovery,2,T1497,Virtualization/Sandbox Evasion,T1497.001,System Checks,yes,Linux; macOS; Windows,DET0168,AN0478; AN0479; AN0480,Module Load; Process Access; Process Creation,Module Load; Process Access,covered,1,techniques/T1497-virtualization-sandbox-evasion/T1497.001-system-checks/virtual-machine-artifact-enumeration.yaml
TA0007,Discovery,2,T1497,Virtualization/Sandbox Evasion,T1497.002,User Activity Based Checks,yes,Linux; macOS; Windows,DET0420,AN1182; AN1183; AN1184,Command Execution; File Access; Logon Session Metadata; OS API Execution; Process Access; Process Creation,OS API Execution; Process Access,not-covered,0,
TA0007,Discovery,2,T1497,Virtualization/Sandbox Evasion,T1497.003,Time Based Checks,yes,Linux; macOS; Windows,DET0141,AN0396; AN0397; AN0398,File Metadata; Module Load; OS API Execution; Process Creation,Module Load; OS API Execution,not-covered,0,
TA0007,Discovery,2,T1518,Software Discovery,,,no,ESXi; IaaS; Linux; macOS; Windows,DET0392,AN1100; AN1101; AN1102; AN1103; AN1104,Application Log Content; Cloud Service Enumeration; Command Execution; Process Creation,Cloud Service Enumeration,parent,0,
TA0007,Discovery,2,T1518,Software Discovery,T1518.001,Security Software Discovery,yes,IaaS; Linux; macOS; Windows,DET0016,AN0048; AN0049; AN0050,Command Execution; Module Load; Process Creation,Module Load,not-covered,0,
TA0007,Discovery,2,T1518,Software Discovery,T1518.002,Backup Software Discovery,yes,Windows; macOS; Linux,DET0088,AN0240; AN0241; AN0242,File Access; File Creation; Process Creation; Windows Registry Key Modification,,not-covered,0,
TA0007,Discovery,2,T1526,Cloud Service Discovery,,,yes,IaaS; Identity Provider; Office Suite; SaaS,DET0402,AN1127; AN1128; AN1129; AN1130,Cloud Service Enumeration; Logon Session Creation; User Account Metadata,Cloud Service Enumeration,out-of-scope,0,
TA0007,Discovery,2,T1538,Cloud Service Dashboard,,,yes,IaaS; SaaS; Office Suite; Identity Provider,DET0291,AN0808; AN0809; AN0810; AN0811,Application Log Content; Cloud Storage Metadata; Logon Session Creation; User Account Authentication,Cloud Storage Metadata,out-of-scope,0,
TA0007,Discovery,2,T1580,Cloud Infrastructure Discovery,,,yes,IaaS,DET0169,AN0481,Cloud Storage Enumeration; Instance Enumeration; Instance Metadata,Cloud Storage Enumeration; Instance Enumeration; Instance Metadata,out-of-scope,0,
TA0007,Discovery,2,T1613,Container and Resource Discovery,,,yes,Containers,DET0490,AN1352,Container Enumeration; Pod Enumeration,Container Enumeration; Pod Enumeration,out-of-scope,0,
TA0007,Discovery,2,T1614,System Location Discovery,,,no,IaaS; Linux; macOS; Windows,DET0043,AN0119; AN0120; AN0121; AN0122,Command Execution; Network Traffic Content; OS API Execution; Process Creation,OS API Execution,parent,0,
TA0007,Discovery,2,T1614,System Location Discovery,T1614.001,System Language Discovery,yes,Linux; macOS; Windows,DET0565,AN1561; AN1562; AN1563,Command Execution; OS API Execution; Process Creation; Windows Registry Key Access,OS API Execution,not-covered,0,
TA0007,Discovery,2,T1615,Group Policy Discovery,,,yes,Windows,DET0055,AN0152,Active Directory Object Access; Command Execution; Network Traffic Content; Process Creation,,not-covered,0,
TA0007,Discovery,2,T1619,Cloud Storage Object Discovery,,,yes,IaaS,DET0578,AN1594,Cloud Storage Access; Cloud Storage Enumeration,Cloud Storage Access; Cloud Storage Enumeration,out-of-scope,0,
TA0007,Discovery,2,T1622,Debugger Evasion,,,yes,Linux; macOS; Windows,DET0371,AN1045; AN1046; AN1047,File Access; OS API Execution; Process Creation,OS API Execution,not-covered,0,
TA0007,Discovery,2,T1652,Device Driver Discovery,,,yes,Linux; macOS; Windows,DET0579,AN1595; AN1596; AN1597,Command Execution; File Access; Process Creation; Windows Registry Key Modification,,not-covered,0,
TA0007,Discovery,2,T1654,Log Enumeration,,,yes,ESXi; IaaS; Linux; macOS; Windows,DET0255,AN0705; AN0706; AN0707; AN0708; AN0709,Command Execution; File Access; Process Creation,,not-covered,0,
TA0007,Discovery,2,T1673,Virtual Machine Discovery,,,yes,ESXi; Linux; macOS; Windows,DET0199,AN0572; AN0573; AN0574; AN0575,Command Execution; Process Creation,,not-covered,0,
TA0007,Discovery,2,T1680,Local Storage Discovery,,,yes,ESXi; IaaS; Linux; macOS; Windows,DET0188,AN0536; AN0537; AN0538; AN0539,Command Execution; Process Creation; User Account Authentication,,not-covered,0,
TA0008,Lateral Movement,1,T1021,Remote Services,,,no,Linux; macOS; Windows; IaaS; ESXi,DET0269,AN0750; AN0751; AN0752; AN0753; AN0754,Command Execution; Logon Session Creation; Network Connection Creation; Process Creation,,parent,0,
TA0008,Lateral Movement,1,T1021,Remote Services,T1021.001,Remote Desktop Protocol,yes,Windows,DET0327,AN0931,Logon Session Creation; Logon Session Metadata; Network Connection Creation; Process Creation,,covered,1,techniques/T1021-remote-services/T1021.001-remote-desktop-protocol/rdp-session-from-unusual-source.yaml
TA0008,Lateral Movement,1,T1021,Remote Services,T1021.002,SMB/Windows Admin Shares,yes,Windows,DET0530,AN1468,Logon Session Creation; Network Connection Creation; Process Creation,,covered,1,techniques/T1021-remote-services/T1021.002-smb-windows-admin-shares/admin-share-remote-execution.yaml
TA0008,Lateral Movement,1,T1021,Remote Services,T1021.003,Distributed Component Object Model,yes,Windows,DET0285,AN0791,Logon Session Creation; Module Load; Network Connection Creation; Process Creation,Module Load,blocked-telemetry,0,
TA0008,Lateral Movement,1,T1021,Remote Services,T1021.004,SSH,yes,ESXi; Linux; macOS,DET0596,AN1638; AN1639; AN1640,Command Execution; Logon Session Creation; Logon Session Metadata; Network Traffic Content; Network Traffic Flow; Process Creation,,not-covered,0,
TA0008,Lateral Movement,1,T1021,Remote Services,T1021.005,VNC,yes,Linux; Windows; macOS,DET0178,AN0504; AN0505; AN0506,Logon Session Creation; Logon Session Metadata; Network Traffic Flow; Process Creation,,covered,1,techniques/T1021-remote-services/T1021.005-vnc/vnc-server-installed-for-remote-control.yaml
TA0008,Lateral Movement,1,T1021,Remote Services,T1021.006,Windows Remote Management,yes,Windows,DET0477,AN1313,Logon Session Creation; Network Traffic Flow; Process Creation; Service Metadata,,covered,1,techniques/T1021-remote-services/T1021.006-windows-remote-management/winrm-remote-command-execution.yaml
TA0008,Lateral Movement,1,T1021,Remote Services,T1021.007,Cloud Services,yes,IaaS; Identity Provider; Office Suite; SaaS,DET0008,AN0017; AN0018; AN0019; AN0020,Command Execution; File Access; Logon Session Creation,,out-of-scope,0,
TA0008,Lateral Movement,1,T1021,Remote Services,T1021.008,Direct Cloud VM Connections,yes,IaaS,DET0211,AN0594,Logon Session Creation; Process Creation,,out-of-scope,0,
TA0008,Lateral Movement,1,T1072,Software Deployment Tools,,,yes,Linux; macOS; Network Devices; SaaS; Windows,DET0223,AN0623; AN0624; AN0625; AN0626; AN0627,Application Log Content; Command Execution; Network Traffic Flow; Process Creation,,covered,1,techniques/T1072-software-deployment-tools/deployment-tool-used-to-push-untrusted-payload.yaml
TA0008,Lateral Movement,1,T1080,Taint Shared Content,,,yes,Windows; SaaS; Linux; macOS; Office Suite,DET0471,AN1298; AN1299; AN1300; AN1301; AN1302,File Creation; File Modification; Network Share Access,,covered,1,techniques/T1080-taint-shared-content/executable-content-planted-on-a-network-share.yaml
TA0008,Lateral Movement,1,T1091,Replication Through Removable Media,,,yes,Windows,DET0301,AN0841,Drive Creation; File Access; File Creation; Process Creation,Drive Creation,blocked-telemetry,0,
TA0008,Lateral Movement,1,T1210,Exploitation of Remote Services,,,yes,Linux; Windows; macOS; ESXi,DET0118,AN0327; AN0328; AN0329; AN0330,Application Log Content; File Creation; Module Load; Network Connection Creation; Network Traffic Content; Process Access; Process Creation,Module Load; Process Access,not-covered,0,
TA0008,Lateral Movement,1,T1534,Internal Spearphishing,,,yes,Linux; macOS; Office Suite; SaaS; Windows,DET0054,AN0147; AN0148; AN0149; AN0150; AN0151,Application Log Content; Command Execution; Logon Session Creation; Logon Session Metadata; Network Traffic Content; Process Creation; User Account Authentication,,not-covered,0,
TA0008,Lateral Movement,1,T1550,Use Alternate Authentication Material,,,no,Containers; IaaS; Identity Provider; Linux; Office Suite; SaaS; Windows,DET0338,AN0954; AN0955; AN0956; AN0957; AN0958; AN0959; AN0960,Application Log Content; Logon Session Creation; Process Creation; User Account Authentication; User Account Metadata; Web Credential Usage,Web Credential Usage,parent,0,
TA0008,Lateral Movement,1,T1550,Use Alternate Authentication Material,T1550.001,Application Access Token,yes,Containers; IaaS; Identity Provider; Office Suite; SaaS,DET0185,AN0526; AN0527; AN0528; AN0529; AN0530,User Account Authentication; Web Credential Usage,Web Credential Usage,out-of-scope,0,
TA0008,Lateral Movement,1,T1550,Use Alternate Authentication Material,T1550.002,Pass the Hash,yes,Windows,DET0409,AN1144,Active Directory Credential Request; Logon Session Creation; Network Connection Creation; Process Creation,,covered,1,techniques/T1550-use-alternate-authentication-material/T1550.002-pass-the-hash/pass-the-hash-lateral-authentication.yaml
TA0008,Lateral Movement,1,T1550,Use Alternate Authentication Material,T1550.003,Pass the Ticket,yes,Windows,DET0352,AN1000,Active Directory Credential Request; Logon Session Creation; Module Load; Process Access; User Account Authentication,Module Load; Process Access,covered,1,techniques/T1550-use-alternate-authentication-material/T1550.003-pass-the-ticket/kerberos-ticket-injected-into-session.yaml
TA0008,Lateral Movement,1,T1550,Use Alternate Authentication Material,T1550.004,Web Session Cookie,yes,IaaS; Office Suite; SaaS,DET0074,AN0201; AN0202; AN0203,Logon Session Creation; User Account Authentication; Web Credential Usage,Web Credential Usage,out-of-scope,0,
TA0008,Lateral Movement,1,T1563,Remote Service Session Hijacking,,,no,Linux; macOS; Windows,DET0079,AN0216; AN0217; AN0218,Command Execution; Logon Session Creation; Network Connection Creation; Network Traffic Content; Network Traffic Flow; Process Creation,,parent,0,
TA0008,Lateral Movement,1,T1563,Remote Service Session Hijacking,T1563.001,SSH Hijacking,yes,Linux; macOS,DET0256,AN0710; AN0711,Logon Session Creation; Network Connection Creation; Process Creation; Process Metadata,,not-covered,0,
TA0008,Lateral Movement,1,T1563,Remote Service Session Hijacking,T1563.002,RDP Hijacking,yes,Windows,DET0588,AN1620,Logon Session Creation; Network Connection Creation; Process Creation; Service Creation,,covered,1,techniques/T1563-remote-service-session-hijacking/T1563.002-rdp-hijacking/rdp-session-hijacked-via-tscon.yaml
TA0008,Lateral Movement,1,T1570,Lateral Tool Transfer,,,yes,ESXi; Linux; macOS; Windows,DET0183,AN0516; AN0517; AN0518; AN0519,Command Execution; File Creation; File Metadata; Network Share Access; Process Creation,,covered,1,techniques/T1570-lateral-tool-transfer/tooling-copied-between-hosts.yaml
TA0009,Collection,2,T1005,Data from Local System,,,yes,ESXi; Linux; macOS; Network Devices; Windows,DET0380,AN1070; AN1071; AN1072; AN1073; AN1074,Command Execution; File Access; File Creation; Process Creation,,not-covered,0,
TA0009,Collection,2,T1025,Data from Removable Media,,,yes,Linux; macOS; Windows,DET0511,AN1410; AN1411; AN1412,Drive Creation; File Access; Process Creation,Drive Creation,blocked-telemetry,0,
TA0009,Collection,2,T1039,Data from Network Shared Drive,,,yes,Linux; macOS; Windows,DET0410,AN1145; AN1146; AN1147,Drive Access; File Access; File Creation; Network Share Access,Drive Access,not-covered,0,
TA0009,Collection,2,T1056,Input Capture,,,no,Linux; macOS; Network Devices; Windows,DET0102,AN0282; AN0283; AN0284; AN0285,File Access; File Modification; Network Connection Creation; Network Traffic Content; OS API Execution; Process Access; Process Creation; Process Metadata,OS API Execution; Process Access,parent,0,
TA0009,Collection,2,T1056,Input Capture,T1056.001,Keylogging,yes,Linux; macOS; Network Devices; Windows,DET0089,AN0243; AN0244; AN0245; AN0246,File Access; Firmware Modification; Network Traffic Content; OS API Execution; Process Access; Process Creation; Process Metadata; Service Creation; Windows Registry Key Modification,Firmware Modification; OS API Execution; Process Access,not-covered,0,
TA0009,Collection,2,T1056,Input Capture,T1056.002,GUI Input Capture,yes,Linux; macOS; Windows,DET0521,AN1440; AN1441; AN1442,Command Execution; Process Creation; Script Execution,,covered,1,techniques/T1056-input-capture/T1056.002-gui-input-capture/credential-prompt-presented-by-a-script.yaml
TA0009,Collection,2,T1056,Input Capture,T1056.003,Web Portal Capture,yes,Linux; macOS; Windows,DET0480,AN1320; AN1321; AN1322,File Creation; File Modification; Network Traffic Content,,covered,1,techniques/T1056-input-capture/T1056.003-web-portal-capture/authentication-page-modified-to-capture-credentials.yaml
TA0009,Collection,2,T1056,Input Capture,T1056.004,Credential API Hooking,yes,Windows; Linux; macOS,DET0139,AN0389; AN0390; AN0391,File Access; Module Load; Process Access; Process Creation; Process Modification,Module Load; Process Access; Process Modification,blocked-telemetry,0,
TA0009,Collection,2,T1074,Data Staged,,,no,ESXi; IaaS; Linux; macOS; Windows,DET0014,AN0040; AN0041; AN0042; AN0043; AN0044,Cloud Storage Access; Command Execution; File Access; File Creation; Process Creation,Cloud Storage Access,parent,0,
TA0009,Collection,2,T1074,Data Staged,T1074.001,Local Data Staging,yes,ESXi; Linux; macOS; Windows,DET0261,AN0724; AN0725; AN0726; AN0727,Command Execution; File Access; File Creation; Process Creation; Snapshot Creation,Snapshot Creation,not-covered,0,
TA0009,Collection,2,T1074,Data Staged,T1074.002,Remote Data Staging,yes,ESXi; IaaS; Linux; macOS; Windows,DET0071,AN0194; AN0195; AN0196; AN0197; AN0198,Cloud Storage Access; Command Execution; File Access; File Creation; Network Share Access; Network Traffic Content; Process Creation,Cloud Storage Access,not-covered,0,
TA0009,Collection,2,T1113,Screen Capture,,,yes,Linux; macOS; Windows,DET0346,AN0980; AN0981; AN0982,Module Load; Process Creation,Module Load,not-covered,0,
TA0009,Collection,2,T1114,Email Collection,,,no,Windows; macOS; Linux; Office Suite,DET0476,AN1309; AN1310; AN1311; AN1312,Application Log Content; Command Execution; File Access; Logon Session Creation; Network Connection Creation; Network Share Access; Process Creation,,parent,0,
TA0009,Collection,2,T1114,Email Collection,T1114.001,Local Email Collection,yes,Windows,DET0047,AN0130,File Access; File Creation; Network Connection Creation; Process Creation,,not-covered,0,
TA0009,Collection,2,T1114,Email Collection,T1114.002,Remote Email Collection,yes,Office Suite; Windows,DET0048,AN0131; AN0132,Application Log Content; Command Execution; Logon Session Creation; Network Connection Creation,,not-covered,0,
TA0009,Collection,2,T1114,Email Collection,T1114.003,Email Forwarding Rule,yes,Linux; macOS; Office Suite; Windows,DET0576,AN1589; AN1590; AN1591; AN1592,Application Log Content; Cloud Service Metadata; Command Execution; File Modification; Process Creation,Cloud Service Metadata,not-covered,0,
TA0009,Collection,2,T1115,Clipboard Data,,,yes,Linux; macOS; Windows,DET0341,AN0965; AN0966; AN0967,Process Access; Process Creation,Process Access,not-covered,0,
TA0009,Collection,2,T1119,Automated Collection,,,yes,IaaS; Linux; macOS; Office Suite; SaaS; Windows,DET0186,AN0531; AN0532; AN0533; AN0534,File Access; File Creation; Process Creation; Script Execution; User Account Authentication,,not-covered,0,
TA0009,Collection,2,T1123,Audio Capture,,,yes,Linux; macOS; Windows,DET0221,AN0619; AN0620; AN0621,File Access; File Creation; OS API Execution; Process Access; Process Creation,OS API Execution; Process Access,not-covered,0,
TA0009,Collection,2,T1125,Video Capture,,,yes,Linux; macOS; Windows,DET0197,AN0568; AN0569; AN0570,Command Execution; File Access; File Creation; Module Load; Network Connection Creation; Network Traffic Content; OS API Execution; Process Creation; Process Metadata,Module Load; OS API Execution,blocked-telemetry,0,
TA0009,Collection,2,T1185,Browser Session Hijacking,,,yes,Windows,DET0507,AN1398,Logon Session Creation; Logon Session Metadata; Module Load; Network Connection Creation; Process Access; Process Modification; User Account Metadata,Module Load; Process Access; Process Modification,blocked-telemetry,0,
TA0009,Collection,2,T1213,Data from Information Repositories,,,no,Linux; Windows; macOS; SaaS; IaaS; Office Suite,DET0413,AN1160; AN1161; AN1162; AN1163,Application Log Content; Cloud Service Modification; Cloud Storage Access; Command Execution; File Access; Network Connection Creation; Network Share Access; Process Creation,Cloud Service Modification; Cloud Storage Access,parent,0,
TA0009,Collection,2,T1213,Data from Information Repositories,T1213.001,Confluence,yes,SaaS,DET0358,AN1019,Application Log Content; Logon Session Creation; Network Traffic Content,,out-of-scope,0,
TA0009,Collection,2,T1213,Data from Information Repositories,T1213.002,Sharepoint,yes,Office Suite; Windows,DET0500,AN1380,Application Log Content; Cloud Service Metadata; Logon Session Creation,Cloud Service Metadata,blocked-telemetry,0,
TA0009,Collection,2,T1213,Data from Information Repositories,T1213.003,Code Repositories,yes,SaaS,DET0263,AN0732,Application Log Content; Cloud Service Metadata; Logon Session Creation,Cloud Service Metadata,out-of-scope,0,
TA0009,Collection,2,T1213,Data from Information Repositories,T1213.004,Customer Relationship Management Software,yes,SaaS,DET0550,AN1520,Application Log Content; Logon Session Creation,,out-of-scope,0,
TA0009,Collection,2,T1213,Data from Information Repositories,T1213.005,Messaging Applications,yes,Office Suite; SaaS,DET0567,AN1565; AN1566,Application Log Content; Logon Session Creation,,out-of-scope,0,
TA0009,Collection,2,T1213,Data from Information Repositories,T1213.006,Databases,yes,IaaS; Linux; macOS; SaaS; Windows,DET0242,AN0676; AN0677; AN0678; AN0679; AN0680,Application Log Content; Cloud Service Metadata; Cloud Storage Access; File Access; File Creation; Network Connection Creation; Network Traffic Content; Process Creation,Cloud Service Metadata; Cloud Storage Access,not-covered,0,
TA0009,Collection,2,T1530,Data from Cloud Storage,,,yes,IaaS; Office Suite; SaaS,DET0484,AN1328; AN1329; AN1330,Cloud Storage Access; Network Traffic Content; User Account Authentication; User Account Metadata,Cloud Storage Access,out-of-scope,0,
TA0009,Collection,2,T1557,Adversary-in-the-Middle,,,no,Linux; macOS; Network Devices; Windows,DET0296,AN0823; AN0824; AN0825; AN0826,Application Log Content; File Modification; Network Connection Creation; Network Traffic Content; Network Traffic Flow; Windows Registry Key Modification,,parent,0,
TA0009,Collection,2,T1557,Adversary-in-the-Middle,T1557.001,Name Resolution Poisoning and SMB Relay,yes,Windows,DET0462,AN1274,Network Traffic Content; Network Traffic Flow; Service Creation; Windows Registry Key Modification,,not-covered,0,
TA0009,Collection,2,T1557,Adversary-in-the-Middle,T1557.002,ARP Cache Poisoning,yes,Linux; Windows; macOS,DET0387,AN1091; AN1092; AN1093,Network Connection Creation; Network Traffic Content; Network Traffic Flow,,not-covered,0,
TA0009,Collection,2,T1557,Adversary-in-the-Middle,T1557.003,DHCP Spoofing,yes,Linux; Windows; macOS,DET0468,AN1290; AN1291; AN1292,Application Log Content; Network Traffic Content; Network Traffic Flow,,not-covered,0,
TA0009,Collection,2,T1557,Adversary-in-the-Middle,T1557.004,Evil Twin,yes,Network Devices,DET0379,AN1069,Application Log Content; Network Traffic Content; Network Traffic Flow,,out-of-scope,0,
TA0009,Collection,2,T1560,Archive Collected Data,,,no,Linux; macOS; Windows,DET0526,AN1458; AN1459; AN1460,Command Execution; File Creation; Module Load; Process Creation,Module Load,parent,0,
TA0009,Collection,2,T1560,Archive Collected Data,T1560.001,Archive via Utility,yes,Linux; macOS; Windows,DET0298,AN0831; AN0832; AN0833,Command Execution; File Creation; Module Load; Process Creation,Module Load,not-covered,0,
TA0009,Collection,2,T1560,Archive Collected Data,T1560.002,Archive via Library,yes,Linux; macOS; Windows,DET0268,AN0747; AN0748; AN0749,Command Execution; File Creation; Module Load; Process Creation,Module Load,blocked-telemetry,0,
TA0009,Collection,2,T1560,Archive Collected Data,T1560.003,Archive via Custom Method,yes,Linux; macOS; Windows,DET0438,AN1213; AN1214; AN1215,Command Execution; File Creation; Process Access; Process Creation; Process Modification,Process Access; Process Modification,blocked-telemetry,0,
TA0009,Collection,2,T1602,Data from Configuration Repository,,,no,Network Devices,DET0592,AN1630,Network Connection Creation; Network Traffic Content,,parent,0,
TA0009,Collection,2,T1602,Data from Configuration Repository,T1602.001,SNMP (MIB Dump),yes,Network Devices,DET0453,AN1249,File Modification; Network Connection Creation; Network Traffic Content,,out-of-scope,0,
TA0009,Collection,2,T1602,Data from Configuration Repository,T1602.002,Network Device Configuration Dump,yes,Network Devices,DET0233,AN0647,Command Execution; Network Connection Creation; Network Traffic Content; User Account Authentication,,out-of-scope,0,
TA0010,Exfiltration,2,T1011,Exfiltration Over Other Network Medium,,,no,Linux; macOS; Windows,DET0077,AN0212; AN0213; AN0214,Command Execution; File Creation; Host Status; Network Connection Creation; Network Traffic Content; Network Traffic Flow; Process Creation,Host Status,parent,0,
TA0010,Exfiltration,2,T1011,Exfiltration Over Other Network Medium,T1011.001,Exfiltration Over Bluetooth,yes,Linux; macOS; Windows,DET0554,AN1531; AN1532; AN1533,Command Execution; File Access; File Creation; Network Connection Creation; Process Creation,,not-covered,0,
TA0010,Exfiltration,2,T1020,Automated Exfiltration,,,no,Linux; macOS; Network Devices; Windows,DET0397,AN1113; AN1114; AN1115,Network Connection Creation; Process Creation; Scheduled Job Creation,,parent,0,
TA0010,Exfiltration,2,T1020,Automated Exfiltration,T1020.001,Traffic Duplication,yes,Network Devices; IaaS,DET0403,AN1131; AN1132,Network Connection Creation; Network Traffic Flow,,out-of-scope,0,
TA0010,Exfiltration,2,T1029,Scheduled Transfer,,,yes,Linux; macOS; Windows,DET0399,AN1118; AN1119; AN1120,Network Connection Creation; Network Traffic Flow; Process Creation; Scheduled Job Metadata,Scheduled Job Metadata,blocked-telemetry,0,
TA0010,Exfiltration,2,T1030,Data Transfer Size Limits,,,yes,Linux; macOS; Windows; ESXi,DET0213,AN0596; AN0597; AN0598,Network Connection Creation; Network Traffic Flow,,not-covered,0,
TA0010,Exfiltration,2,T1041,Exfiltration Over C2 Channel,,,yes,ESXi; Linux; macOS; Windows,DET0348,AN0988; AN0989; AN0990; AN0991,File Access; Network Connection Creation; Network Traffic Content; Network Traffic Flow; Process Creation,,not-covered,0,
TA0010,Exfiltration,2,T1048,Exfiltration Over Alternative Protocol,,,no,ESXi; IaaS; Linux; macOS; Network Devices; Office Suite; SaaS; Windows,DET0131,AN0367; AN0368; AN0369; AN0370; AN0371,Cloud Storage Access; Command Execution; File Access; File Creation; File Modification; Network Connection Creation; Network Traffic Content; Network Traffic Flow; Process Creation,Cloud Storage Access,parent,0,
TA0010,Exfiltration,2,T1048,Exfiltration Over Alternative Protocol,T1048.001,Exfiltration Over Symmetric Encrypted Non-C2 Protocol,yes,Linux; macOS; Windows; ESXi,DET0503,AN1389; AN1390; AN1391; AN1392,Command Execution; Network Connection Creation; Network Traffic Content; Network Traffic Flow; Process Creation,,not-covered,0,
TA0010,Exfiltration,2,T1048,Exfiltration Over Alternative Protocol,T1048.002,Exfiltration Over Asymmetric Encrypted Non-C2 Protocol,yes,ESXi; Linux; macOS; Windows,DET0512,AN1413; AN1414; AN1415; AN1416,Command Execution; File Access; Network Connection Creation; Network Traffic Content; Network Traffic Flow; Process Creation,,not-covered,0,
TA0010,Exfiltration,2,T1048,Exfiltration Over Alternative Protocol,T1048.003,Exfiltration Over Unencrypted Non-C2 Protocol,yes,ESXi; Linux; macOS; Network Devices; Windows,DET0149,AN0423; AN0424; AN0425; AN0426; AN0427,Command Execution; File Access; Network Connection Creation; Network Traffic Content; Network Traffic Flow; Process Creation,,not-covered,0,
TA0010,Exfiltration,2,T1052,Exfiltration Over Physical Medium,,,no,Linux; macOS; Windows,DET0123,AN0342; AN0343; AN0344,Command Execution; Drive Creation; File Access; File Creation; Process Creation,Drive Creation,parent,0,
TA0010,Exfiltration,2,T1052,Exfiltration Over Physical Medium,T1052.001,Exfiltration over USB,yes,Linux; Windows; macOS,DET0220,AN0616; AN0617; AN0618,Drive Creation; File Access; File Creation; Process Creation,Drive Creation,blocked-telemetry,0,
TA0010,Exfiltration,2,T1537,Transfer Data to Cloud Account,,,yes,IaaS; Office Suite; SaaS,DET0573,AN1580; AN1581; AN1582,Application Log Content; Cloud Storage Metadata; Cloud Storage Modification; Network Traffic Content; Snapshot Creation; Snapshot Metadata; Snapshot Modification,Cloud Storage Metadata; Cloud Storage Modification; Snapshot Creation; Snapshot Metadata; Snapshot Modification,out-of-scope,0,
TA0010,Exfiltration,2,T1567,Exfiltration Over Web Service,,,no,ESXi; Linux; macOS; Office Suite; SaaS; Windows,DET0548,AN1511; AN1512; AN1513; AN1514; AN1515,Application Log Content; Command Execution; File Access; File Creation; Network Connection Creation; Network Traffic Content; Network Traffic Flow; Process Creation,,parent,0,
TA0010,Exfiltration,2,T1567,Exfiltration Over Web Service,T1567.001,Exfiltration to Code Repository,yes,ESXi; Linux; macOS; Windows,DET0318,AN0895; AN0896; AN0897; AN0898,Command Execution; File Access; Network Connection Creation; Network Traffic Content; Network Traffic Flow; Process Creation,,not-covered,0,
TA0010,Exfiltration,2,T1567,Exfiltration Over Web Service,T1567.002,Exfiltration to Cloud Storage,yes,ESXi; Linux; macOS; Windows,DET0570,AN1571; AN1572; AN1573; AN1574,Command Execution; File Access; Network Connection Creation; Network Traffic Content; Network Traffic Flow; Process Creation,,not-covered,0,
TA0010,Exfiltration,2,T1567,Exfiltration Over Web Service,T1567.003,Exfiltration to Text Storage Sites,yes,Linux; macOS; Windows; ESXi,DET0284,AN0787; AN0788; AN0789; AN0790,Command Execution; File Access; Network Connection Creation; Network Traffic Content; Network Traffic Flow; Process Creation,,not-covered,0,
TA0010,Exfiltration,2,T1567,Exfiltration Over Web Service,T1567.004,Exfiltration Over Webhook,yes,ESXi; Linux; macOS; Office Suite; SaaS; Windows,DET0153,AN0436; AN0437; AN0438; AN0439; AN0440,Application Log Content; Command Execution; File Access; Network Connection Creation; Network Traffic Content; Network Traffic Flow; Process Creation,,not-covered,0,
TA0011,Command and Control,2,T1001,Data Obfuscation,,,no,ESXi; Linux; macOS; Windows,DET0053,AN0144; AN0145; AN0146,Network Connection Creation; Network Traffic Content; Process Creation,,parent,0,
TA0011,Command and Control,2,T1001,Data Obfuscation,T1001.001,Junk Data,yes,ESXi; Linux; macOS; Windows,DET0011,AN0030; AN0031; AN0032; AN0033,Network Connection Creation; Network Traffic Content; Process Access; Process Creation,Process Access,not-covered,0,
TA0011,Command and Control,2,T1001,Data Obfuscation,T1001.002,Steganography,yes,Linux; macOS; Windows; ESXi,DET0235,AN0651; AN0652; AN0653; AN0654,File Creation; File Metadata; Network Connection Creation; Network Traffic Content; Process Creation,,not-covered,0,
TA0011,Command and Control,2,T1001,Data Obfuscation,T1001.003,Protocol or Service Impersonation,yes,ESXi; Linux; macOS; Windows,DET0470,AN1294; AN1295; AN1296; AN1297,Network Connection Creation; Network Traffic Content; Process Creation; Process Metadata,,not-covered,0,
TA0011,Command and Control,2,T1008,Fallback Channels,,,yes,ESXi; Linux; macOS; Windows,DET0499,AN1376; AN1377; AN1378; AN1379,Network Connection Creation; Network Traffic Flow,,not-covered,0,
TA0011,Command and Control,2,T1071,Application Layer Protocol,,,no,Linux; macOS; Windows; Network Devices; ESXi,DET0444,AN1225; AN1226; AN1227; AN1228,Command Execution; Network Connection Creation; Network Traffic Content; Network Traffic Flow; Process Creation,,parent,0,
TA0011,Command and Control,2,T1071,Application Layer Protocol,T1071.001,Web Protocols,yes,ESXi; Linux; macOS; Network Devices; Windows,DET0027,AN0075; AN0076; AN0077; AN0078; AN0079,Command Execution; Network Connection Creation; Network Traffic Content; Network Traffic Flow; Process Creation,,not-covered,0,
TA0011,Command and Control,2,T1071,Application Layer Protocol,T1071.002,File Transfer Protocols,yes,ESXi; Linux; macOS; Network Devices; Windows,DET0416,AN1169; AN1170; AN1171; AN1172; AN1173,Command Execution; Network Connection Creation; Network Traffic Content; Network Traffic Flow; Process Creation,,not-covered,0,
TA0011,Command and Control,2,T1071,Application Layer Protocol,T1071.003,Mail Protocols,yes,Linux; macOS; Network Devices; Windows,DET0135,AN0379; AN0380; AN0381; AN0382,Network Connection Creation; Network Traffic Content; Network Traffic Flow; Process Creation,,not-covered,0,
TA0011,Command and Control,2,T1071,Application Layer Protocol,T1071.004,DNS,yes,ESXi; Linux; macOS; Network Devices; Windows,DET0400,AN1121; AN1122; AN1123; AN1124; AN1125,Network Connection Creation; Network Traffic Content; Network Traffic Flow; Process Creation,,not-covered,0,
TA0011,Command and Control,2,T1071,Application Layer Protocol,T1071.005,Publish/Subscribe Protocols,yes,macOS; Linux; Windows; Network Devices,DET0002,AN0002; AN0003; AN0004; AN0005,Network Connection Creation; Network Traffic Content; Network Traffic Flow; Process Creation,,not-covered,0,
TA0011,Command and Control,2,T1090,Proxy,,,no,ESXi; Linux; macOS; Network Devices; Windows,DET0445,AN1229; AN1230; AN1231; AN1232; AN1233,Command Execution; Firewall Rule Modification; Network Connection Creation; Network Traffic Flow; Process Creation,Firewall Rule Modification,parent,0,
TA0011,Command and Control,2,T1090,Proxy,T1090.001,Internal Proxy,yes,ESXi; Linux; macOS; Network Devices; Windows,DET0075,AN0204; AN0205; AN0206; AN0207; AN0208,Command Execution; Firewall Rule Modification; Network Connection Creation; Network Traffic Content; Network Traffic Flow; Process Creation; Service Creation,Firewall Rule Modification,not-covered,0,
TA0011,Command and Control,2,T1090,Proxy,T1090.002,External Proxy,yes,ESXi; Linux; macOS; Network Devices; Windows,DET0325,AN0922; AN0923; AN0924; AN0925; AN0926,Firewall Rule Modification; Network Connection Creation; Network Traffic Content; Network Traffic Flow; Process Creation,Firewall Rule Modification,not-covered,0,
TA0011,Command and Control,2,T1090,Proxy,T1090.003,Multi-hop Proxy,yes,ESXi; Linux; macOS; Network Devices; Windows,DET0359,AN1020; AN1021; AN1022; AN1023; AN1024,Firmware Modification; Network Connection Creation; Network Traffic Content; Network Traffic Flow; Process Creation,Firmware Modification,not-covered,0,
TA0011,Command and Control,2,T1090,Proxy,T1090.004,Domain Fronting,yes,Linux; macOS; Windows; ESXi,DET0196,AN0564; AN0565; AN0566; AN0567,Network Connection Creation; Network Traffic Content; Process Creation,,not-covered,0,
TA0011,Command and Control,2,T1092,Communication Through Removable Media,,,yes,Linux; macOS; Windows,DET0090,AN0247; AN0248; AN0249,Drive Creation; File Creation; Process Creation,Drive Creation,blocked-telemetry,0,
TA0011,Command and Control,2,T1095,Non-Application Layer Protocol,,,yes,ESXi; Linux; macOS; Network Devices; Windows,DET0457,AN1254; AN1255; AN1256; AN1257; AN1258,Network Connection Creation; Network Traffic Content; Network Traffic Flow,,not-covered,0,
TA0011,Command and Control,2,T1102,Web Service,,,no,ESXi; Linux; macOS; Windows,DET0425,AN1189; AN1190; AN1191; AN1192,Network Connection Creation; Network Traffic Content; Network Traffic Flow,,parent,0,
TA0011,Command and Control,2,T1102,Web Service,T1102.001,Dead Drop Resolver,yes,ESXi; Linux; macOS; Windows,DET0058,AN0158; AN0159; AN0160; AN0161,Network Connection Creation; Network Traffic Content; Network Traffic Flow,,not-covered,0,
TA0011,Command and Control,2,T1102,Web Service,T1102.002,Bidirectional Communication,yes,ESXi; Linux; macOS; Windows,DET0035,AN0100; AN0101; AN0102,Network Connection Creation; Network Traffic Content; Network Traffic Flow; Process Creation,,not-covered,0,
TA0011,Command and Control,2,T1102,Web Service,T1102.003,One-Way Communication,yes,Linux; macOS; Windows; ESXi,DET0581,AN1599; AN1600; AN1601; AN1602,Network Connection Creation; Network Traffic Content; Network Traffic Flow; Process Creation,,not-covered,0,
TA0011,Command and Control,2,T1104,Multi-Stage Channels,,,yes,Linux; macOS; Windows; ESXi,DET0228,AN0637; AN0638; AN0639; AN0640,Network Connection Creation; Network Traffic Flow; Process Creation,,not-covered,0,
TA0011,Command and Control,2,T1105,Ingress Tool Transfer,,,yes,ESXi; Linux; macOS; Network Devices; Windows,DET0060,AN0165; AN0166; AN0167; AN0168; AN0169,Command Execution; File Creation; Network Connection Creation; Network Traffic Flow; Process Creation,,not-covered,0,
TA0011,Command and Control,2,T1132,Data Encoding,,,no,ESXi; Linux; macOS; Windows,DET0108,AN0302; AN0303; AN0304; AN0305,Command Execution; Network Connection Creation; Network Traffic Content; Process Creation; User Account Authentication,,parent,0,
TA0011,Command and Control,2,T1132,Data Encoding,T1132.001,Standard Encoding,yes,ESXi; Linux; macOS; Windows,DET0124,AN0345; AN0346; AN0347; AN0348,Application Log Content; Network Connection Creation; Network Traffic Content; Network Traffic Flow; Process Creation; Script Execution,,not-covered,0,
TA0011,Command and Control,2,T1132,Data Encoding,T1132.002,Non-Standard Encoding,yes,ESXi; Linux; macOS; Windows,DET0326,AN0927; AN0928; AN0929; AN0930,Application Log Content; Network Connection Creation; Network Traffic Content; Network Traffic Flow; Process Creation; Script Execution,,not-covered,0,
TA0011,Command and Control,2,T1205,Traffic Signaling,,,no,Linux; macOS; Network Devices; Windows,DET0524,AN1448; AN1449; AN1450; AN1451,Command Execution; Network Connection Creation; Network Traffic Content; Network Traffic Flow; Process Creation,,parent,0,
TA0011,Command and Control,2,T1205,Traffic Signaling,T1205.001,Port Knocking,yes,Linux; macOS; Network Devices; Windows,DET0302,AN0842; AN0843; AN0844; AN0845,Network Connection Creation; Network Traffic Flow; Process Creation,,not-covered,0,
TA0011,Command and Control,2,T1205,Traffic Signaling,T1205.002,Socket Filters,yes,Linux; macOS; Windows,DET0162,AN0462; AN0463; AN0464,Driver Load; Module Load; Network Connection Creation; Network Traffic Content; Process Creation; Service Creation,Driver Load; Module Load,not-covered,0,
TA0011,Command and Control,2,T1219,Remote Access Tools,,,no,Linux; macOS; Windows,DET0496,AN1366; AN1367; AN1368,File Creation; Network Connection Creation; Process Creation; Service Creation; Windows Registry Key Creation; Windows Registry Key Modification,,parent,0,
TA0011,Command and Control,2,T1219,Remote Access Tools,T1219.001,IDE Tunneling,yes,Linux; macOS; Windows,DET0133,AN0375; AN0376; AN0377,File Creation; Network Connection Creation; Process Creation,,not-covered,0,
TA0011,Command and Control,2,T1219,Remote Access Tools,T1219.002,Remote Desktop Software,yes,Linux; macOS; Windows,DET0259,AN0714; AN0715; AN0716,File Creation; Firewall Rule Modification; Network Connection Creation; Process Creation,Firewall Rule Modification,not-covered,0,
TA0011,Command and Control,2,T1219,Remote Access Tools,T1219.003,Remote Access Hardware,yes,Linux; macOS; Windows,DET0159,AN0446; AN0447; AN0448,Drive Creation,Drive Creation,blocked-telemetry,0,
TA0011,Command and Control,2,T1568,Dynamic Resolution,,,no,ESXi; Linux; macOS; Windows,DET0039,AN0109; AN0110; AN0111; AN0112,Network Connection Creation; Network Traffic Content; Network Traffic Flow; Process Creation,,parent,0,
TA0011,Command and Control,2,T1568,Dynamic Resolution,T1568.001,Fast Flux DNS,yes,Linux; macOS; Windows; ESXi,DET0485,AN1331; AN1332; AN1333; AN1334,Network Connection Creation; Network Traffic Flow; Process Creation,,not-covered,0,
TA0011,Command and Control,2,T1568,Dynamic Resolution,T1568.002,Domain Generation Algorithms,yes,ESXi; Linux; macOS; Windows,DET0419,AN1178; AN1179; AN1180; AN1181,Network Connection Creation; Network Traffic Content; Network Traffic Flow; Process Creation,,not-covered,0,
TA0011,Command and Control,2,T1568,Dynamic Resolution,T1568.003,DNS Calculation,yes,ESXi; Linux; macOS; Windows,DET0262,AN0728; AN0729; AN0730; AN0731,Network Connection Creation; Network Traffic Content; Network Traffic Flow; Process Creation,,not-covered,0,
TA0011,Command and Control,2,T1571,Non-Standard Port,,,yes,ESXi; Linux; macOS; Windows,DET0227,AN0633; AN0634; AN0635; AN0636,Application Log Content; Network Connection Creation; Network Traffic Content; Network Traffic Flow; Process Creation,,not-covered,0,
TA0011,Command and Control,2,T1572,Protocol Tunneling,,,yes,ESXi; Linux; macOS; Windows,DET0538,AN1483; AN1484; AN1485; AN1486,Application Log Content; Network Connection Creation; Network Traffic Content; Network Traffic Flow; Process Creation,,not-covered,0,
TA0011,Command and Control,2,T1573,Encrypted Channel,,,no,ESXi; Linux; macOS; Network Devices; Windows,DET0273,AN0759; AN0760; AN0761; AN0762; AN0763,Application Log Content; Module Load; Network Connection Creation; Network Traffic Content; Network Traffic Flow; Process Creation,Module Load,parent,0,
TA0011,Command and Control,2,T1573,Encrypted Channel,T1573.001,Symmetric Cryptography,yes,ESXi; Linux; macOS; Network Devices; Windows,DET0143,AN0400; AN0401; AN0402; AN0403; AN0404,Application Log Content; Module Load; Network Connection Creation; Network Traffic Content; Network Traffic Flow; Process Creation,Module Load,not-covered,0,
TA0011,Command and Control,2,T1573,Encrypted Channel,T1573.002,Asymmetric Cryptography,yes,ESXi; Linux; macOS; Network Devices; Windows,DET0543,AN1496; AN1497; AN1498; AN1499; AN1500,Application Log Content; Module Load; Network Connection Creation; Network Traffic Content; Network Traffic Flow; Process Creation,Module Load,not-covered,0,
TA0011,Command and Control,2,T1659,Content Injection,,,yes,Linux; macOS; Windows,DET0349,AN0992; AN0993; AN0994,Command Execution; File Creation; Network Traffic Content; Process Creation,,not-covered,0,
TA0011,Command and Control,2,T1665,Hide Infrastructure,,,yes,ESXi; Linux; macOS; Network Devices; Windows,DET0411,AN1148; AN1149; AN1150; AN1151; AN1152,Domain Registration; Network Connection Creation; Network Traffic Content; Process Creation; Response Content; Response Metadata,Domain Registration; Response Content; Response Metadata,blocked-telemetry,0,
TA0040,Impact,,T1485,Data Destruction,,,no,Containers; ESXi; IaaS; Linux; macOS; Windows,DET0146,AN0411; AN0412; AN0413; AN0414; AN0415; AN0416,Cloud Storage Deletion; Command Execution; File Creation; File Deletion; Process Creation; Process Termination; Volume Deletion,Cloud Storage Deletion; Process Termination; Volume Deletion,parent,0,
TA0040,Impact,,T1485,Data Destruction,T1485.001,Lifecycle-Triggered Deletion,yes,IaaS,DET0041,AN0117,Cloud Storage Modification,Cloud Storage Modification,out-of-scope,0,
TA0040,Impact,,T1486,Data Encrypted for Impact,,,yes,ESXi; IaaS; Linux; macOS; Windows,DET0215,AN0602; AN0603; AN0604; AN0605; AN0606,Cloud Storage Modification; Command Execution; File Creation; File Modification; Process Creation,Cloud Storage Modification,not-covered,0,
TA0040,Impact,,T1489,Service Stop,,,yes,ESXi; IaaS; Linux; macOS; Windows,DET0021,AN0061; AN0062; AN0063; AN0064,File Deletion; Logon Session Metadata; Process Creation; Process Termination; Service Creation; Service Metadata,Process Termination,not-covered,0,
TA0040,Impact,,T1490,Inhibit System Recovery,,,yes,Containers; ESXi; IaaS; Linux; macOS; Network Devices; Windows,DET0329,AN0933; AN0934; AN0935; AN0936; AN0937,Cloud Storage Deletion; Command Execution; File Deletion; Process Creation; Service Metadata; Snapshot Deletion; Windows Registry Key Modification,Cloud Storage Deletion; Snapshot Deletion,not-covered,0,
TA0040,Impact,,T1491,Defacement,,,no,Windows; IaaS; Linux; macOS; ESXi,DET0238,AN0662; AN0663; AN0664; AN0665; AN0666,Application Log Content; Cloud Storage Access; File Creation; File Modification; Network Traffic Content; Process Creation,Cloud Storage Access,parent,0,
TA0040,Impact,,T1491,Defacement,T1491.001,Internal Defacement,yes,ESXi; Linux; macOS; Windows,DET0082,AN0229; AN0230; AN0231; AN0232,Command Execution; File Access; File Creation; File Modification; Process Creation; Script Execution; User Account Modification,,not-covered,0,
TA0040,Impact,,T1491,Defacement,T1491.002,External Defacement,yes,Windows; IaaS; Linux; macOS,DET0590,AN1622; AN1623; AN1624; AN1625,Cloud Storage Access; Cloud Storage Enumeration; File Creation; File Modification; Logon Session Metadata; Network Traffic Content; Process Creation,Cloud Storage Access; Cloud Storage Enumeration,not-covered,0,
TA0040,Impact,,T1495,Firmware Corruption,,,yes,Linux; macOS; Network Devices; Windows,DET0167,AN0474; AN0475; AN0476; AN0477,Driver Load; Firmware Modification; Network Traffic Content; Process Creation,Driver Load; Firmware Modification,blocked-telemetry,0,
TA0040,Impact,,T1496,Resource Hijacking,,,no,Windows; IaaS; Linux; macOS; Containers; SaaS,DET0267,AN0741; AN0742; AN0743; AN0744; AN0745; AN0746,Application Log Content; Cloud Service Modification; Host Status; Instance Start; Network Connection Creation; Network Traffic Content; Network Traffic Flow; Process Creation,Cloud Service Modification; Host Status; Instance Start,parent,0,
TA0040,Impact,,T1496,Resource Hijacking,T1496.001,Compute Hijacking,yes,Windows; IaaS; Linux; macOS; Containers,DET0540,AN1489; AN1490; AN1491; AN1492; AN1493,Container Creation; Host Status; Instance Start; Network Connection Creation; Network Traffic Content; Network Traffic Flow; Process Creation; Scheduled Job Creation,Container Creation; Host Status; Instance Start,not-covered,0,
TA0040,Impact,,T1496,Resource Hijacking,T1496.002,Bandwidth Hijacking,yes,Linux; Windows; macOS; IaaS; Containers,DET0028,AN0080; AN0081; AN0082; AN0083; AN0084,Instance Start; Network Connection Creation; Network Traffic Content; Network Traffic Flow; Process Creation,Instance Start,not-covered,0,
TA0040,Impact,,T1496,Resource Hijacking,T1496.003,SMS Pumping,yes,SaaS,DET0156,AN0443,Application Log Content; User Account Authentication,,out-of-scope,0,
TA0040,Impact,,T1496,Resource Hijacking,T1496.004,Cloud Service Hijacking,yes,SaaS,DET0147,AN0417,Application Log Content; Cloud Service Modification; User Account Metadata,Cloud Service Modification,out-of-scope,0,
TA0040,Impact,,T1498,Network Denial of Service,,,no,Windows; IaaS; Linux; macOS; Containers,DET0518,AN1434; AN1435,Network Connection Creation; Network Traffic Flow; Process Creation,,parent,0,
TA0040,Impact,,T1498,Network Denial of Service,T1498.001,Direct Network Flood,yes,Windows; IaaS; Linux; macOS,DET0343,AN0969; AN0970; AN0971; AN0972,Host Status; Network Connection Creation; Network Traffic Flow; Process Creation,Host Status,not-covered,0,
TA0040,Impact,,T1498,Network Denial of Service,T1498.002,Reflection Amplification,yes,Windows; IaaS; Linux; macOS,DET0408,AN1140; AN1141; AN1142; AN1143,Command Execution; Firewall Rule Modification; Host Status; Network Connection Creation; Network Traffic Flow; Process Creation,Firewall Rule Modification; Host Status,not-covered,0,
TA0040,Impact,,T1499,Endpoint Denial of Service,,,no,Windows; Linux; macOS; Containers; IaaS,DET0208,AN0584; AN0585; AN0586; AN0587; AN0588,Application Log Content; Host Status; Instance Start; Network Traffic Flow; Process Creation,Host Status; Instance Start,parent,0,
TA0040,Impact,,T1499,Endpoint Denial of Service,T1499.001,OS Exhaustion Flood,yes,Linux; macOS; Windows,DET0356,AN1012; AN1013; AN1014,Host Status; Network Traffic Content; Network Traffic Flow; Process Creation,Host Status,blocked-telemetry,0,
TA0040,Impact,,T1499,Endpoint Denial of Service,T1499.002,Service Exhaustion Flood,yes,Windows; IaaS; Linux; macOS,DET0173,AN0489; AN0490; AN0491; AN0492,Application Log Content; Firewall Rule Modification; Host Status; Network Connection Creation; Network Traffic Content; Network Traffic Flow; Process Access,Firewall Rule Modification; Host Status; Process Access,blocked-telemetry,0,
TA0040,Impact,,T1499,Endpoint Denial of Service,T1499.003,Application Exhaustion Flood,yes,Windows; IaaS; Linux; macOS,DET0415,AN1165; AN1166; AN1167; AN1168,Application Log Content; Cloud Service Metadata; Host Status; Network Traffic Content; Process Creation,Cloud Service Metadata; Host Status,not-covered,0,
TA0040,Impact,,T1499,Endpoint Denial of Service,T1499.004,Application or System Exploitation,yes,Windows; IaaS; Linux; macOS,DET0304,AN0850; AN0851; AN0852; AN0853,Application Log Content; Instance Stop; Network Traffic Content; Process Creation; Process Termination; Service Creation,Instance Stop; Process Termination,not-covered,0,
TA0040,Impact,,T1529,System Shutdown/Reboot,,,yes,ESXi; Linux; macOS; Network Devices; Windows,DET0559,AN1538; AN1539; AN1540; AN1541; AN1542,Command Execution; Host Status; Process Creation,Host Status,blocked-telemetry,0,
TA0040,Impact,,T1531,Account Access Removal,,,yes,Linux; macOS; Windows; SaaS; IaaS; Office Suite; ESXi,DET0120,AN0334; AN0335; AN0336; AN0337; AN0338; AN0339,Command Execution; Process Creation; User Account Authentication; User Account Deletion; User Account Modification,User Account Deletion,not-covered,0,
TA0040,Impact,,T1561,Disk Wipe,,,no,Linux; macOS; Windows; Network Devices,DET0137,AN0384; AN0385; AN0386; AN0387,Command Execution; Drive Access; Drive Modification; Driver Load; Process Creation; User Account Authentication; User Account Metadata,Drive Access; Drive Modification; Driver Load,parent,0,
TA0040,Impact,,T1561,Disk Wipe,T1561.001,Disk Content Wipe,yes,Linux; macOS; Network Devices; Windows,DET0316,AN0882; AN0883; AN0884; AN0885,Command Execution; Drive Access; Drive Modification; Driver Load; Process Creation; User Account Authentication; User Account Metadata,Drive Access; Drive Modification; Driver Load,blocked-telemetry,0,
TA0040,Impact,,T1561,Disk Wipe,T1561.002,Disk Structure Wipe,yes,Linux; macOS; Network Devices; Windows,DET0297,AN0827; AN0828; AN0829; AN0830,Command Execution; Drive Access; Drive Modification; Driver Load; Process Creation; User Account Authentication; User Account Metadata,Drive Access; Drive Modification; Driver Load,blocked-telemetry,0,
TA0040,Impact,,T1565,Data Manipulation,,,no,Linux; macOS; Windows,DET0059,AN0162; AN0163; AN0164,File Access; File Creation; File Metadata; File Modification; Network Traffic Content; OS API Execution,OS API Execution,parent,0,
TA0040,Impact,,T1565,Data Manipulation,T1565.001,Stored Data Manipulation,yes,Linux; macOS; Windows,DET0193,AN0555; AN0556; AN0557,File Creation; File Deletion; File Metadata; File Modification,,not-covered,0,
TA0040,Impact,,T1565,Data Manipulation,T1565.002,Transmitted Data Manipulation,yes,Linux; macOS; Windows,DET0254,AN0702; AN0703; AN0704,File Metadata; Network Connection Creation; Network Traffic Content; Network Traffic Flow; OS API Execution,OS API Execution,not-covered,0,
TA0040,Impact,,T1565,Data Manipulation,T1565.003,Runtime Data Manipulation,yes,Linux; macOS; Windows,DET0391,AN1097; AN1098; AN1099,File Creation; File Metadata; File Modification; OS API Execution; Windows Registry Key Modification,OS API Execution,not-covered,0,
TA0040,Impact,,T1657,Financial Theft,,,yes,Linux; macOS; Office Suite; SaaS; Windows,DET0495,AN1361; AN1362; AN1363; AN1364; AN1365,Application Log Content; Command Execution; File Modification; Logon Session Creation; Process Creation,,not-covered,0,
TA0040,Impact,,T1667,Email Bombing,,,yes,Linux; Office Suite; Windows; macOS,DET0355,AN1008; AN1009; AN1010; AN1011,Application Log Content; File Creation,,not-covered,0,
TA0042,Resource Development,,T1583,Acquire Infrastructure,,,no,PRE,DET0895,AN2027,Active DNS; Domain Registration; Passive DNS; Response Content; Response Metadata,Active DNS; Domain Registration; Passive DNS; Response Content; Response Metadata,parent,0,
TA0042,Resource Development,,T1583,Acquire Infrastructure,T1583.001,Domains,yes,PRE,DET0892,AN2024,Active DNS; Domain Registration; Passive DNS,Active DNS; Domain Registration; Passive DNS,out-of-scope,0,
TA0042,Resource Development,,T1583,Acquire Infrastructure,T1583.002,DNS Server,yes,PRE,DET0862,AN1994,,,out-of-scope,0,
TA0042,Resource Development,,T1583,Acquire Infrastructure,T1583.003,Virtual Private Server,yes,PRE,DET0838,AN1970,Response Content; Response Metadata,Response Content; Response Metadata,out-of-scope,0,
TA0042,Resource Development,,T1583,Acquire Infrastructure,T1583.004,Server,yes,PRE,DET0871,AN2003,Response Content; Response Metadata,Response Content; Response Metadata,out-of-scope,0,
TA0042,Resource Development,,T1583,Acquire Infrastructure,T1583.005,Botnet,yes,PRE,DET0837,AN1969,,,out-of-scope,0,
TA0042,Resource Development,,T1583,Acquire Infrastructure,T1583.006,Web Services,yes,PRE,DET0896,AN2028,Response Content,Response Content,out-of-scope,0,
TA0042,Resource Development,,T1583,Acquire Infrastructure,T1583.007,Serverless,yes,PRE,DET0829,AN1961,Response Content,Response Content,out-of-scope,0,
TA0042,Resource Development,,T1583,Acquire Infrastructure,T1583.008,Malvertising,yes,PRE,DET0836,AN1968,Response Content,Response Content,out-of-scope,0,
TA0042,Resource Development,,T1584,Compromise Infrastructure,,,no,PRE,DET0885,AN2017,Active DNS; Domain Registration; Passive DNS; Response Content; Response Metadata,Active DNS; Domain Registration; Passive DNS; Response Content; Response Metadata,parent,0,
TA0042,Resource Development,,T1584,Compromise Infrastructure,T1584.001,Domains,yes,PRE,DET0863,AN1995,Active DNS; Domain Registration; Passive DNS,Active DNS; Domain Registration; Passive DNS,out-of-scope,0,
TA0042,Resource Development,,T1584,Compromise Infrastructure,T1584.002,DNS Server,yes,PRE,DET0891,AN2023,Active DNS; Passive DNS,Active DNS; Passive DNS,out-of-scope,0,
TA0042,Resource Development,,T1584,Compromise Infrastructure,T1584.003,Virtual Private Server,yes,PRE,DET0854,AN1986,Response Content; Response Metadata,Response Content; Response Metadata,out-of-scope,0,
TA0042,Resource Development,,T1584,Compromise Infrastructure,T1584.004,Server,yes,PRE,DET0874,AN2006,Response Content; Response Metadata,Response Content; Response Metadata,out-of-scope,0,
TA0042,Resource Development,,T1584,Compromise Infrastructure,T1584.005,Botnet,yes,PRE,DET0883,AN2015,,,out-of-scope,0,
TA0042,Resource Development,,T1584,Compromise Infrastructure,T1584.006,Web Services,yes,PRE,DET0882,AN2014,Response Content,Response Content,out-of-scope,0,
TA0042,Resource Development,,T1584,Compromise Infrastructure,T1584.007,Serverless,yes,PRE,DET0864,AN1996,Response Content,Response Content,out-of-scope,0,
TA0042,Resource Development,,T1584,Compromise Infrastructure,T1584.008,Network Devices,yes,PRE,DET0859,AN1991,Response Content,Response Content,out-of-scope,0,
TA0042,Resource Development,,T1585,Establish Accounts,,,no,PRE,DET0873,AN2005,Network Traffic Content; Social Media,Social Media,parent,0,
TA0042,Resource Development,,T1585,Establish Accounts,T1585.001,Social Media Accounts,yes,PRE,DET0851,AN1983,Network Traffic Content; Social Media,Social Media,out-of-scope,0,
TA0042,Resource Development,,T1585,Establish Accounts,T1585.002,Email Accounts,yes,PRE,DET0835,AN1967,,,out-of-scope,0,
TA0042,Resource Development,,T1585,Establish Accounts,T1585.003,Cloud Accounts,yes,PRE,DET0846,AN1978,,,out-of-scope,0,
TA0042,Resource Development,,T1586,Compromise Accounts,,,no,PRE,DET0876,AN2008,Network Traffic Content; Social Media,Social Media,parent,0,
TA0042,Resource Development,,T1586,Compromise Accounts,T1586.001,Social Media Accounts,yes,PRE,DET0870,AN2002,Network Traffic Content; Social Media,Social Media,out-of-scope,0,
TA0042,Resource Development,,T1586,Compromise Accounts,T1586.002,Email Accounts,yes,PRE,DET0861,AN1993,,,out-of-scope,0,
TA0042,Resource Development,,T1586,Compromise Accounts,T1586.003,Cloud Accounts,yes,PRE,DET0879,AN2011,,,out-of-scope,0,
TA0042,Resource Development,,T1587,Develop Capabilities,,,no,PRE,DET0853,AN1985,Malware Content; Malware Metadata; Response Content,Malware Content; Malware Metadata; Response Content,parent,0,
TA0042,Resource Development,,T1587,Develop Capabilities,T1587.001,Malware,yes,PRE,DET0872,AN2004,Malware Content; Malware Metadata,Malware Content; Malware Metadata,out-of-scope,0,
TA0042,Resource Development,,T1587,Develop Capabilities,T1587.002,Code Signing Certificates,yes,PRE,DET0833,AN1965,Malware Metadata,Malware Metadata,out-of-scope,0,
TA0042,Resource Development,,T1587,Develop Capabilities,T1587.003,Digital Certificates,yes,PRE,DET0844,AN1976,Response Content,Response Content,out-of-scope,0,
TA0042,Resource Development,,T1587,Develop Capabilities,T1587.004,Exploits,yes,PRE,DET0894,AN2026,,,out-of-scope,0,
TA0042,Resource Development,,T1588,Obtain Capabilities,,,no,PRE,DET0850,AN1982,Certificate Registration; Malware Content; Malware Metadata; Response Content,Certificate Registration; Malware Content; Malware Metadata; Response Content,parent,0,
TA0042,Resource Development,,T1588,Obtain Capabilities,T1588.001,Malware,yes,PRE,DET0845,AN1977,Malware Content; Malware Metadata,Malware Content; Malware Metadata,out-of-scope,0,
TA0042,Resource Development,,T1588,Obtain Capabilities,T1588.002,Tool,yes,PRE,DET0852,AN1984,Malware Metadata,Malware Metadata,out-of-scope,0,
TA0042,Resource Development,,T1588,Obtain Capabilities,T1588.003,Code Signing Certificates,yes,PRE,DET0875,AN2007,Malware Metadata,Malware Metadata,out-of-scope,0,
TA0042,Resource Development,,T1588,Obtain Capabilities,T1588.004,Digital Certificates,yes,PRE,DET0848,AN1980,Certificate Registration; Response Content,Certificate Registration; Response Content,out-of-scope,0,
TA0042,Resource Development,,T1588,Obtain Capabilities,T1588.005,Exploits,yes,PRE,DET0827,AN1959,,,out-of-scope,0,
TA0042,Resource Development,,T1588,Obtain Capabilities,T1588.006,Vulnerabilities,yes,PRE,DET0808,AN1940,,,out-of-scope,0,
TA0042,Resource Development,,T1588,Obtain Capabilities,T1588.007,Artificial Intelligence,yes,PRE,DET0842,AN1974,,,out-of-scope,0,
TA0042,Resource Development,,T1608,Stage Capabilities,,,no,PRE,DET0839,AN1971,Response Content,Response Content,parent,0,
TA0042,Resource Development,,T1608,Stage Capabilities,T1608.001,Upload Malware,yes,PRE,DET0824,AN1956,Response Content,Response Content,out-of-scope,0,
TA0042,Resource Development,,T1608,Stage Capabilities,T1608.002,Upload Tool,yes,PRE,DET0834,AN1966,Response Content,Response Content,out-of-scope,0,
TA0042,Resource Development,,T1608,Stage Capabilities,T1608.003,Install Digital Certificate,yes,PRE,DET0840,AN1972,Response Content,Response Content,out-of-scope,0,
TA0042,Resource Development,,T1608,Stage Capabilities,T1608.004,Drive-by Target,yes,PRE,DET0825,AN1957,Response Content,Response Content,out-of-scope,0,
TA0042,Resource Development,,T1608,Stage Capabilities,T1608.005,Link Target,yes,PRE,DET0893,AN2025,Response Content,Response Content,out-of-scope,0,
TA0042,Resource Development,,T1608,Stage Capabilities,T1608.006,SEO Poisoning,yes,PRE,DET0881,AN2013,Response Content,Response Content,out-of-scope,0,
TA0042,Resource Development,,T1650,Acquire Access,,,yes,PRE,DET0884,AN2016,,,out-of-scope,0,
TA0042,Resource Development,,T1683,Generate Content,,,no,PRE,DET0916,AN2059,,,parent,0,
TA0042,Resource Development,,T1683,Generate Content,T1683.001,Written Content,yes,PRE,DET0917,AN2060,,,out-of-scope,0,
TA0042,Resource Development,,T1683,Generate Content,T1683.002,Audio-Visual Content,yes,PRE,DET0918,AN2061,,,out-of-scope,0,
TA0043,Reconnaissance,,T1589,Gather Victim Identity Information,,,no,PRE,DET0841,AN1973,Network Traffic Content,,parent,0,
TA0043,Reconnaissance,,T1589,Gather Victim Identity Information,T1589.001,Credentials,yes,PRE,DET0813,AN1945,,,out-of-scope,0,
TA0043,Reconnaissance,,T1589,Gather Victim Identity Information,T1589.002,Email Addresses,yes,PRE,DET0814,AN1946,Network Traffic Content,,out-of-scope,0,
TA0043,Reconnaissance,,T1589,Gather Victim Identity Information,T1589.003,Employee Names,yes,PRE,DET0857,AN1989,,,out-of-scope,0,
TA0043,Reconnaissance,,T1590,Gather Victim Network Information,,,no,PRE,DET0869,AN2001,,,parent,0,
TA0043,Reconnaissance,,T1590,Gather Victim Network Information,T1590.001,Domain Properties,yes,PRE,DET0847,AN1979,,,out-of-scope,0,
TA0043,Reconnaissance,,T1590,Gather Victim Network Information,T1590.002,DNS,yes,PRE,DET0843,AN1975,,,out-of-scope,0,
TA0043,Reconnaissance,,T1590,Gather Victim Network Information,T1590.003,Network Trust Dependencies,yes,PRE,DET0828,AN1960,,,out-of-scope,0,
TA0043,Reconnaissance,,T1590,Gather Victim Network Information,T1590.004,Network Topology,yes,PRE,DET0819,AN1951,,,out-of-scope,0,
TA0043,Reconnaissance,,T1590,Gather Victim Network Information,T1590.005,IP Addresses,yes,PRE,DET0815,AN1947,,,out-of-scope,0,
TA0043,Reconnaissance,,T1590,Gather Victim Network Information,T1590.006,Network Security Appliances,yes,PRE,DET0889,AN2021,,,out-of-scope,0,
TA0043,Reconnaissance,,T1591,Gather Victim Org Information,,,no,PRE,DET0890,AN2022,,,parent,0,
TA0043,Reconnaissance,,T1591,Gather Victim Org Information,T1591.001,Determine Physical Locations,yes,PRE,DET0806,AN1938,,,out-of-scope,0,
TA0043,Reconnaissance,,T1591,Gather Victim Org Information,T1591.002,Business Relationships,yes,PRE,DET0855,AN1987,,,out-of-scope,0,
TA0043,Reconnaissance,,T1591,Gather Victim Org Information,T1591.003,Identify Business Tempo,yes,PRE,DET0849,AN1981,,,out-of-scope,0,
TA0043,Reconnaissance,,T1591,Gather Victim Org Information,T1591.004,Identify Roles,yes,PRE,DET0807,AN1939,,,out-of-scope,0,
TA0043,Reconnaissance,,T1592,Gather Victim Host Information,,,no,PRE,DET0826,AN1958,Response Content,Response Content,parent,0,
TA0043,Reconnaissance,,T1592,Gather Victim Host Information,T1592.001,Hardware,yes,PRE,DET0887,AN2019,Response Content,Response Content,out-of-scope,0,
TA0043,Reconnaissance,,T1592,Gather Victim Host Information,T1592.002,Software,yes,PRE,DET0888,AN2020,Response Content,Response Content,out-of-scope,0,
TA0043,Reconnaissance,,T1592,Gather Victim Host Information,T1592.003,Firmware,yes,PRE,DET0818,AN1950,,,out-of-scope,0,
TA0043,Reconnaissance,,T1592,Gather Victim Host Information,T1592.004,Client Configurations,yes,PRE,DET0820,AN1952,Response Content,Response Content,out-of-scope,0,
TA0043,Reconnaissance,,T1593,Search Open Websites/Domains,,,no,PRE,DET0856,AN1988,,,parent,0,
TA0043,Reconnaissance,,T1593,Search Open Websites/Domains,T1593.001,Social Media,yes,PRE,DET0812,AN1944,,,out-of-scope,0,
TA0043,Reconnaissance,,T1593,Search Open Websites/Domains,T1593.002,Search Engines,yes,PRE,DET0811,AN1943,,,out-of-scope,0,
TA0043,Reconnaissance,,T1593,Search Open Websites/Domains,T1593.003,Code Repositories,yes,PRE,DET0805,AN1937,,,out-of-scope,0,
TA0043,Reconnaissance,,T1594,Search Victim-Owned Websites,,,yes,PRE,DET0810,AN1942,Application Log Content,,out-of-scope,0,
TA0043,Reconnaissance,,T1595,Active Scanning,,,no,PRE,DET0830,AN1962,Network Traffic Content; Network Traffic Flow,,parent,0,
TA0043,Reconnaissance,,T1595,Active Scanning,T1595.001,Scanning IP Blocks,yes,PRE,DET0817,AN1949,Network Traffic Content; Network Traffic Flow,,out-of-scope,0,
TA0043,Reconnaissance,,T1595,Active Scanning,T1595.002,Vulnerability Scanning,yes,PRE,DET0867,AN1999,Network Traffic Content; Network Traffic Flow,,out-of-scope,0,
TA0043,Reconnaissance,,T1595,Active Scanning,T1595.003,Wordlist Scanning,yes,PRE,DET0868,AN2000,Network Traffic Content,,out-of-scope,0,
TA0043,Reconnaissance,,T1596,Search Open Technical Databases,,,no,PRE,DET0860,AN1992,,,parent,0,
TA0043,Reconnaissance,,T1596,Search Open Technical Databases,T1596.001,DNS/Passive DNS,yes,PRE,DET0877,AN2009,,,out-of-scope,0,
TA0043,Reconnaissance,,T1596,Search Open Technical Databases,T1596.002,WHOIS,yes,PRE,DET0832,AN1964,,,out-of-scope,0,
TA0043,Reconnaissance,,T1596,Search Open Technical Databases,T1596.003,Digital Certificates,yes,PRE,DET0831,AN1963,,,out-of-scope,0,
TA0043,Reconnaissance,,T1596,Search Open Technical Databases,T1596.004,CDNs,yes,PRE,DET0809,AN1941,,,out-of-scope,0,
TA0043,Reconnaissance,,T1596,Search Open Technical Databases,T1596.005,Scan Databases,yes,PRE,DET0858,AN1990,,,out-of-scope,0,
TA0043,Reconnaissance,,T1597,Search Closed Sources,,,no,PRE,DET0822,AN1954,,,parent,0,
TA0043,Reconnaissance,,T1597,Search Closed Sources,T1597.001,Threat Intel Vendors,yes,PRE,DET0816,AN1948,,,out-of-scope,0,
TA0043,Reconnaissance,,T1597,Search Closed Sources,T1597.002,Purchase Technical Data,yes,PRE,DET0880,AN2012,,,out-of-scope,0,
TA0043,Reconnaissance,,T1598,Phishing for Information,,,no,PRE,DET0823,AN1955,Application Log Content; Network Traffic Content; Network Traffic Flow,,parent,0,
TA0043,Reconnaissance,,T1598,Phishing for Information,T1598.001,Spearphishing Service,yes,PRE,DET0821,AN1953,Application Log Content; Network Traffic Content; Network Traffic Flow,,out-of-scope,0,
TA0043,Reconnaissance,,T1598,Phishing for Information,T1598.002,Spearphishing Attachment,yes,PRE,DET0865,AN1997,Application Log Content; Network Traffic Content; Network Traffic Flow,,out-of-scope,0,
TA0043,Reconnaissance,,T1598,Phishing for Information,T1598.003,Spearphishing Link,yes,PRE,DET0878,AN2010,Application Log Content; Network Traffic Content; Network Traffic Flow,,out-of-scope,0,
TA0043,Reconnaissance,,T1598,Phishing for Information,T1598.004,Spearphishing Voice,yes,PRE,DET0886,AN2018,Application Log Content,,out-of-scope,0,
TA0043,Reconnaissance,,T1681,Search Threat Vendor Data,,,yes,PRE,DET0866,AN1998,,,out-of-scope,0,
TA0043,Reconnaissance,,T1682,Query Public AI Services,,,yes,PRE,DET0919,AN2062,,,out-of-scope,0,
TA0112,Defense Impairment,1,T1112,Modify Registry,,,yes,Windows,DET0280,AN0781,Process Creation; Windows Registry Key Modification,,covered,1,techniques/T1112-modify-registry/security-control-registry-values-weakened.yaml
TA0112,Defense Impairment,1,T1207,Rogue Domain Controller,,,yes,Windows,DET0276,AN0770,Active Directory Credential Request; Active Directory Object Access; Active Directory Object Creation; Active Directory Object Modification; Network Traffic Content,,not-covered,0,
TA0112,Defense Impairment,1,T1222,File and Directory Permissions Modification,,,no,ESXi; Linux; macOS; Windows,DET0299,AN0834; AN0835; AN0836; AN0837,Active Directory Object Modification; Command Execution; File Creation; File Metadata; Process Creation,,parent,0,
TA0112,Defense Impairment,1,T1222,File and Directory Permissions Modification,T1222.001,Windows Permissions,yes,Windows,DET0418,AN1177,Active Directory Object Modification; Command Execution; File Creation; File Metadata; Process Creation; WMI Creation,,covered,1,techniques/T1222-file-and-directory-permissions-modification/T1222.001-windows-permissions/permissions-relaxed-on-a-protected-path.yaml
TA0112,Defense Impairment,1,T1222,File and Directory Permissions Modification,T1222.002,Linux and Mac Permissions,yes,Linux; macOS,DET0351,AN0998; AN0999,Command Execution; File Metadata; File Modification; Process Creation,,not-covered,0,
TA0112,Defense Impairment,1,T1484,Domain or Tenant Policy Modification,,,no,Windows; Identity Provider,DET0270,AN0755; AN0756,Active Directory Object Modification; Application Log Content; File Modification; Process Creation; User Account Authentication,,parent,0,
TA0112,Defense Impairment,1,T1484,Domain or Tenant Policy Modification,T1484.001,Group Policy Modification,yes,Windows,DET0305,AN0854,Active Directory Object Modification; File Creation; File Modification; Process Creation; User Account Modification,,covered,1,techniques/T1484-domain-or-tenant-policy-modification/T1484.001-group-policy-modification/group-policy-modified-to-distribute-execution.yaml
TA0112,Defense Impairment,1,T1484,Domain or Tenant Policy Modification,T1484.002,Trust Modification,yes,Identity Provider; Windows,DET0458,AN1259; AN1260,Active Directory Object Modification; Application Log Content; Command Execution; Process Creation; User Account Modification,,not-covered,0,
TA0112,Defense Impairment,1,T1553,Subvert Trust Controls,,,no,Linux; macOS; Windows,DET0452,AN1246; AN1247; AN1248,Command Execution; File Creation; File Metadata; Process Creation; Windows Registry Key Modification,,parent,0,
TA0112,Defense Impairment,1,T1553,Subvert Trust Controls,T1553.001,Gatekeeper Bypass,yes,macOS,DET0288,AN0800,File Metadata; File Modification; Process Creation,,not-covered,0,
TA0112,Defense Impairment,1,T1553,Subvert Trust Controls,T1553.002,Code Signing,yes,macOS; Windows,DET0230,AN0643; AN0644,File Metadata; Module Load; Process Creation,Module Load,not-covered,0,
TA0112,Defense Impairment,1,T1553,Subvert Trust Controls,T1553.003,SIP and Trust Provider Hijacking,yes,Windows,DET0442,AN1222,File Modification; Module Load; Windows Registry Key Modification,Module Load,blocked-telemetry,0,
TA0112,Defense Impairment,1,T1553,Subvert Trust Controls,T1553.004,Install Root Certificate,yes,Linux; macOS; Windows,DET0056,AN0153; AN0154; AN0155,Command Execution; File Modification; Process Creation; Windows Registry Key Creation; Windows Registry Key Modification,,covered,1,techniques/T1553-subvert-trust-controls/T1553.004-install-root-certificate/root-certificate-installed.yaml
TA0112,Defense Impairment,1,T1553,Subvert Trust Controls,T1553.005,Mark-of-the-Web Bypass,yes,Windows,DET0257,AN0712,File Access; File Creation; File Metadata,,covered,1,techniques/T1553-subvert-trust-controls/T1553.005-mark-of-the-web-bypass/container-file-used-to-strip-mark-of-the-web.yaml
TA0112,Defense Impairment,1,T1553,Subvert Trust Controls,T1553.006,Code Signing Policy Modification,yes,macOS; Windows,DET0523,AN1446; AN1447,Command Execution; Process Creation; Windows Registry Key Modification,,covered,1,techniques/T1553-subvert-trust-controls/T1553.006-code-signing-policy-modification/signature-enforcement-policy-weakened.yaml
TA0112,Defense Impairment,1,T1556,Modify Authentication Process,,,no,IaaS; Identity Provider; Linux; macOS; Network Devices; Office Suite; SaaS; Windows,DET0104,AN0287; AN0288; AN0289; AN0290; AN0291,Cloud Service Modification; File Modification; Module Load; Process Access; Process Creation; User Account Modification; Windows Registry Key Modification,Cloud Service Modification; Module Load; Process Access,parent,0,
TA0112,Defense Impairment,1,T1556,Modify Authentication Process,T1556.001,Domain Controller Authentication,yes,Windows,DET0271,AN0757,File Modification; Logon Session Creation; Module Load; Process Access,Module Load; Process Access,blocked-telemetry,0,
TA0112,Defense Impairment,1,T1556,Modify Authentication Process,T1556.002,Password Filter DLL,yes,Windows,DET0472,AN1303,File Creation; Module Load; Windows Registry Key Modification,Module Load,blocked-telemetry,0,
TA0112,Defense Impairment,1,T1556,Modify Authentication Process,T1556.003,Pluggable Authentication Modules,yes,Linux; macOS,DET0454,AN1250; AN1251,File Modification; Logon Session Creation; Process Creation,,not-covered,0,
TA0112,Defense Impairment,1,T1556,Modify Authentication Process,T1556.004,Network Device Authentication,yes,Network Devices,DET0272,AN0758,File Modification; User Account Authentication,,out-of-scope,0,
TA0112,Defense Impairment,1,T1556,Modify Authentication Process,T1556.005,Reversible Encryption,yes,Windows,DET0589,AN1621,Active Directory Object Modification; Command Execution; Process Creation,,not-covered,0,
TA0112,Defense Impairment,1,T1556,Modify Authentication Process,T1556.006,Multi-Factor Authentication,yes,IaaS; Identity Provider; Linux; macOS; Office Suite; SaaS; Windows,DET0190,AN0543; AN0544; AN0545; AN0546; AN0547; AN0548; AN0549,Active Directory Object Modification; Application Log Content; Cloud Service Modification; File Modification; Script Execution; User Account Authentication; User Account Modification,Cloud Service Modification,not-covered,0,
TA0112,Defense Impairment,1,T1556,Modify Authentication Process,T1556.007,Hybrid Identity,yes,IaaS; Identity Provider; Office Suite; SaaS; Windows,DET0293,AN0814; AN0815; AN0816; AN0817; AN0818,Active Directory Object Modification; Application Log Content; Cloud Service Modification; Logon Session Creation; Module Load; User Account Modification,Cloud Service Modification; Module Load,blocked-telemetry,0,
TA0112,Defense Impairment,1,T1556,Modify Authentication Process,T1556.008,Network Provider DLL,yes,Windows,DET0580,AN1598,File Creation; Module Load; Process Access; Windows Registry Key Modification,Module Load; Process Access,blocked-telemetry,0,
TA0112,Defense Impairment,1,T1556,Modify Authentication Process,T1556.009,Conditional Access Policies,yes,IaaS; Identity Provider,DET0030,AN0087; AN0088,Active Directory Object Modification; Application Log Content; Cloud Service Modification,Cloud Service Modification,out-of-scope,0,
TA0112,Defense Impairment,1,T1578,Modify Cloud Compute Infrastructure,,,no,IaaS,DET0308,AN0861,Cloud Service Metadata; Instance Start; Instance Stop; Snapshot Creation; Snapshot Deletion; Snapshot Modification; Volume Creation; Volume Deletion; Volume Modification,Cloud Service Metadata; Instance Start; Instance Stop; Snapshot Creation; Snapshot Deletion; Snapshot Modification; Volume Deletion; Volume Modification,parent,0,
TA0112,Defense Impairment,1,T1578,Modify Cloud Compute Infrastructure,T1578.001,Create Snapshot,yes,IaaS,DET0423,AN1187,Snapshot Creation; Snapshot Metadata,Snapshot Creation; Snapshot Metadata,out-of-scope,0,
TA0112,Defense Impairment,1,T1578,Modify Cloud Compute Infrastructure,T1578.002,Create Cloud Instance,yes,IaaS,DET0449,AN1242,Instance Creation; Instance Metadata; Instance Start,Instance Creation; Instance Metadata; Instance Start,out-of-scope,0,
TA0112,Defense Impairment,1,T1578,Modify Cloud Compute Infrastructure,T1578.003,Delete Cloud Instance,yes,IaaS,DET0084,AN0234,Instance Deletion; Instance Metadata; Instance Stop,Instance Deletion; Instance Metadata; Instance Stop,out-of-scope,0,
TA0112,Defense Impairment,1,T1578,Modify Cloud Compute Infrastructure,T1578.004,Revert Cloud Instance,yes,IaaS,DET0337,AN0953,Instance Modification; Instance Start; Instance Stop,Instance Modification; Instance Start; Instance Stop,out-of-scope,0,
TA0112,Defense Impairment,1,T1578,Modify Cloud Compute Infrastructure,T1578.005,Modify Cloud Compute Configurations,yes,IaaS,DET0492,AN1356,Cloud Service Modification,Cloud Service Modification,out-of-scope,0,
TA0112,Defense Impairment,1,T1599,Network Boundary Bridging,,,no,Network Devices,DET0006,AN0015,Network Traffic Content; Network Traffic Flow,,parent,0,
TA0112,Defense Impairment,1,T1599,Network Boundary Bridging,T1599.001,Network Address Translation Traversal,yes,Network Devices,DET0163,AN0465,Network Traffic Content; Network Traffic Flow,,out-of-scope,0,
TA0112,Defense Impairment,1,T1600,Weaken Encryption,,,no,Network Devices,DET0339,AN0961,File Modification; Module Load; Network Traffic Content,Module Load,parent,0,
TA0112,Defense Impairment,1,T1600,Weaken Encryption,T1600.001,Reduce Key Space,yes,Network Devices,DET0243,AN0681,Command Execution; File Modification; Network Traffic Content,,out-of-scope,0,
TA0112,Defense Impairment,1,T1600,Weaken Encryption,T1600.002,Disable Crypto Hardware,yes,Network Devices,DET0494,AN1360,Command Execution; File Modification; Network Traffic Content,,out-of-scope,0,
TA0112,Defense Impairment,1,T1601,Modify System Image,,,no,Network Devices,DET0170,AN0482,Command Execution; File Modification,,parent,0,
TA0112,Defense Impairment,1,T1601,Modify System Image,T1601.001,Patch System Image,yes,Network Devices,DET0469,AN1293,Command Execution; File Modification; Firmware Modification,Firmware Modification,out-of-scope,0,
TA0112,Defense Impairment,1,T1601,Modify System Image,T1601.002,Downgrade System Image,yes,Network Devices,DET0569,AN1570,Command Execution; File Metadata; File Modification,,out-of-scope,0,
TA0112,Defense Impairment,1,T1647,Plist File Modification,,,yes,macOS,DET0109,AN0306,Command Execution; File Modification; Process Creation,,not-covered,0,
TA0112,Defense Impairment,1,T1666,Modify Cloud Resource Hierarchy,,,yes,IaaS,DET0155,AN0442,Cloud Service Modification,Cloud Service Modification,out-of-scope,0,
TA0112,Defense Impairment,1,T1685,Disable or Modify Tools,,,no,Containers; ESXi; IaaS; Linux; macOS; Network Devices; Windows,DET0497,AN1369; AN1370; AN1371; AN1372; AN1373; AN1374; AN2044,Cloud Service Modification; Command Execution; Host Status; Process Creation; Process Termination; Service Creation; Service Metadata; Service Modification; Windows Registry Key Modification,Cloud Service Modification; Host Status; Process Termination; Service Modification,parent,0,
TA0112,Defense Impairment,1,T1685,Disable or Modify Tools,T1685.001,Disable or Modify Windows Event Log,yes,Windows,DET0187,AN0535,Application Log Content; Process Creation; Service Metadata; Windows Registry Key Modification,,covered,1,techniques/T1685-disable-or-modify-tools/T1685.001-disable-or-modify-windows-event-log/event-log-service-disabled-or-channel-silenced.yaml
TA0112,Defense Impairment,1,T1685,Disable or Modify Tools,T1685.002,Disable or Modify Cloud Log,yes,IaaS; SaaS; Identity Provider; Office Suite,DET0289,AN0801; AN0802; AN0803; AN0804,Cloud Service Disable; Cloud Service Modification; User Account Modification,Cloud Service Disable; Cloud Service Modification,out-of-scope,0,
TA0112,Defense Impairment,1,T1685,Disable or Modify Tools,T1685.003,Modify or Spoof Tool UI,yes,Linux; macOS; Windows,DET0311,AN0868; AN0869; AN0870,Host Status; Process Creation; Service Creation,Host Status,not-covered,0,
TA0112,Defense Impairment,1,T1685,Disable or Modify Tools,T1685.004,Disable or Modify Linux Audit System Log,yes,Linux,DET0062,AN0171,Command Execution; File Modification; Process Modification; Service Metadata,Process Modification,blocked-telemetry,0,
TA0112,Defense Impairment,1,T1685,Disable or Modify Tools,T1685.005,Clear Windows Event Logs,yes,Windows,DET0532,AN1472,Application Log Content; File Deletion; Process Creation,,covered,1,techniques/T1685-disable-or-modify-tools/T1685.005-clear-windows-event-logs/windows-event-log-cleared.yaml
TA0112,Defense Impairment,1,T1685,Disable or Modify Tools,T1685.006,Clear Linux or Mac System Logs,yes,Linux; macOS,DET0520,AN1438; AN1439,File Deletion; File Modification; Process Creation,,not-covered,0,
TA0112,Defense Impairment,1,T1686,Disable or Modify System Firewall,,,no,ESXi; Linux; macOS; Network Devices; Windows,DET0145,AN0406; AN0407; AN0408; AN0409; AN0410,Command Execution; Firewall Rule Modification; Process Creation; Windows Registry Key Modification,Firewall Rule Modification,parent,0,
TA0112,Defense Impairment,1,T1686,Disable or Modify System Firewall,T1686.001,Cloud Firewall,yes,IaaS,DET0424,AN1188,Firewall Disable; Firewall Rule Modification,Firewall Disable; Firewall Rule Modification,out-of-scope,0,
TA0112,Defense Impairment,1,T1686,Disable or Modify System Firewall,T1686.002,Network Device Firewall,yes,Network Devices,DET0306,AN0855,Command Execution; Firewall Rule Modification; Logon Session Creation; Network Connection Creation,Firewall Rule Modification,out-of-scope,0,
TA0112,Defense Impairment,1,T1686,Disable or Modify System Firewall,T1686.003,Windows Host Firewall,yes,Windows,DET0901,AN2043,Network Connection Creation; Process Creation; Service Creation; Windows Registry Key Creation; Windows Registry Key Modification,,covered,1,techniques/T1686-disable-or-modify-system-firewall/T1686.003-windows-host-firewall/host-firewall-disabled-or-rule-added.yaml
TA0112,Defense Impairment,1,T1687,Exploitation for Defense Impairment,,,yes,IaaS; Linux; macOS; SaaS; Windows,DET0900,AN2038; AN2039; AN2040; AN2041; AN2042,Application Log Content; Cloud Service Disable; Command Execution; Driver Load; Driver Metadata; Firewall Rule Modification; Instance Modification; Network Traffic Content; Process Creation; Process Metadata; Service Metadata,Cloud Service Disable; Driver Load; Driver Metadata; Firewall Rule Modification; Instance Modification,not-covered,0,
TA0112,Defense Impairment,1,T1688,Safe Mode Boot,,,yes,Windows,DET0116,AN0323,Process Creation; Windows Registry Key Creation; Windows Registry Key Modification,,not-covered,0,
TA0112,Defense Impairment,1,T1689,Downgrade Attack,,,yes,macOS; Windows; Linux,DET0350,AN0995; AN0996; AN0997,Command Execution; Process Creation; Process Metadata; Windows Registry Key Modification,,not-covered,0,
TA0112,Defense Impairment,1,T1690,Prevent Command History Logging,,,yes,ESXi; Linux; macOS; Network Devices; Windows,DET0563,AN1555; AN1556; AN1557; AN1558; AN1559,Command Execution; Process Creation,,not-covered,0,
